-0.59,0.01,-2.89,0.09,-2.56,1.39,2.72,0.18,-5.31,-1.66,22.88,-2.77,0.57,3.36,7.88,-5.08,17.92,-0.11,3.65,1.72,5.07,-4.61,-24.63,18.06,3.13,-0.99,0.79,-1.0,-33.12,8.84,1.3,-0.05,-0.59,0.57,-26.05,5.17,0.28,0.04,-0.8,-0.15,-20.1,5.5,-0.31,-0.04,-0.94,-0.3,-12.27,5.51,-0.47,-0.01,-0.24,-0.16,-8.57,5.35,-0.15,-0.16,-0.11,0.23,-8.18,5.31,-0.2,-0.08,-0.01,0.51,-8.12,4.64,-0.23,-0.22,0.01,0.62,-8.99,5.1,-0.02,-0.2,-0.32,0.44,-8.89,3.75,-0.06,0.09,-0.29,0.75,-8.37,3.93,-0.05,0.04,-0.18,0.7,-8.26,4.21,-0.05,0.03,-0.24,0.94,-8.18,4.11,-0.25,0.01,-0.26,1.21,-8.21,5.1,-0.12,-0.21,-0.22,1.31,-8.28,5.21,-0.19,-0.18,-0.02,1.24,-8.39,4.43,0.06,-0.08,-0.18,0.96,-8.55,4.13,0.28,-0.2,0.1,0.77,-8.87,4.23,0.68,-0.34,-0.27,0.96,-8.4,3.82,-0.32,-0.09,0.18,0.96,-9.48,4.34,0.18,-0.4,-0.44,1.01,-9.2,4.93,0.03,-0.13,-0.13,1.16,-8.12,3.93,-0.13,-0.17,-0.15,1.22,-8.33,4.18,-0.06,-0.23,0.03,1.06,-8.54,4.33,0.13,-0.11,-0.12,1.28,-8.23,4.15,0.07,-0.16,0.15,1.16,-7.85,3.8,0.22,-0.12,0.07,1.25,-8.7,4.19
0.4,0.03,-3.88,0.2,-2.31,1.84,0.73,1.21,-4.89,0.47,8.4,-0.67,1.59,1.54,-0.85,0.5,20.42,2.43,2.88,1.14,4.23,-1.66,-0.67,5.66,4.37,0.02,3.62,-2.78,-19.99,11.99,2.54,-0.99,1.98,-2.09,-31.85,9.27,1.79,-0.44,0.24,-0.67,-27.92,4.98,1.26,-0.12,-0.56,-0.42,-22.65,5.78,0.16,-0.59,-0.55,-0.64,-16.32,5.71,0.01,-0.26,-0.77,-0.68,-11.5,4.29,-0.27,-0.03,-0.39,-0.16,-8.65,4.86,-0.25,-0.46,-0.15,-0.18,-8.25,5.12,-0.21,-0.4,-0.22,0.07,-8.19,4.13,-0.34,-0.15,0.23,0.21,-8.1,3.94,-0.18,-0.34,0.01,0.33,-8.46,3.94,-0.1,-0.27,-0.03,0.6,-8.24,3.86,-0.15,-0.09,0.02,0.75,-8.59,4.22,-0.19,-0.26,-0.19,0.88,-8.81,4.4,-0.13,-0.18,-0.14,1.02,-8.59,4.19,-0.14,-0.07,-0.13,0.96,-8.97,4.42,0.02,-0.27,-0.13,0.98,-8.85,4.38,-0.08,-0.18,-0.1,0.94,-8.33,3.59,0.02,0.16,-0.13,0.92,-8.33,3.87,0.01,-0.13,-0.12,0.91,-8.71,3.97,0.06,-0.0,0.08,1.01,-8.77,3.59,0.2,-0.13,-0.06,1.06,-9.11,4.44,0.31,-0.45,-0.42,1.17,-8.85,4.37,-0.01,-0.29,-0.24,1.18,-8.64,3.67,0.02,-0.03,-0.22,1.62,-9.21,4.34,0.0,-0.29,-0.08,1.41,-8.78,4.5
-0.74,0.07,-3.54,1.64,-3.84,2.63,0.79,0.43,-5.35,0.41,9.21,0.91,1.83,1.21,0.35,-0.04,20.72,-0.29,2.95,1.02,5.71,-3.4,3.5,7.05,5.27,-0.88,3.31,-4.46,-23.52,10.93,3.79,-0.73,2.21,-2.48,-28.14,8.77,1.89,-0.76,0.52,-1.29,-27.66,5.85,0.9,-0.41,-0.25,-1.22,-23.75,4.72,0.31,0.15,-0.97,-1.01,-19.04,4.15,-0.36,0.08,-0.69,-0.65,-11.46,6.24,-0.6,-0.2,-0.25,-0.42,-8.68,5.81,-0.44,-0.16,0.01,-0.52,-8.32,4.45,-0.39,-0.09,0.05,-0.31,-7.95,4.5,-0.15,-0.06,-0.07,0.06,-8.01,4.22,-0.23,0.07,-0.1,0.22,-8.34,3.97,-0.16,0.14,-0.07,0.31,-8.29,4.39,-0.21,-0.11,-0.15,0.28,-8.7,4.18,-0.03,0.06,-0.18,0.27,-8.77,3.9,-0.15,-0.09,-0.16,0.42,-8.48,4.57,-0.09,0.03,-0.05,0.52,-8.54,4.19,-0.01,0.08,-0.13,0.57,-9.25,4.32,0.13,-0.05,-0.23,0.7,-9.1,4.5,0.08,-0.2,-0.31,0.62,-9.02,4.32,-0.09,-0.13,-0.13,0.75,-8.66,4.12,-0.07,-0.21,-0.43,0.85,-8.96,4.61,0.03,-0.23,-0.39,0.94,-8.9,4.44,-0.03,-0.17,-0.37,1.05,-8.23,4.11,-0.05,-0.24,0.08,1.05,-8.43,4.21,-0.02,-0.34,-0.15,1.04,-8.49,4.05,0.26,-0.38,-0.11,1.18,-8.61,4.26
-0.13,0.6,-3.06,0.89,-4.86,0.36,0.07,1.13,-4.12,1.2,1.01,-0.17,0.78,1.28,-3.07,0.83,10.11,3.05,2.55,0.1,2.26,0.55,9.63,3.66,3.01,0.36,3.69,-1.84,-5.67,5.2,3.74,-0.41,2.51,-2.38,-20.66,6.56,2.94,-0.67,1.19,-1.97,-24.23,2.97,2.28,-0.06,0.31,-1.06,-24.02,3.4,1.22,-0.23,-1.0,-0.39,-21.58,5.18,0.51,-0.08,-1.07,0.0,-17.4,5.19,-0.11,-0.04,-0.86,0.01,-13.28,4.93,-0.17,-0.02,-0.78,0.16,-11.1,5.1,-0.22,-0.15,-0.43,0.35,-9.57,4.54,-0.14,-0.06,0.04,0.29,-8.53,3.88,-0.03,-0.16,0.09,0.47,-8.69,3.91,-0.21,-0.03,0.27,0.81,-8.13,3.6,-0.09,0.04,0.13,0.97,-8.45,3.79,-0.22,-0.09,0.23,0.98,-7.95,4.25,-0.11,-0.18,0.15,0.75,-8.42,3.75,0.05,0.12,0.2,0.79,-8.63,3.65,0.05,-0.03,-0.13,0.78,-9.01,3.85,0.15,0.06,0.19,0.67,-8.9,3.74,0.14,-0.07,-0.16,0.65,-9.43,3.8,0.06,-0.2,-0.27,0.66,-9.04,4.09,-0.18,-0.41,-0.49,-0.16,-9.29,4.62,0.07,-0.31,-0.42,0.96,-8.81,3.54,0.05,0.04,-0.33,1.31,-8.38,3.52,0.18,0.18,-0.13,1.21,-8.55,4.08,0.0,-0.03,0.09,1.28,-8.72,4.24,0.12,-0.05,-0.14,1.29,-8.9,3.97
0.98,-0.1,-2.09,1.6,0.21,0.06,1.82,0.15,-1.41,2.43,5.21,0.38,2.12,0.35,1.24,1.34,5.05,3.18,2.54,0.1,2.47,0.01,-8.59,6.95,3.16,-0.7,1.79,-1.23,-18.41,8.18,2.35,-0.52,0.28,-0.92,-25.06,6.6,1.41,-0.64,-0.42,-0.73,-23.09,6.24,0.81,-0.27,-0.58,-0.42,-19.05,5.08,0.15,-0.27,-0.91,-0.15,-15.02,5.25,-0.27,-0.15,-0.86,0.16,-10.96,4.92,-0.5,-0.04,-0.34,0.24,-9.03,4.49,-0.31,-0.2,-0.17,0.31,-8.3,4.85,-0.4,-0.2,0.16,0.57,-7.86,4.76,-0.22,-0.25,0.04,0.6,-8.57,4.1,-0.16,-0.06,0.06,0.79,-8.6,3.88,-0.15,-0.04,0.04,1.04,-8.26,4.24,-0.15,0.07,0.1,1.04,-8.24,3.59,-0.03,0.13,0.01,0.96,-8.4,3.56,-0.01,0.13,0.05,0.95,-8.37,4.29,-0.12,0.07,0.12,1.0,-8.66,4.26,-0.08,0.03,-0.03,0.92,-9.26,3.95,-0.12,0.0,-0.15,1.03,-9.17,4.15,0.0,-0.19,-0.24,1.24,-8.57,4.12,0.09,0.17,-0.26,1.29,-8.91,3.7,0.02,-0.04,-0.14,1.35,-8.42,4.19,-0.03,0.05,-0.01,1.35,-8.68,3.78,0.09,0.07,-0.01,1.4,-8.95,4.08,-0.12,-0.14,0.2,1.38,-9.12,4.21,-0.02,-0.02,0.13,1.39,-9.23,3.87,-0.08,0.06,-0.03,1.42,-9.04,4.05
1.82,0.03,1.32,-0.32,-10.7,3.18,2.47,-0.45,0.51,-0.67,-14.36,5.22,2.03,-0.15,0.43,-0.85,-17.34,5.59,1.6,-0.32,-0.16,-0.85,-18.78,5.83,1.02,-0.01,-0.5,-0.51,-17.56,5.31,0.64,-0.26,-0.46,-0.19,-15.29,5.86,0.14,-0.18,-0.28,-0.08,-13.02,4.84,-0.01,-0.15,-0.25,0.0,-11.11,4.75,-0.15,-0.1,-0.28,0.15,-9.52,4.14,-0.23,-0.12,-0.18,0.27,-8.58,4.28,-0.22,-0.16,0.02,0.18,-8.11,3.81,-0.05,0.03,0.09,0.72,-8.29,3.45,0.05,0.05,-0.03,0.71,-8.23,3.69,-0.01,0.13,0.02,0.94,-8.55,4.2,0.05,0.26,0.05,0.57,-8.4,4.28,-0.05,0.02,0.15,0.8,-8.79,4.27,0.05,-0.06,-0.06,0.53,-9.07,4.26,0.06,0.04,0.0,0.68,-8.78,3.96,0.03,-0.09,0.07,0.69,-8.98,4.33,-0.03,-0.06,0.09,0.7,-8.81,4.06,0.05,0.01,0.34,0.67,-8.68,4.31,-0.11,-0.26,0.26,0.74,-9.34,4.93,-0.02,-0.23,-0.01,0.57,-9.23,3.84,0.11,-0.1,-0.13,0.61,-8.97,3.53,0.07,-0.02,0.09,0.6,-8.85,4.29,0.15,-0.05,-0.24,0.55,-8.6,3.86,-0.03,0.17,0.13,0.66,-8.33,3.82,-0.03,-0.07,0.08,0.74,-8.61,4.47,0.03,0.02,-0.09,0.78,-8.63,3.97,0.13,0.17,0.04,0.77,-8.67,4.08
-0.49,-0.2,-2.39,-0.55,-4.08,2.67,-0.32,0.45,-5.28,0.92,7.0,3.09,3.77,0.18,1.0,-3.37,36.05,-4.37,2.6,2.56,6.91,-5.47,2.23,2.18,4.78,-0.16,1.9,-4.07,-38.74,11.73,3.08,0.05,0.85,0.87,-36.95,9.29,1.26,-0.37,-0.26,0.46,-26.73,10.67,0.22,-0.34,-1.1,-0.68,-20.23,5.16,-0.22,-0.28,-1.12,-0.79,-12.38,4.82,-0.54,-0.22,-0.45,0.0,-8.89,4.16,-0.44,-0.1,-0.19,0.04,-7.73,3.84,-0.32,-0.22,-0.14,-0.15,-8.58,3.99,-0.15,-0.07,-0.26,0.61,-8.42,3.0,-0.08,0.06,-0.22,1.28,-7.67,3.34,-0.12,-0.11,-0.13,0.9,-8.34,4.52,0.12,-0.04,0.04,1.35,-8.2,3.64,0.16,0.11,-0.13,1.39,-8.37,3.87,0.09,-0.28,0.07,1.4,-8.79,4.52,0.15,-0.09,-0.09,1.05,-9.0,3.63,0.23,0.17,-0.14,1.29,-8.97,4.08,0.23,-0.33,-0.2,1.13,-8.94,4.32,0.09,-0.16,0.1,0.94,-8.72,3.21,0.12,-0.12,0.1,1.02,-8.92,3.27,-0.06,-0.07,0.15,0.88,-9.16,3.37,-0.02,0.0,0.15,0.87,-9.1,3.21,0.02,0.02,0.09,1.05,-9.13,3.69,0.12,0.11,0.09,1.2,-9.08,4.03,0.03,0.15,-0.05,1.32,-9.0,4.22,-0.04,-0.14,0.05,1.3,-8.66,4.13,0.01,-0.02,-0.01,1.29,-8.55,4.1
-1.47,-0.2,-1.83,0.53,-5.16,1.93,-0.89,-0.72,-3.42,1.86,2.31,0.66,0.57,-0.2,-1.96,0.46,11.82,-0.66,2.11,0.57,2.09,0.22,12.16,0.2,3.0,0.2,2.71,-1.08,-7.3,5.43,3.13,-0.71,2.0,-1.49,-16.56,4.88,2.69,-0.19,1.13,-0.7,-24.38,2.68,2.28,-0.09,-0.16,-0.53,-26.04,3.65,1.44,-0.13,-0.64,-0.03,-24.49,3.64,0.4,0.13,-0.87,-0.1,-20.09,4.04,-0.05,0.08,-0.68,0.21,-14.24,4.38,-0.11,0.06,-0.69,0.43,-11.2,4.04,-0.19,-0.06,-0.38,0.53,-9.32,3.71,-0.22,-0.12,-0.19,0.89,-8.36,3.01,-0.23,-0.13,0.29,1.07,-7.44,2.56,-0.2,-0.12,0.04,1.1,-8.22,2.87,-0.0,-0.12,0.03,1.24,-7.91,2.87,-0.07,0.09,0.13,1.12,-8.08,2.82,0.04,-0.15,0.09,1.09,-9.53,3.41,0.14,-0.03,0.22,1.2,-9.24,2.84,0.03,-0.07,0.02,1.21,-9.56,2.95,0.05,0.01,-0.24,1.15,-9.49,2.88,-0.01,0.02,0.1,1.22,-9.32,3.12,0.0,-0.02,0.03,1.18,-9.73,3.4,-0.06,-0.09,-0.17,1.13,-9.27,3.01,0.05,-0.03,0.0,1.12,-9.31,3.04,0.05,-0.21,-0.17,1.05,-9.06,2.86,-0.04,0.1,0.09,1.03,-9.02,2.96,-0.02,-0.03,0.06,1.15,-8.98,3.15,0.08,-0.15,0.01,1.11,-9.24,3.45
0.47,-0.6,-2.1,-0.35,-0.93,-0.57,1.37,-0.5,-2.34,0.16,3.89,-1.17,2.82,0.06,-1.07,0.2,14.1,-1.12,4.37,1.58,3.97,-1.87,3.23,5.86,4.69,0.34,3.69,-3.34,-22.79,15.42,3.58,-0.7,0.71,1.14,-35.27,8.79,1.94,0.03,-1.13,2.26,-29.21,6.78,0.87,-0.19,-1.49,2.03,-23.89,7.2,0.25,-0.56,-1.64,1.05,-15.66,5.91,-0.5,-0.3,-0.97,0.43,-11.23,4.4,-0.59,-0.25,-0.35,0.41,-9.2,4.81,-0.6,-0.42,-0.09,0.49,-7.68,4.56,-0.47,-0.19,0.14,0.54,-7.47,3.52,-0.37,-0.08,0.1,0.92,-8.49,3.21,-0.26,-0.17,0.19,1.38,-8.01,3.7,-0.04,-0.14,0.02,1.69,-7.95,3.52,0.08,-0.03,0.12,1.73,-7.98,3.53,0.07,-0.12,0.16,1.73,-7.76,3.94,0.15,-0.21,-0.07,1.76,-8.47,3.64,0.31,-0.06,-0.05,1.82,-8.76,3.55,-0.0,-0.23,-0.01,1.82,-8.93,4.0,0.06,-0.17,0.18,1.85,-9.08,3.94,0.05,-0.03,0.16,1.73,-9.15,3.97,0.02,-0.18,-0.08,1.5,-9.26,4.31,-0.03,-0.22,0.01,1.38,-8.96,3.84,0.1,-0.06,-0.04,1.39,-8.9,3.57,-0.07,0.03,0.0,1.31,-8.7,3.52,0.12,-0.11,-0.18,1.29,-9.01,3.68,0.09,-0.03,-0.18,1.49,-9.07,3.72,0.15,-0.13,-0.07,1.51,-9.08,3.88
1.97,0.3,-1.66,0.1,8.45,-1.9,3.31,1.26,1.59,1.22,3.75,1.79,3.61,0.83,2.43,1.21,-5.5,6.89,3.47,-0.2,1.8,1.16,-21.89,7.92,2.76,-0.22,0.6,1.68,-26.01,7.11,2.06,-0.31,-0.02,1.53,-22.87,5.95,0.92,-0.18,-0.53,1.39,-21.03,5.55,0.09,-0.15,-0.91,0.74,-15.94,4.66,-0.02,-0.0,-0.8,0.81,-12.33,4.65,-0.36,0.02,-0.42,1.13,-9.48,4.61,-0.26,-0.19,-0.19,1.37,-8.6,3.97,-0.29,-0.03,0.03,1.38,-7.9,3.54,-0.24,-0.21,0.1,1.71,-8.2,3.45,0.04,0.05,-0.11,1.92,-7.88,3.29,-0.05,0.01,0.04,1.87,-7.91,3.54,0.07,-0.09,0.09,2.12,-8.35,3.9,0.21,0.15,0.0,2.11,-8.52,3.61,0.05,0.09,0.2,1.88,-8.66,3.74,0.01,-0.07,0.08,1.83,-9.53,4.03,-0.11,-0.18,0.18,1.78,-9.14,3.79,-0.02,0.02,-0.11,1.63,-9.14,3.54,0.03,-0.12,-0.01,1.66,-8.84,3.72,0.0,-0.03,-0.12,1.56,-8.67,3.58,-0.05,0.02,-0.18,1.61,-8.59,3.64,-0.01,-0.04,-0.05,1.59,-8.53,3.68,0.03,0.04,-0.02,1.59,-8.75,3.43,0.02,-0.21,0.1,1.82,-9.45,3.78,-0.04,-0.02,-0.12,1.73,-8.7,3.52,0.05,-0.02,-0.11,1.81,-8.94,4.1,0.05,-0.07,-0.21,1.66,-8.94,3.67
-1.63,0.18,-2.9,2.02,1.11,0.91,1.18,-0.15,-2.79,-0.17,17.7,1.52,3.08,0.8,2.34,-0.61,20.89,-1.76,4.47,0.89,4.36,-2.45,-7.62,8.82,4.8,-0.54,2.22,-2.55,-29.22,9.54,4.16,0.03,0.23,-0.17,-31.42,7.93,1.96,-0.29,-0.42,1.36,-25.78,9.02,1.12,-0.29,-0.8,0.92,-21.61,5.96,0.33,0.03,-0.41,0.35,-16.17,5.86,-0.1,0.02,-0.54,0.29,-13.74,5.5,-0.21,-0.07,-0.12,0.57,-10.11,3.94,-0.29,0.06,-0.08,0.69,-9.19,3.57,-0.33,0.14,-0.2,1.01,-8.54,2.93,-0.35,0.33,-0.18,1.74,-8.32,3.61,-0.25,0.23,-0.36,2.08,-7.76,4.34,-0.2,0.03,-0.21,2.07,-8.19,4.25,-0.3,0.04,-0.05,1.92,-8.06,3.98,-0.14,-0.14,0.01,1.56,-8.55,3.78,-0.15,-0.35,-0.02,1.54,-9.31,3.85,-0.07,-0.17,-0.03,1.71,-9.82,4.08,-0.19,-0.22,-0.23,1.72,-9.75,3.72,-0.05,-0.15,-0.31,1.6,-9.08,3.46,0.02,-0.08,-0.34,1.43,-8.11,2.63,0.02,0.26,-0.06,1.23,-7.84,2.42,0.14,0.12,0.11,1.24,-7.88,3.22,0.2,0.33,0.13,1.18,-7.82,2.92,0.07,0.3,0.2,1.29,-8.25,3.68,-0.03,-0.03,0.05,1.69,-9.22,4.24,0.19,0.02,0.09,1.74,-8.82,3.96,0.05,0.05,0.22,1.8,-9.31,4.51
0.91,-0.55,-2.1,1.58,6.26,-0.13,2.24,-0.98,-1.46,1.21,12.28,-1.26,4.1,0.51,1.65,0.33,12.42,-2.96,3.48,1.54,3.6,-1.95,-4.71,7.69,3.79,0.02,2.34,-3.55,-28.16,13.52,2.61,-0.23,0.3,-2.41,-29.21,9.77,1.34,-0.06,-0.25,-1.11,-26.11,9.52,0.87,-0.24,-1.14,-0.72,-21.09,8.06,0.19,-0.35,-0.93,-0.55,-15.96,6.1,-0.29,-0.26,-0.37,-0.31,-11.97,4.29,-0.37,-0.12,-0.33,0.19,-10.27,4.24,-0.4,-0.15,-0.1,0.4,-8.47,3.79,-0.31,0.0,-0.12,0.78,-8.0,3.59,-0.36,-0.1,-0.24,0.76,-7.91,3.74,-0.34,-0.14,0.07,0.81,-8.29,3.64,-0.17,-0.03,-0.17,0.83,-8.65,3.86,-0.23,-0.07,-0.02,0.83,-8.3,3.79,-0.09,0.06,0.17,0.82,-8.55,3.49,0.07,0.07,-0.23,0.92,-8.7,3.75,0.06,-0.14,-0.18,1.05,-9.08,4.13,-0.03,-0.06,-0.36,1.04,-8.83,3.62,-0.09,0.06,0.15,1.04,-8.78,3.76,0.01,-0.12,-0.08,1.02,-8.94,3.63,0.16,0.04,-0.03,0.79,-8.74,3.01,0.06,-0.12,-0.17,0.79,-9.23,3.83,0.07,-0.05,-0.42,0.87,-8.92,3.4,0.08,0.12,0.02,0.99,-8.76,3.44,0.09,0.07,-0.08,1.3,-8.87,4.68,-0.08,-0.11,-0.07,1.4,-8.54,4.31,-0.15,0.06,0.12,1.42,-8.44,3.99
3.0,2.61,5.81,-3.67,6.93,1.38,4.85,0.22,2.27,-2.02,-26.33,15.01,3.03,-0.03,1.29,0.67,-29.43,10.48,1.51,0.14,0.33,2.45,-26.55,8.91,0.78,-0.27,-0.82,1.75,-21.27,7.96,-0.02,-0.15,-0.68,0.97,-15.97,6.35,-0.18,-0.15,-0.3,0.6,-12.06,5.02,-0.2,-0.15,-0.37,0.62,-9.87,5.25,-0.23,-0.1,-0.15,0.83,-8.41,4.62,-0.05,-0.14,-0.01,0.98,-8.29,4.47,-0.02,-0.2,0.16,1.29,-8.08,4.41,-0.18,-0.12,0.14,1.41,-7.99,4.04,-0.08,0.09,-0.01,1.46,-8.72,4.36,0.15,0.07,-0.14,1.35,-8.41,4.4,-0.02,0.07,-0.14,1.5,-8.54,4.7,-0.1,0.03,-0.03,1.63,-8.65,4.9,-0.09,0.02,-0.05,1.41,-8.49,4.49,-0.1,-0.02,0.02,1.34,-8.44,4.39,0.05,-0.08,-0.07,1.34,-8.33,4.21,-0.18,-0.04,0.12,1.31,-8.59,4.46,0.07,-0.14,-0.15,1.24,-8.86,4.32,0.1,-0.09,-0.21,1.37,-8.65,4.37,0.01,0.05,0.08,1.41,-8.43,4.31,0.13,-0.13,-0.06,1.5,-8.52,4.4,0.2,-0.01,-0.07,1.44,-8.51,4.36,0.05,-0.18,0.03,1.51,-8.76,4.67,-0.03,-0.01,0.15,1.53,-8.67,4.14,0.09,0.09,-0.08,1.49,-8.55,4.19,-0.1,-0.15,-0.06,1.49,-8.69,4.75,-0.1,-0.1,0.09,1.46,-8.29,3.81
0.53,-0.49,-2.42,1.5,1.63,1.21,2.52,0.46,-1.75,0.43,11.27,-0.65,3.31,0.58,2.8,-1.02,14.72,0.31,3.32,1.52,5.53,-3.57,-8.04,7.41,4.2,-0.57,2.32,-3.46,-26.24,12.83,3.11,-0.52,0.67,-2.06,-28.48,8.79,1.75,-0.08,-0.53,0.12,-24.32,9.74,0.63,-0.83,-0.79,0.37,-20.31,10.08,0.17,-0.49,-0.64,0.06,-16.15,7.03,-0.34,-0.32,-0.55,0.17,-11.47,5.66,-0.47,-0.2,-0.38,0.37,-9.15,5.57,-0.44,-0.16,-0.18,0.5,-8.1,5.31,-0.41,-0.15,0.02,0.58,-8.0,4.15,-0.33,-0.03,0.0,0.74,-7.53,3.83,-0.3,0.03,0.13,1.01,-7.73,4.21,-0.1,0.07,0.07,1.05,-7.82,4.18,0.08,0.06,0.18,1.08,-7.47,4.08,0.29,-0.25,0.22,0.72,-8.33,4.86,0.35,-0.11,0.01,0.63,-8.69,4.43,0.08,-0.07,0.02,0.65,-8.58,4.53,0.08,0.0,0.13,0.79,-8.58,5.1,0.07,0.1,0.22,0.86,-8.84,5.31,-0.08,-0.03,0.17,0.99,-8.55,5.21,-0.05,0.01,-0.04,0.91,-8.47,4.97,-0.09,0.02,-0.17,0.85,-8.55,4.74,-0.05,-0.08,-0.17,0.82,-8.35,4.85,-0.06,-0.02,-0.16,0.79,-8.21,4.85,-0.04,-0.06,-0.13,0.87,-8.35,4.76,-0.1,-0.12,0.01,0.9,-8.13,4.73,0.05,0.04,-0.0,0.85,-8.14,4.92
1.37,-0.68,-3.2,1.61,11.69,1.79,3.03,-0.21,0.83,-0.84,17.62,-0.56,2.27,1.36,5.64,-2.66,-8.1,8.67,3.82,-1.21,2.23,-2.9,-24.54,14.19,3.03,-1.08,-0.24,-2.83,-29.02,6.8,1.8,0.02,-1.03,-0.53,-22.36,5.86,1.99,-0.69,-1.34,-0.03,-18.32,8.6,1.36,-0.61,-0.91,0.15,-14.07,6.36,0.28,0.18,-0.39,1.13,-11.04,6.14,0.14,0.23,-0.27,1.47,-10.26,6.11,-0.02,0.2,-0.05,1.41,-9.1,6.12,-0.18,0.26,-0.03,1.67,-8.72,5.68,-0.37,0.2,0.11,1.85,-7.82,5.87,-0.29,0.1,0.08,1.95,-8.01,5.61,-0.26,0.14,0.22,1.77,-7.81,5.27,-0.39,-0.13,0.12,1.62,-7.52,4.9,-0.27,0.0,0.27,1.41,-7.5,4.68,-0.26,0.0,0.11,1.47,-7.67,5.1,-0.17,-0.15,0.13,1.55,-7.98,5.29,0.12,-0.02,0.11,1.35,-7.97,4.85,-0.1,-0.21,0.4,1.02,-8.2,5.15,-0.07,-0.35,0.24,0.97,-8.7,4.99,-0.21,-0.02,0.11,0.88,-8.41,4.88,-0.04,-0.23,0.01,0.88,-8.57,5.19,-0.0,-0.06,-0.01,0.95,-8.71,4.98,0.02,-0.04,-0.11,0.9,-8.27,5.15,-0.08,-0.2,0.25,1.01,-8.09,5.01,-0.09,-0.07,0.22,1.03,-8.35,5.03,-0.05,-0.18,-0.13,0.82,-8.42,5.26,0.07,-0.01,-0.13,0.9,-8.26,4.89
2.74,0.41,3.28,-0.32,-5.81,1.72,3.68,-1.0,0.55,-2.33,-23.94,6.25,2.56,0.02,-0.13,-0.6,-24.75,4.66,1.72,-0.03,-0.71,0.92,-22.33,6.49,0.68,0.06,-0.45,1.88,-16.68,5.6,0.46,-0.12,-0.03,1.97,-14.52,5.58,0.14,-0.08,0.1,1.52,-12.01,5.06,-0.03,-0.16,0.15,1.23,-9.31,3.89,-0.09,-0.2,0.33,1.08,-8.58,3.27,-0.1,-0.1,0.42,1.13,-8.8,3.25,-0.09,0.03,0.06,1.12,-8.56,3.76,0.12,0.1,-0.15,1.18,-8.53,3.74,0.1,0.09,-0.14,1.49,-8.66,4.09,0.01,-0.08,-0.33,1.52,-8.54,4.27,-0.07,-0.01,-0.07,1.43,-8.7,3.74,-0.09,0.0,0.08,1.34,-8.75,3.79,-0.08,-0.07,-0.1,1.52,-8.95,4.19,-0.08,-0.06,-0.1,1.32,-8.89,3.84,0.03,0.03,-0.11,1.34,-8.68,3.92,0.1,0.02,0.09,1.25,-8.75,3.86,-0.03,-0.02,0.1,1.25,-8.73,3.88,0.03,-0.21,-0.2,1.16,-8.85,3.93,-0.01,-0.04,0.12,1.18,-8.61,3.78,-0.02,0.02,0.3,1.24,-8.45,3.63,-0.02,-0.08,0.05,1.5,-9.26,4.57,0.0,-0.04,-0.18,1.41,-9.32,4.26,-0.02,0.07,-0.01,1.37,-8.86,4.21,-0.19,-0.18,0.07,1.26,-8.7,4.12,0.07,-0.04,-0.04,1.19,-8.93,3.85,-0.13,0.0,0.01,1.1,-8.67,4.03
0.98,0.02,-3.02,1.09,0.06,1.07,2.43,0.81,-2.72,1.7,15.1,0.0,3.74,0.54,4.05,0.16,16.57,1.56,2.71,-0.19,5.48,-3.43,-14.95,9.13,3.87,-0.73,-0.04,-1.81,-35.28,7.58,2.27,0.02,-0.25,2.52,-27.96,7.81,1.27,-0.24,-0.24,1.69,-19.12,6.63,0.25,-0.15,-0.26,0.62,-17.75,5.35,-0.04,0.06,-0.37,0.12,-14.1,4.43,-0.26,-0.1,-0.07,0.25,-9.54,4.4,-0.22,-0.1,0.11,0.34,-8.14,3.6,-0.26,0.15,0.39,0.54,-7.78,3.09,-0.22,0.22,0.21,0.97,-8.44,3.25,-0.17,0.29,-0.11,1.49,-8.31,3.87,-0.15,-0.02,0.07,1.74,-8.2,4.68,-0.26,-0.12,0.12,1.64,-8.57,4.71,-0.02,-0.02,-0.09,1.33,-9.24,3.72,-0.04,0.09,0.19,1.2,-8.63,3.57,0.02,-0.21,-0.18,1.2,-8.74,4.03,-0.04,0.07,-0.09,1.07,-8.47,3.3,0.02,-0.03,-0.12,1.13,-8.67,3.79,-0.05,0.02,-0.01,0.98,-8.79,3.97,0.02,-0.04,-0.07,1.13,-8.74,3.72,-0.0,-0.07,-0.05,1.01,-8.91,3.73,0.01,0.07,0.12,1.02,-9.02,3.75,0.02,0.04,-0.14,1.1,-8.86,4.11,-0.0,-0.04,-0.11,0.97,-9.15,3.86,0.04,-0.03,-0.15,0.9,-9.29,3.85,-0.0,-0.07,-0.46,1.19,-9.1,4.25,0.14,-0.09,-0.26,1.74,-8.4,3.83
1.86,-0.14,-3.64,1.64,10.75,-0.47,3.07,0.16,0.58,0.45,19.68,-1.45,3.16,0.76,5.4,-3.01,-3.17,6.0,3.63,-0.45,3.59,-4.0,-23.72,13.25,2.88,-1.2,1.04,-3.03,-29.75,10.97,1.63,-0.42,-0.06,-1.03,-24.6,7.47,0.59,-0.23,-0.94,-0.21,-21.45,8.77,0.21,-0.47,-1.16,0.04,-17.13,7.72,-0.2,0.04,-0.69,-0.05,-13.57,5.75,-0.18,0.02,-0.5,0.27,-11.14,5.7,-0.25,-0.09,-0.37,0.54,-8.99,4.97,-0.23,0.03,-0.01,0.76,-7.82,4.17,-0.28,0.11,0.21,0.94,-8.24,4.23,-0.32,0.0,0.12,1.24,-8.57,4.52,-0.16,-0.04,-0.23,1.33,-8.26,4.27,-0.26,0.09,0.27,1.22,-7.93,4.25,-0.14,0.15,-0.01,1.19,-8.16,4.66,-0.04,-0.3,-0.09,1.25,-8.42,4.56,0.01,0.18,0.08,1.1,-8.29,3.97,0.01,0.0,0.18,1.09,-8.62,4.66,0.02,-0.29,-0.08,1.07,-8.85,4.71,-0.14,-0.09,0.14,1.01,-8.34,4.16,-0.1,-0.15,0.14,0.95,-8.56,4.57,0.12,-0.2,0.12,0.93,-8.72,4.35,0.02,-0.09,0.24,0.91,-8.55,3.83,-0.11,0.09,0.24,0.95,-8.84,4.65,0.04,-0.2,0.09,1.03,-8.97,4.52,0.01,0.12,-0.05,0.93,-8.59,3.98,-0.14,-0.12,-0.09,1.46,-8.55,4.77,-0.03,-0.08,-0.13,0.86,-8.46,4.29
-0.6,0.79,-2.57,2.43,-0.31,2.92,1.27,-0.54,-2.92,1.1,14.01,3.04,2.5,0.05,2.48,-0.85,15.44,-2.15,3.77,0.04,3.36,-2.49,-12.72,7.6,4.22,-0.83,0.98,-2.4,-26.9,6.93,3.14,0.15,-0.62,0.23,-28.52,4.66,2.36,-0.09,-1.28,1.92,-23.2,8.31,1.14,-0.73,-0.67,1.99,-17.99,8.61,0.7,-0.04,-0.88,1.11,-15.55,5.38,0.03,0.15,0.09,1.17,-12.15,6.22,-0.1,-0.23,0.26,1.3,-10.74,6.24,-0.26,-0.2,-0.0,1.39,-9.01,4.27,-0.52,-0.19,0.6,1.45,-8.14,3.93,-0.27,0.07,0.42,1.39,-9.03,3.59,-0.15,0.03,-0.1,1.67,-9.19,4.37,-0.35,0.12,0.03,1.69,-7.9,4.47,-0.13,-0.07,-0.03,1.38,-8.65,4.08,-0.02,0.03,-0.43,1.25,-9.11,3.6,-0.16,0.04,-0.2,1.28,-8.53,3.51,-0.0,0.12,-0.11,1.4,-8.13,3.62,-0.13,-0.06,-0.18,1.47,-8.29,4.45,0.05,0.0,-0.15,1.47,-8.27,3.8,-0.16,0.02,-0.12,1.5,-8.15,4.09,-0.08,-0.07,-0.07,1.34,-8.86,4.22,0.1,0.06,-0.12,1.36,-8.76,3.86,-0.02,-0.02,0.07,1.41,-8.64,3.97,-0.04,-0.14,-0.03,1.31,-9.11,3.94,-0.07,-0.17,-0.03,1.3,-9.0,4.01,-0.03,-0.07,-0.05,1.31,-8.44,3.79,0.05,0.01,-0.13,1.35,-8.67,4.07
2.75,-0.61,-1.37,0.49,14.38,-2.87,3.54,1.22,2.79,-1.39,11.58,-0.55,4.0,0.74,3.75,-2.24,-10.52,12.33,4.15,-0.46,1.41,-1.14,-27.62,13.45,2.77,0.11,0.21,0.9,-24.28,10.11,1.47,-0.34,-0.1,1.29,-21.28,11.07,0.93,-0.63,-0.62,0.89,-18.68,9.61,0.17,-0.15,-0.39,0.35,-13.79,7.75,-0.23,-0.04,-0.16,0.2,-11.52,6.83,-0.4,0.06,-0.26,0.26,-10.04,5.58,-0.3,0.1,-0.25,0.34,-8.66,5.08,-0.4,0.17,-0.02,0.76,-8.57,4.95,-0.54,0.07,-0.03,1.12,-7.87,4.88,-0.1,0.06,-0.11,1.37,-7.34,5.11,-0.17,-0.06,0.03,1.36,-7.56,5.28,-0.06,-0.15,-0.15,1.45,-7.93,4.99,0.23,0.1,0.05,1.28,-7.84,4.75,0.1,0.03,-0.22,1.3,-8.3,5.28,-0.09,-0.2,0.06,1.37,-7.82,5.23,-0.07,-0.04,0.14,1.2,-7.91,4.76,-0.13,0.04,0.06,1.13,-8.27,5.19,-0.07,-0.19,0.16,1.06,-8.37,4.88,-0.13,0.03,-0.01,1.01,-8.29,4.87,0.04,-0.06,0.08,1.13,-8.31,5.06,-0.09,-0.02,0.09,1.11,-8.3,5.02,-0.07,-0.1,0.15,1.32,-8.39,5.21,-0.08,0.07,0.05,1.2,-8.23,4.77,0.05,-0.06,-0.03,1.21,-8.38,5.22,-0.02,-0.18,-0.15,1.13,-8.28,4.84,-0.12,-0.06,0.0,1.06,-8.17,4.75
1.98,-1.16,-2.69,0.92,4.93,-1.0,3.15,-1.11,-1.86,0.57,10.57,-2.09,3.84,1.78,2.25,-1.69,9.19,0.61,3.61,1.42,4.15,-2.79,-6.57,11.66,4.15,-0.74,0.99,-0.64,-29.62,14.1,2.51,-0.16,-0.59,1.38,-24.51,10.2,1.53,-0.19,-0.86,2.37,-20.15,11.3,0.21,-0.75,-0.95,0.86,-15.55,9.39,-0.19,-0.64,-0.59,0.51,-12.6,8.08,-0.27,-0.5,-0.3,0.31,-9.45,6.67,-0.39,-0.34,-0.0,0.41,-9.09,5.61,-0.25,-0.17,-0.06,0.51,-8.32,5.01,-0.24,0.14,0.27,0.93,-7.46,4.69,0.0,0.08,-0.03,1.49,-7.64,5.67,0.07,0.0,-0.04,1.59,-7.37,5.39,0.01,0.16,0.27,1.56,-7.37,5.33,0.09,0.11,0.18,1.59,-7.99,5.78,0.18,0.12,-0.25,1.6,-8.1,5.59,0.14,0.01,-0.03,1.54,-7.74,5.59,-0.04,0.24,0.0,1.36,-7.87,5.38,0.17,-0.07,0.13,1.38,-7.9,5.87,0.1,0.15,-0.15,1.29,-7.78,5.72,0.02,0.1,0.13,1.3,-7.76,5.63,0.12,0.19,0.03,1.36,-7.88,5.78,-0.1,-0.12,0.19,1.33,-8.02,5.92,0.04,-0.06,-0.05,1.25,-7.89,5.43,0.07,0.11,0.01,1.13,-7.82,5.66,-0.08,-0.18,-0.12,1.18,-8.08,6.04,-0.07,0.06,0.13,1.08,-7.82,5.29,0.02,0.23,0.1,1.07,-7.88,5.51
2.02,-0.15,-1.54,0.71,-25.37,7.21,1.21,-0.21,-1.41,1.44,-17.94,8.27,0.36,-0.29,-0.91,1.07,-13.75,7.1,0.33,-0.15,-0.79,0.83,-11.42,5.86,-0.05,-0.08,-0.1,0.83,-8.6,5.53,0.01,-0.08,-0.0,0.88,-8.76,5.04,0.02,0.15,-0.12,0.99,-8.7,4.17,0.07,0.28,-0.02,1.3,-8.35,4.43,-0.08,0.15,-0.02,1.51,-8.05,5.43,-0.16,-0.13,0.05,1.66,-7.91,5.69,0.06,0.06,-0.16,1.72,-7.7,5.42,-0.09,-0.1,-0.0,1.64,-7.89,5.46,-0.16,0.03,0.13,1.37,-7.79,4.97,-0.05,-0.07,-0.1,1.36,-8.03,5.01,0.03,-0.03,-0.08,1.29,-8.02,4.93,0.13,0.05,-0.05,1.27,-7.97,5.18,-0.16,-0.11,0.21,1.32,-8.27,5.29,0.06,-0.02,-0.11,1.26,-8.55,5.3,-0.05,0.0,0.0,1.35,-8.17,5.46,-0.07,0.03,-0.03,1.37,-7.93,5.28,-0.1,0.0,-0.05,1.38,-8.21,5.47,-0.05,-0.06,-0.21,1.33,-8.11,5.17,-0.09,0.01,0.05,1.28,-7.98,5.12,-0.09,-0.03,0.16,1.37,-8.15,5.05,-0.07,-0.03,0.01,1.4,-8.15,4.96,0.01,0.12,0.0,1.43,-8.1,4.99,-0.13,-0.01,0.02,1.49,-7.99,5.33,-0.06,0.03,-0.14,1.45,-8.05,5.18,0.05,0.08,-0.14,1.42,-7.95,4.98,-0.02,0.09,0.01,1.42,-8.19,5.22
3.22,2.6,5.56,-1.23,11.05,4.43,1.11,1.04,7.47,-4.83,-20.61,15.05,3.99,-2.23,0.43,-2.76,-33.62,15.77,0.83,-1.37,-1.91,-1.1,-23.51,7.28,0.34,-0.23,-1.36,2.34,-16.63,7.42,0.34,-0.33,-1.58,2.38,-12.28,7.51,-0.29,-0.6,-0.63,1.46,-9.47,6.48,-0.47,-0.21,0.13,0.66,-9.52,4.95,-0.39,-0.16,-0.04,0.2,-8.99,4.46,-0.09,-0.07,-0.35,0.81,-7.61,4.35,0.1,0.21,-0.19,1.8,-6.2,4.36,-0.01,0.05,0.23,2.55,-7.38,4.88,0.09,0.05,-0.16,2.7,-9.1,4.99,0.07,0.07,-0.05,2.46,-9.14,5.1,-0.21,-0.1,0.01,2.44,-8.79,5.33,-0.25,-0.23,0.14,2.12,-8.29,4.65,-0.08,0.14,-0.14,1.78,-7.67,4.29,0.18,-0.08,0.05,1.83,-7.85,4.64,0.14,0.09,-0.1,1.92,-8.27,4.61,0.1,0.03,-0.1,2.23,-8.35,4.94,0.18,-0.05,-0.13,2.33,-8.4,5.05,0.04,-0.02,-0.11,2.35,-8.13,5.13,0.0,-0.03,-0.05,2.37,-8.03,4.96,0.08,0.02,-0.26,2.16,-7.79,4.75,0.11,0.0,-0.11,2.15,-8.02,5.02,0.08,0.06,-0.06,2.35,-8.18,5.16,-0.07,0.03,-0.08,2.49,-8.0,5.2,0.15,0.03,-0.09,2.44,-7.72,5.02,0.04,0.02,-0.08,2.35,-7.99,5.1,0.06,0.09,0.05,2.21,-8.1,5.08
-2.04,0.18,-1.78,2.8,3.2,0.16,2.3,0.18,-1.77,2.03,17.17,1.85,3.31,-0.02,4.38,-0.62,11.85,3.42,3.75,-1.01,4.06,-3.6,-11.36,8.41,3.75,-1.33,0.75,-4.97,-29.67,4.05,2.45,-0.38,-0.03,-3.06,-27.39,3.43,1.78,-0.16,-0.82,-0.12,-19.54,7.21,0.7,-0.47,-0.34,-0.07,-16.59,6.95,0.34,-0.2,-0.44,-0.61,-14.43,5.43,0.02,-0.07,-0.26,-0.67,-11.1,5.1,-0.05,-0.27,-0.17,-0.55,-9.58,4.38,-0.09,-0.07,0.13,-0.61,-8.4,2.91,-0.03,0.17,0.15,-0.43,-8.59,2.67,-0.17,0.24,-0.18,0.18,-9.2,3.51,0.07,0.12,-0.04,0.38,-8.4,3.74,-0.03,0.05,-0.1,0.64,-8.25,4.36,-0.03,-0.07,0.0,0.52,-8.66,4.45,0.18,0.04,-0.04,0.42,-8.84,4.08,0.17,0.11,0.01,0.25,-8.81,3.86,-0.01,-0.07,-0.1,0.32,-9.13,4.43,0.06,-0.07,-0.12,0.22,-9.01,4.14,-0.07,0.07,0.11,0.21,-8.88,3.89,0.1,0.04,-0.01,0.25,-8.92,4.17,0.1,-0.01,0.01,0.18,-8.52,3.77,-0.11,0.0,0.19,0.33,-8.82,4.32,0.11,-0.13,-0.14,0.24,-8.73,3.94,-0.01,0.2,-0.13,0.23,-8.72,4.06,0.1,0.06,-0.06,0.23,-9.05,4.29,-0.08,0.04,0.07,0.23,-9.07,4.15,-0.01,0.09,0.01,0.32,-8.89,4.15
0.96,-0.56,-4.1,1.58,9.16,-0.55,4.16,-0.26,0.34,0.52,21.84,1.08,3.54,0.57,7.53,-3.87,9.56,4.16,4.91,-1.39,2.5,-4.93,-35.3,16.51,3.11,-1.8,-0.23,-4.3,-34.4,8.8,1.89,-0.12,-0.6,-0.49,-25.81,5.89,0.91,-0.28,-0.72,0.59,-18.35,8.21,0.19,-0.37,-0.69,0.11,-15.17,6.68,-0.07,-0.09,-0.47,-0.33,-12.24,5.27,-0.28,-0.11,-0.15,-0.22,-9.56,5.12,-0.27,-0.23,-0.2,-0.2,-8.57,4.3,-0.14,0.03,0.17,-0.05,-8.15,3.55,-0.21,0.22,-0.01,0.3,-8.64,3.84,0.01,0.18,-0.15,0.67,-8.24,4.51,-0.16,0.16,-0.0,0.84,-7.9,4.72,0.01,0.01,0.01,0.87,-8.36,4.72,-0.07,0.08,-0.02,0.79,-8.42,4.43,-0.03,0.01,0.05,0.67,-8.6,4.25,-0.08,0.04,-0.14,0.65,-8.65,4.3,0.05,0.11,-0.04,0.67,-8.5,4.37,-0.07,0.14,0.18,0.67,-8.67,4.41,0.01,-0.05,0.0,0.61,-8.8,4.3,-0.01,-0.02,-0.04,0.49,-8.75,4.19,-0.07,-0.0,-0.09,0.55,-8.77,4.38,-0.11,0.01,-0.15,0.6,-8.88,4.44,-0.08,-0.09,0.0,0.62,-8.76,4.33,-0.06,-0.11,0.0,0.89,-8.67,4.23,0.01,-0.05,-0.14,0.7,-8.69,4.1,0.05,-0.03,-0.15,0.63,-8.62,4.0,0.17,0.11,0.08,0.69,-8.59,4.07
-0.42,-0.81,-2.74,2.14,1.94,0.72,1.3,-1.14,-2.12,1.49,14.76,0.31,3.5,0.46,3.54,-1.71,15.79,-1.09,3.27,0.47,5.23,-6.17,-13.57,10.77,3.87,-0.99,1.51,-5.64,-33.5,10.08,3.04,-0.4,-0.53,-2.29,-26.54,4.28,0.91,0.23,-0.38,-0.97,-21.16,8.74,1.03,-0.34,-1.39,-0.47,-18.43,8.7,-0.07,-0.26,-0.74,0.35,-11.9,7.22,-0.45,-0.45,-0.24,0.52,-10.67,6.26,-0.51,-0.51,-0.15,0.31,-9.61,5.07,-0.42,-0.2,0.23,0.36,-8.77,3.91,-0.25,0.01,0.2,0.35,-9.34,4.31,-0.14,-0.11,-0.17,0.65,-8.88,4.4,-0.05,0.04,-0.11,0.71,-7.86,4.18,-0.13,0.15,0.09,0.69,-7.99,4.24,-0.12,-0.23,-0.03,0.71,-8.32,4.56,0.0,-0.19,0.03,0.58,-8.37,4.12,-0.13,-0.09,-0.12,0.52,-8.43,3.98,-0.1,-0.03,0.12,0.47,-8.64,4.29,-0.05,-0.06,-0.1,0.59,-8.75,4.49,0.01,-0.03,-0.07,0.65,-8.49,4.36,0.01,-0.18,-0.12,0.69,-8.92,4.27,0.12,-0.05,-0.22,0.74,-8.63,4.0,-0.03,-0.05,0.04,0.7,-8.63,4.23,-0.01,-0.1,-0.08,0.79,-8.93,4.48,-0.13,-0.12,-0.06,0.74,-8.63,3.98,-0.02,0.12,0.02,0.74,-8.92,4.26,0.08,-0.12,0.08,0.64,-8.84,4.24,0.04,-0.03,-0.02,0.82,-9.09,4.26
2.3,0.89,-0.03,1.62,9.7,1.02,3.68,1.09,2.69,-1.31,4.89,3.97,3.41,0.43,3.39,-2.43,-16.59,9.87,3.86,-1.13,0.56,-2.16,-26.31,8.19,2.29,-0.49,-0.15,-0.42,-24.89,6.83,1.42,-0.42,-0.76,0.4,-21.68,8.26,0.44,-0.59,-0.84,0.38,-16.41,7.4,0.05,-0.33,-0.21,0.21,-12.43,5.67,-0.19,-0.24,0.16,0.17,-10.34,5.26,-0.3,-0.29,-0.13,0.11,-9.44,4.78,-0.35,-0.14,0.26,0.19,-8.55,3.9,-0.32,0.01,0.0,0.39,-8.31,3.9,-0.12,-0.12,-0.15,0.63,-8.05,4.43,-0.03,0.07,-0.1,0.83,-8.2,4.31,-0.0,0.02,0.12,0.77,-7.98,4.13,0.15,-0.03,0.34,0.83,-7.88,4.66,0.27,0.13,0.23,0.21,-8.53,4.0,0.2,0.61,0.27,0.19,-8.7,3.56,0.24,0.47,-0.08,0.21,-8.47,5.3,0.03,-0.06,-0.17,0.23,-8.45,5.52,-0.04,-0.07,-0.0,0.17,-8.57,4.87,-0.07,0.06,0.15,0.32,-8.57,4.73,-0.02,-0.13,0.03,0.27,-8.54,4.92,0.01,-0.03,0.0,0.2,-8.57,4.59,-0.12,0.12,-0.16,0.18,-8.57,4.37,0.05,-0.09,-0.11,0.22,-8.65,4.76,0.02,-0.13,-0.13,0.27,-8.35,4.46,0.09,0.09,-0.14,0.29,-8.41,4.38,0.08,-0.03,-0.11,0.37,-8.57,4.77,0.03,-0.09,0.11,0.36,-8.43,4.62
-0.14,0.03,-3.16,0.72,-2.9,-0.33,1.22,0.51,-3.14,1.02,11.49,-0.86,2.61,0.53,1.52,-0.3,19.6,-0.58,4.5,1.17,2.73,-2.57,3.61,2.45,3.9,0.11,3.18,-3.38,-18.42,9.7,3.27,0.0,1.21,-0.39,-33.25,10.01,2.36,0.32,-0.12,2.31,-26.67,8.29,0.98,-0.16,-0.32,3.07,-21.19,11.15,0.05,-0.39,-0.38,1.56,-16.84,8.88,-0.09,-0.32,-0.48,0.66,-12.17,6.22,-0.43,-0.15,-0.25,0.32,-9.18,5.65,-0.44,-0.25,0.13,0.38,-8.5,5.0,-0.41,-0.18,0.39,0.64,-8.28,4.16,-0.29,-0.11,0.18,0.95,-8.09,3.77,-0.32,0.03,0.25,1.19,-8.03,3.95,-0.12,-0.12,-0.06,1.21,-8.06,4.28,-0.05,-0.11,-0.06,1.32,-7.65,4.12,0.0,0.0,0.0,1.29,-7.98,4.35,0.06,-0.16,0.02,1.21,-8.48,4.72,-0.12,-0.27,0.17,1.03,-8.4,4.17,-0.01,-0.12,0.14,0.92,-8.52,4.27,0.02,-0.15,0.17,0.85,-8.83,4.26,-0.09,-0.25,0.3,0.75,-8.87,4.09,0.09,-0.11,-0.05,0.73,-9.15,3.99,-0.05,-0.08,0.01,0.74,-9.02,3.96,-0.06,-0.09,-0.11,0.73,-8.72,4.0,-0.07,-0.09,0.1,0.68,-8.75,3.98,0.02,-0.04,0.02,0.76,-8.7,4.05,-0.07,-0.03,-0.1,0.86,-8.7,4.24,-0.03,0.08,0.11,0.84,-8.78,3.96
0.76,0.79,-1.78,1.02,8.51,-1.08,4.22,0.29,4.57,-1.77,11.21,6.46,1.93,0.32,5.77,-4.01,-10.68,8.0,4.16,-1.92,0.44,-3.4,-33.62,6.69,2.47,-0.39,-0.45,-1.74,-29.45,2.37,1.62,0.27,-1.24,0.19,-24.97,4.85,0.42,-0.09,-1.02,0.42,-18.14,5.99,0.0,-0.09,-0.73,0.46,-13.79,5.22,-0.01,0.09,-0.64,0.58,-10.47,4.88,-0.2,-0.33,-0.1,0.79,-8.33,4.95,-0.31,-0.2,0.34,0.74,-7.57,3.53,-0.07,0.02,0.35,0.91,-8.77,3.23,-0.2,-0.16,0.25,1.16,-8.6,3.66,-0.09,-0.01,0.06,1.38,-8.4,3.77,-0.12,0.06,0.03,1.32,-8.73,3.94,0.06,-0.1,-0.03,1.31,-8.76,4.15,-0.01,-0.15,-0.07,1.19,-8.13,3.71,-0.06,-0.04,0.13,1.13,-8.46,4.13,-0.08,-0.18,-0.07,1.02,-9.15,4.05,-0.01,-0.15,0.15,1.05,-8.7,3.64,0.06,-0.11,-0.08,1.26,-8.81,3.94,0.03,-0.07,-0.08,0.95,-8.67,3.78,0.07,0.1,-0.05,1.12,-8.54,3.52,0.06,0.12,0.09,1.04,-8.8,3.85,0.17,-0.09,-0.2,0.86,-9.06,4.07,0.09,-0.02,-0.2,1.0,-9.34,4.05,0.12,-0.11,-0.34,1.04,-8.69,4.01,-0.0,-0.09,-0.12,1.21,-8.54,3.99,0.07,-0.13,-0.38,1.33,-8.89,4.38,0.01,-0.19,-0.1,1.4,-8.68,3.9
-0.82,0.32,-2.8,2.58,4.43,0.1,1.94,-0.16,-2.19,1.44,15.23,2.18,3.62,0.13,3.85,-0.49,6.9,2.45,2.7,-0.08,5.53,-3.04,-15.03,8.18,3.85,-2.1,1.43,-5.07,-33.31,5.01,3.22,-0.69,-1.44,-3.08,-24.46,2.63,1.65,-0.04,-0.58,-0.12,-19.12,6.34,0.95,-0.17,-0.93,0.99,-18.13,7.19,-0.23,-0.49,-0.49,0.7,-13.8,7.0,-0.95,-0.36,0.23,-0.72,-12.72,5.45,-0.74,-0.27,0.38,-0.63,-10.88,4.0,-0.61,-0.13,-0.45,-0.22,-9.08,3.45,-0.52,-0.1,-0.17,0.1,-8.13,3.0,-0.17,-0.13,-0.04,0.24,-7.62,2.69,-0.1,-0.16,-0.21,0.67,-8.39,3.05,0.37,-0.09,-0.33,1.08,-8.67,3.41,0.3,-0.14,0.06,1.27,-8.21,3.88,0.05,-0.35,0.22,0.96,-8.95,3.79,0.02,-0.27,-0.01,1.07,-9.55,3.77,0.15,-0.36,-0.07,1.26,-8.95,3.58,0.12,-0.1,0.02,1.08,-8.92,3.36,0.18,0.02,0.02,1.09,-9.26,3.64,0.13,-0.06,-0.15,0.9,-9.2,3.62,0.14,0.06,-0.15,0.83,-9.18,3.41,-0.1,0.02,-0.07,0.99,-9.18,4.03,0.1,-0.15,-0.06,1.0,-9.0,3.95,0.1,0.21,-0.06,1.02,-8.58,3.93,0.12,0.05,0.02,0.98,-8.89,4.07,0.22,0.28,-0.06,0.88,-8.91,3.68,0.13,0.43,0.2,0.62,-8.85,3.81
-0.08,0.45,-2.63,2.47,3.09,-0.89,1.88,-0.49,-0.55,0.83,14.45,1.06,4.03,0.02,3.08,-1.16,11.37,2.81,3.46,0.35,4.35,-3.39,-7.48,9.38,3.5,-1.82,0.78,-3.98,-30.7,10.54,1.99,-1.06,-0.95,-1.58,-30.74,3.11,1.49,0.17,-1.38,1.47,-24.13,3.4,0.71,0.41,-1.47,2.25,-18.73,5.46,0.44,0.32,-1.04,1.87,-14.32,6.09,-0.02,0.17,-0.64,1.56,-10.93,5.87,-0.34,-0.0,-0.16,1.66,-8.62,5.69,-0.18,-0.17,0.19,1.47,-7.19,4.47,0.01,-0.03,0.5,1.25,-6.79,3.58,0.01,0.11,0.5,1.32,-8.53,3.01,0.23,0.0,0.2,1.52,-9.32,3.81,0.02,0.03,0.13,1.78,-9.18,3.93,-0.05,0.09,0.12,1.95,-9.24,4.31,0.03,0.02,-0.05,1.6,-8.87,4.42,0.03,0.01,0.0,1.32,-8.64,4.2,0.03,-0.03,-0.01,1.17,-8.25,4.29,0.08,-0.0,0.02,0.97,-8.62,4.2,0.07,0.02,-0.15,0.85,-8.85,4.23,0.17,-0.11,-0.09,1.02,-8.8,4.3,0.26,-0.11,-0.11,1.19,-8.74,4.19,0.12,-0.02,0.13,1.33,-8.32,4.11,0.19,-0.17,0.11,1.48,-8.64,4.85,0.08,-0.05,-0.0,1.4,-8.99,4.53,0.07,0.05,0.0,1.24,-8.78,4.3,0.01,0.06,0.0,1.13,-8.56,4.21,0.01,-0.08,-0.12,1.21,-8.48,4.68
0.67,0.52,-3.36,1.33,-0.11,0.19,1.42,0.51,-4.82,1.35,8.34,-0.16,3.01,0.96,2.47,0.06,20.29,0.74,1.74,1.4,7.75,-2.71,-1.68,6.34,3.85,-1.48,2.28,-3.39,-32.74,12.75,3.03,-0.88,-1.08,-2.81,-33.62,5.03,1.07,0.28,-0.99,1.73,-21.37,7.15,0.79,-0.68,-0.44,2.86,-15.72,8.37,-0.01,-0.5,-0.16,2.24,-13.29,6.06,-0.17,-0.11,-0.23,1.56,-11.77,5.34,-0.39,-0.32,-0.16,1.2,-9.91,4.78,-0.18,-0.33,-0.07,1.13,-8.23,3.74,-0.08,-0.03,0.05,1.03,-7.22,3.1,-0.21,-0.19,0.16,1.29,-8.33,3.7,-0.07,0.07,-0.05,1.5,-8.91,3.48,0.01,0.0,-0.35,1.7,-8.35,4.43,0.02,0.04,-0.19,1.81,-8.52,4.51,0.18,-0.29,-0.19,1.6,-8.94,4.09,0.06,-0.13,-0.31,1.46,-8.73,3.66,0.02,0.05,-0.12,1.46,-8.43,4.05,0.09,0.06,0.05,1.79,-8.55,4.31,0.16,-0.02,-0.15,1.79,-8.34,4.36,0.17,0.0,0.22,1.82,-8.53,4.5,0.07,-0.0,0.05,1.85,-8.92,4.46,-0.12,-0.03,0.06,1.81,-8.63,4.6,0.19,-0.07,-0.16,1.82,-8.68,4.48,0.33,-0.03,-0.14,1.77,-8.66,4.32,0.2,-0.23,-0.2,1.9,-8.54,4.52,0.33,-0.18,-0.27,1.87,-8.25,4.51,0.0,0.0,0.0,0.0,0.0,0.0
2.86,-0.24,2.59,-0.13,7.86,3.82,3.22,0.1,4.32,-3.22,-12.85,6.42,4.39,-1.24,1.42,-3.04,-28.09,8.6,3.26,-0.66,-0.78,0.09,-28.46,4.27,1.54,-0.16,-1.3,2.63,-21.33,8.14,0.0,0.0,0.0,0.0,0.0,0.0,0.0,0.0,0.0,0.0,0.0,0.0,0.0,0.0,0.0,0.0,0.0,0.0,0.0,0.0,0.0,0.0,0.0,0.0,0.0,0.0,0.0,0.0,0.0,0.0,0.0,0.0,0.0,0.0,0.0,0.0,0.0,0.0,0.0,0.0,0.0,0.0,0.0,0.0,0.0,0.0,0.0,0.0,0.0,0.0,0.0,0.0,0.0,0.0,0.0,0.0,0.0,0.0,0.0,0.0,0.0,0.0,0.0,0.0,0.0,0.0,0.0,0.0,0.0,0.0,0.0,0.0,0.0,0.0,0.0,0.0,0.0,0.0,0.0,0.0,0.0,0.0,0.0,0.0,0.0,0.0,0.0,0.0,0.0,0.0,0.0,0.0,0.0,0.0,0.0,0.0,0.0,0.0,0.0,0.0,0.0,0.0,0.0,0.0,0.0,0.0,0.0,0.0,0.0,0.0,0.0,0.0,0.0,0.0,0.0,0.0,0.0,0.0,0.0,0.0,0.0,0.0,0.0,0.0,0.0,0.0,0.0,0.0,0.0,0.0,0.0,0.0,0.0,0.0,0.0,0.0,0.0,0.0,0.0,0.0,0.0,0.0,0.0,0.0,0.0,0.0,0.0,0.0,0.0,0.0
0.86,1.88,2.29,4.01,-4.94,-2.23,1.75,2.37,0.84,13.35,-14.5,-1.49,1.43,2.75,-0.79,21.81,-13.35,3.22,0.62,1.51,-1.26,24.72,-3.68,3.63,0.12,1.17,-0.51,22.41,-0.72,2.06,0.19,0.26,-0.27,17.88,-3.0,3.83,0.18,-0.2,-0.33,14.12,-2.81,1.34,0.06,-0.15,-0.3,9.97,-3.08,0.72,-0.15,-0.03,-0.35,7.78,-2.01,1.5,-0.13,-0.08,-0.45,7.79,-1.66,1.64,0.02,0.15,-0.47,8.33,-1.0,1.78,-0.33,0.21,-0.35,8.95,-0.95,2.44,-0.42,0.28,-0.18,9.71,-1.27,2.4,-0.46,0.23,-0.18,9.88,-1.41,2.16,-0.64,0.47,-0.28,9.64,-1.27,1.21,-0.4,-0.02,-0.42,9.72,-1.44,3.04,-0.23,-0.16,-0.26,9.24,0.01,1.53,-0.33,-0.33,-0.07,9.06,-0.15,2.11,-0.19,-0.16,0.12,9.56,-0.84,1.69,0.03,-0.07,0.04,8.88,-0.68,1.81,0.12,0.1,0.02,9.08,-0.63,1.84,0.01,0.06,0.13,9.33,-0.63,2.12,0.06,-0.04,-0.07,9.63,-1.27,1.88,0.09,0.17,0.19,9.51,-1.05,1.81,0.05,0.14,0.16,9.44,-0.59,2.15,-0.01,0.24,0.2,9.35,-1.04,2.02,-0.16,0.07,0.12,9.32,-0.99,1.88,-0.1,-0.01,0.29,9.33,-0.93,2.58,-0.03,-0.02,-0.04,9.6,-1.13,2.38,0.18,0.11,-0.17,9.59,-1.47,1.99
1.44,0.59,1.38,-4.18,3.9,-3.38,1.18,2.88,2.42,5.04,-5.42,-2.04,1.7,3.33,-0.95,20.95,-16.49,7.13,1.08,2.33,-1.71,24.22,-7.04,5.71,0.61,1.65,-0.9,22.45,-2.37,5.34,0.51,1.29,0.27,25.43,-5.53,2.83,0.08,-0.25,-0.51,20.36,-4.81,6.61,-0.02,-1.01,-0.25,11.09,-0.4,1.36,-0.09,-0.41,0.19,7.64,-0.66,1.19,-0.13,-0.59,-0.2,6.9,-1.25,2.12,-0.07,-0.25,-0.62,6.49,-0.7,1.08,-0.07,0.03,-0.42,6.84,-0.65,0.91,0.22,0.23,-0.48,8.8,-1.26,1.76,0.02,0.23,0.12,10.15,-1.31,2.08,-0.06,0.18,0.18,11.02,-2.35,2.73,-0.0,-0.19,-0.33,10.62,-1.83,2.43,-0.22,-0.07,0.05,9.42,-0.61,2.11,-0.17,-0.27,0.0,8.87,-1.15,1.83,-0.12,0.1,-0.12,8.67,-0.96,1.51,-0.06,0.14,0.02,8.97,-0.56,2.23,0.07,-0.02,0.04,9.46,-0.93,2.36,-0.01,0.07,-0.06,9.7,-0.91,2.13,0.0,-0.05,-0.11,9.75,-0.93,2.27,-0.06,-0.25,0.0,9.66,-1.02,2.13,-0.0,-0.02,-0.14,9.41,-1.0,1.74,-0.03,0.05,0.05,9.02,-0.81,1.87,0.07,0.1,0.13,8.94,-0.43,1.79,-0.17,0.16,0.19,9.31,-0.8,2.04,-0.09,0.0,0.2,9.71,-1.15,2.44,-0.1,0.06,0.11,9.82,-0.88,2.31
0.85,-1.09,-1.11,-6.08,2.45,2.32,0.65,0.1,0.68,-3.13,3.66,-4.17,0.26,2.17,1.99,2.0,-0.7,-5.17,0.99,3.72,0.49,13.13,-7.82,0.48,0.64,3.42,-0.89,20.65,-6.81,5.46,0.55,2.58,-1.3,23.24,-0.9,6.29,0.92,1.81,0.23,32.41,2.4,-1.59,-0.25,-0.43,1.08,24.87,-2.61,8.76,-0.16,-1.56,0.03,11.13,-1.65,3.02,-0.12,-0.75,-0.2,6.63,-0.5,0.88,-0.06,-0.85,-0.17,5.78,-0.87,2.63,0.29,-0.69,-0.15,6.72,-1.08,0.89,0.17,-0.03,0.0,7.19,-1.27,-0.64,0.21,0.47,-0.27,9.18,-1.32,0.62,0.05,0.0,0.12,10.21,-1.27,1.67,-0.03,0.06,-0.1,10.3,-1.48,1.27,0.05,0.09,-0.23,9.63,-0.92,1.62,-0.05,-0.14,-0.23,9.52,-0.92,1.75,0.01,0.11,-0.04,9.67,-0.42,0.67,0.15,0.18,-0.09,9.45,-0.57,1.6,0.03,0.06,-0.03,9.44,-0.32,1.56,-0.03,0.06,-0.04,9.54,-0.52,1.61,0.06,0.09,-0.08,9.72,-0.74,1.6,0.03,-0.06,-0.17,9.84,-0.97,1.88,-0.01,0.02,0.1,9.84,-0.84,1.72,-0.12,-0.02,0.11,9.52,-0.52,1.61,-0.18,-0.18,-0.12,9.39,-0.63,1.43,0.04,0.03,-0.23,9.53,-0.69,1.54,0.02,0.15,-0.04,9.56,-0.37,1.61,0.02,0.01,0.07,9.72,-0.39,1.75
1.07,2.89,0.97,8.54,-5.49,-2.5,1.35,3.41,-0.74,17.06,-10.5,-0.14,0.84,3.28,-1.54,22.95,-6.0,6.05,0.27,1.34,-0.85,25.4,-0.77,6.55,0.38,0.95,0.22,26.09,0.99,0.9,-0.13,-0.4,0.51,16.74,-3.59,6.34,0.05,-0.72,-0.65,10.56,-2.03,1.8,-0.05,-0.52,-0.37,7.23,0.13,1.94,-0.24,-0.66,-0.01,6.13,-0.45,2.19,0.16,-0.2,-0.46,6.32,-1.14,0.83,-0.0,-0.11,-0.5,6.68,-0.95,1.12,0.04,0.03,-0.23,7.98,-0.67,0.57,-0.06,-0.02,0.06,9.48,-0.67,0.01,0.02,0.28,0.22,10.5,-0.95,1.11,-0.12,0.18,-0.0,10.97,-1.67,2.17,-0.09,-0.03,-0.08,10.37,-0.68,2.26,-0.02,-0.05,-0.07,9.53,0.01,2.04,-0.1,-0.05,-0.0,9.28,-0.23,1.78,0.08,0.04,-0.15,9.3,-0.61,1.81,0.0,-0.02,-0.13,9.27,-0.12,1.63,-0.07,0.06,-0.02,9.46,-0.37,1.65,0.02,-0.0,0.06,9.75,-0.35,1.77,-0.05,-0.17,-0.25,9.91,-0.49,2.48,0.03,-0.09,0.06,9.58,-0.46,1.25,-0.04,0.03,-0.01,9.4,-0.59,2.41,-0.05,-0.14,0.08,9.48,-0.64,1.98,-0.03,0.13,0.09,9.28,-0.39,1.27,-0.04,-0.05,0.01,9.43,-0.88,2.32,0.02,0.02,0.01,9.47,-0.45,1.26,0.01,0.3,-0.04,9.5,-0.28,1.36
0.4,1.04,1.66,3.38,-1.54,-7.07,0.58,2.92,1.61,10.73,-8.72,-6.96,1.3,4.33,-1.45,22.84,-11.03,3.89,0.76,2.13,-1.82,25.84,-1.08,6.05,0.2,1.04,0.24,26.43,-0.39,0.43,-0.2,0.38,0.74,21.62,-3.42,0.48,0.08,-0.76,-0.5,12.46,-3.68,2.6,0.13,-0.49,-0.55,8.6,-0.26,0.32,-0.34,-0.26,-0.22,7.02,-0.07,1.22,-0.1,-0.27,-0.25,6.6,-1.05,0.58,0.11,0.08,-0.38,6.99,-1.36,0.24,-0.06,0.24,-0.23,8.08,-0.99,0.04,-0.18,0.32,-0.18,9.2,-1.54,0.23,-0.05,0.36,-0.17,10.09,-1.71,0.6,-0.17,0.29,-0.07,10.62,-0.94,0.93,-0.28,0.09,0.02,10.55,-0.81,1.02,-0.27,0.09,-0.06,9.97,-0.58,1.01,-0.29,-0.09,0.01,9.61,-0.4,1.32,0.07,-0.03,-0.13,9.26,-0.6,1.02,0.08,0.04,-0.01,9.25,-0.68,0.78,-0.02,0.1,0.07,9.42,-0.77,0.71,-0.08,-0.06,-0.1,9.69,-1.24,1.02,0.06,0.19,-0.03,9.73,-1.19,0.9,0.0,0.27,-0.01,9.7,-0.93,1.11,0.1,0.12,-0.07,9.72,-0.78,1.3,-0.05,0.15,-0.0,9.74,-0.85,1.23,-0.02,0.21,-0.04,9.71,-1.09,1.31,-0.07,-0.14,-0.0,9.5,-1.01,1.15,-0.08,0.07,-0.09,9.54,-0.82,1.13,-0.14,0.14,-0.16,9.76,-0.78,1.42
0.56,2.52,-0.15,8.3,-5.19,-5.47,0.61,3.64,-0.73,16.06,-4.99,0.56,0.24,2.74,-0.38,21.44,-2.05,7.84,0.16,1.11,-0.74,23.85,-0.31,5.72,0.64,0.83,-0.69,22.44,1.36,0.8,0.23,1.21,0.89,20.8,2.15,-0.74,0.15,-1.16,-0.11,14.64,-3.77,7.68,0.41,-0.75,-0.88,9.53,-2.17,1.7,0.05,-0.38,-0.82,6.67,0.2,1.12,-0.06,-0.34,-0.2,6.66,0.64,2.11,-0.05,-0.05,0.26,7.56,0.04,1.18,0.01,-0.09,0.09,8.61,-0.48,0.98,-0.18,0.03,0.02,9.63,-0.04,0.89,-0.02,0.03,-0.04,9.95,0.24,0.49,-0.13,0.13,-0.03,9.73,0.24,0.79,-0.02,-0.03,-0.13,9.31,0.11,2.26,0.19,-0.04,0.06,9.16,0.14,2.1,0.09,-0.04,0.0,9.34,0.1,1.53,0.15,0.03,-0.06,9.67,0.08,1.25,0.15,-0.02,-0.08,9.97,0.01,1.32,0.29,-0.03,-0.13,9.78,0.48,1.44,0.06,0.15,0.26,9.59,0.4,1.67,0.0,0.16,-0.04,9.35,0.14,1.66,0.06,0.12,0.02,9.21,0.15,1.59,0.17,0.1,0.03,9.35,0.09,2.15,-0.02,0.09,-0.06,9.47,0.13,1.93,0.06,0.29,0.16,9.39,0.38,1.88,0.03,-0.1,0.12,9.8,0.02,2.45,0.02,0.08,0.08,9.86,-0.09,1.58,-0.02,0.21,-0.18,10.04,-0.12,1.82
1.5,4.02,-0.43,11.64,-11.28,-10.5,1.32,4.74,-2.34,21.44,-5.73,5.68,0.1,2.31,-1.26,24.49,0.72,5.55,0.41,2.25,-0.09,26.39,3.69,-5.75,0.22,0.44,-0.27,21.42,-1.14,7.87,0.38,-0.55,-0.99,14.8,-0.1,5.89,0.18,-0.89,-0.46,9.48,0.49,4.3,0.09,-0.43,-0.04,7.23,-1.5,1.96,0.1,-0.19,-0.26,7.51,-1.85,1.15,-0.16,-0.12,0.24,8.92,-0.79,1.36,-0.18,0.01,0.15,9.72,-1.07,0.95,-0.13,0.26,-0.29,9.74,-0.53,1.29,-0.1,-0.06,-0.18,9.38,0.44,2.38,0.13,-0.21,-0.13,9.47,0.12,1.36,-0.1,-0.14,-0.14,9.6,-0.26,1.91,-0.02,-0.1,-0.08,9.6,0.16,1.16,-0.14,-0.02,-0.22,9.53,-0.09,2.07,-0.03,-0.06,-0.06,9.45,-0.05,1.48,-0.01,0.15,-0.2,9.22,0.06,0.96,0.04,-0.02,-0.28,9.51,0.02,1.89,0.04,0.09,-0.03,9.4,0.14,1.17,-0.16,0.09,0.04,9.56,0.09,1.98,0.0,0.0,0.0,0.0,0.0,0.0,0.0,0.0,0.0,0.0,0.0,0.0,0.0,0.0,0.0,0.0,0.0,0.0,0.0,0.0,0.0,0.0,0.0,0.0,0.0,0.0,0.0,0.0,0.0,0.0,0.0,0.0,0.0,0.0,0.0,0.0,0.0,0.0,0.0,0.0,0.0,0.0,0.0,0.0,0.0,0.0,0.0,0.0
1.29,-2.12,-2.34,-0.51,0.53,-0.12,1.18,-0.22,-2.04,2.19,13.96,-1.44,2.55,0.39,2.42,-0.66,15.16,2.41,2.93,0.79,4.86,-4.07,1.65,6.73,2.3,-0.24,3.53,-5.31,-31.36,16.35,3.0,-1.67,0.0,-3.86,-35.8,14.06,1.77,-1.01,-1.5,-2.04,-26.58,8.84,0.44,-0.96,-1.47,-1.27,-14.62,8.4,-0.07,-0.71,-1.53,-0.73,-12.21,7.54,-0.56,-0.71,-0.81,0.01,-8.92,6.62,-0.66,-0.62,-0.59,0.28,-8.56,5.77,-0.79,-0.64,-0.4,0.61,-8.18,5.66,-0.58,-0.77,-0.2,0.73,-8.38,4.77,1.11,-0.42,-1.42,1.4,-9.37,3.69,0.74,-0.01,-0.72,1.4,-5.92,3.9,-0.19,0.55,-0.1,1.86,-7.19,5.12,0.02,0.22,-0.54,1.3,-7.39,5.68,0.29,0.13,-0.79,1.64,-7.07,5.83,0.34,0.33,-1.04,1.86,-7.0,5.67,0.26,0.55,-1.17,2.78,-7.13,5.31,0.49,0.57,-0.49,3.83,-7.45,5.77,0.2,0.54,-0.05,2.75,-7.11,5.96,0.71,0.38,0.16,2.35,-7.04,5.85,-0.05,0.19,0.44,2.17,-6.93,5.73,-0.02,-0.05,0.57,1.86,-7.14,5.84,-0.06,-0.04,0.58,1.8,-7.38,5.39,-0.11,0.05,0.09,1.9,-7.79,5.95,-0.3,0.16,0.24,1.57,-7.4,6.22,-0.29,-0.14,0.37,1.77,-7.46,6.96,-0.76,-0.37,0.19,1.02,-8.63,6.48
-7.57,-2.18,-1.86,-3.21,-5.16,15.43,-8.87,-7.53,-3.06,-3.18,-7.58,16.83,-5.65,-10.94,-4.74,-8.42,-5.13,18.96,-1.39,-11.24,-5.77,-9.82,-7.36,8.87,2.54,-5.16,-6.57,2.24,-7.02,-9.57,4.02,0.09,-10.34,5.63,-11.48,-9.17,7.88,2.04,-13.68,0.43,-4.56,-1.59,10.66,2.87,-13.04,-0.3,3.85,0.65,9.23,3.49,-9.32,-0.46,11.51,-3.14,2.8,2.46,-0.96,0.29,16.93,3.52,-1.11,2.45,1.29,2.26,9.33,-0.22,-1.07,3.72,0.11,2.77,7.64,2.71,-0.36,0.56,0.36,3.76,8.25,7.65,-0.18,-0.22,0.06,3.88,6.57,4.18,-0.07,0.4,-0.42,3.49,7.78,3.44,-0.31,-0.15,-0.25,3.61,8.49,4.61,-0.07,-0.39,-0.24,3.26,8.56,3.65,0.09,-0.19,-0.06,3.36,8.88,3.17,-0.48,-0.32,-0.07,3.35,8.45,3.41,-0.88,-0.66,0.15,3.47,8.31,3.45,-0.21,-0.61,0.09,3.52,8.26,3.4,-0.1,-0.52,-0.28,3.53,8.44,3.53,-0.15,-0.29,-0.07,3.55,8.37,3.21,0.09,0.12,-0.02,3.45,8.73,3.04,-0.17,0.14,-0.1,3.54,8.54,3.27,-0.16,0.01,0.12,3.68,8.23,3.68,0.14,0.06,-0.09,3.68,8.22,3.82,0.06,0.05,0.06,3.57,8.38,3.37,-0.21,0.34,0.15,3.53,8.41,3.23,-0.19,0.31,0.29,3.58,8.15,3.62
-0.52,-0.38,-2.83,0.44,-1.84,2.18,1.61,-1.82,-5.24,1.02,9.1,2.74,2.0,-1.92,-3.21,-1.59,23.66,-0.29,3.64,1.78,6.18,-4.18,11.39,0.79,4.63,1.75,6.12,-5.83,-24.62,13.72,4.91,-1.41,0.88,-3.97,-38.01,12.98,2.54,-0.07,-0.07,-0.99,-28.2,6.46,1.11,-0.03,-0.77,-0.57,-25.48,9.13,0.97,-0.75,-2.19,-1.09,-17.0,7.18,-0.36,-0.18,-1.28,-0.4,-11.52,5.3,-0.23,0.32,-0.95,0.44,-9.04,5.81,-0.32,-0.24,-0.47,0.66,-7.7,6.48,-0.45,0.01,0.03,0.29,-7.87,4.56,-0.33,0.1,-0.02,0.72,-8.9,4.33,-0.21,-0.14,0.07,0.93,-8.46,4.58,-0.09,0.02,-0.02,1.06,-7.9,3.94,-0.06,0.32,0.11,1.04,-7.85,4.69,-0.21,-0.18,0.06,1.05,-8.19,4.98,-0.16,0.15,0.08,0.94,-8.21,3.95,-0.32,0.19,0.32,1.07,-8.03,4.51,-0.09,-0.11,-0.05,1.07,-8.42,4.74,0.11,-0.13,0.07,1.06,-8.36,4.61,0.07,-0.11,-0.28,1.22,-8.39,4.45,0.0,0.0,0.05,1.05,-8.27,4.35,0.01,-0.03,-0.08,1.1,-8.36,4.63,0.03,-0.08,-0.02,1.14,-8.28,4.6,0.15,0.08,-0.17,1.21,-8.41,4.59,0.07,-0.07,0.04,1.3,-8.53,4.81,0.07,-0.13,-0.08,1.22,-8.63,4.94,0.03,0.03,-0.0,1.14,-8.62,4.42
-0.42,-0.74,-2.11,0.64,-5.57,1.29,0.31,-1.27,-2.79,0.39,-1.89,0.67,1.05,-1.37,-2.74,0.69,-0.16,-1.25,1.6,-1.09,-2.85,1.03,3.76,-1.73,2.98,0.17,-0.64,1.31,9.19,-1.96,3.64,0.75,1.8,1.96,5.19,3.29,4.4,1.17,3.07,0.68,-7.79,8.08,3.58,0.25,2.24,1.19,-25.56,14.34,2.75,-0.35,0.87,1.07,-28.89,11.35,1.67,-0.06,-0.89,2.67,-25.0,8.65,0.36,-0.35,-0.99,2.12,-19.78,8.04,-0.13,0.03,-0.86,1.43,-13.98,5.26,-0.34,0.12,-0.27,1.41,-10.26,6.46,-0.47,-0.1,0.05,1.51,-7.1,5.58,-0.46,0.14,0.47,1.42,-6.5,4.83,-0.16,0.12,0.32,1.66,-7.19,4.57,-0.12,0.08,0.56,1.73,-7.03,4.62,0.15,-0.04,0.44,1.79,-7.46,5.09,0.34,-0.06,0.42,1.8,-8.3,5.33,-0.08,-0.06,0.36,1.52,-8.0,4.8,0.05,0.01,0.44,1.52,-8.58,4.83,0.04,-0.03,-0.2,1.3,-8.41,4.88,-0.05,-0.16,0.05,1.39,-7.96,4.9,-0.23,-0.05,0.0,1.41,-7.94,4.48,-0.02,-0.04,-0.09,1.64,-8.16,5.0,-0.12,-0.07,-0.02,1.74,-8.02,5.18,-0.12,-0.14,0.09,1.77,-8.22,5.04,0.02,-0.23,-0.07,1.65,-8.45,5.61,-0.08,-0.12,0.13,1.47,-8.29,5.25,-0.03,-0.05,0.02,1.3,-8.38,4.96
-0.27,-1.11,-3.0,0.55,1.38,-0.17,1.73,-0.26,-2.09,0.75,7.78,-1.96,3.13,0.08,-0.76,1.21,9.33,0.87,4.09,0.39,1.53,-0.06,5.37,4.76,3.29,0.39,4.42,-0.84,-14.3,10.01,3.46,-0.88,2.16,0.11,-30.54,12.11,2.96,-0.39,-0.31,0.45,-26.19,6.73,1.99,0.15,-0.29,0.95,-19.44,8.92,1.27,-0.48,-0.64,1.07,-18.31,8.99,0.53,0.01,-0.88,0.82,-14.53,6.9,0.09,0.07,-0.71,0.64,-11.9,6.52,-0.08,-0.0,-0.53,0.95,-9.81,6.27,-0.23,-0.16,-0.33,1.25,-7.99,5.49,-0.34,0.03,-0.2,1.36,-7.83,4.73,-0.33,0.11,-0.22,1.96,-7.49,5.32,-0.11,0.16,-0.05,2.32,-6.63,5.55,-0.15,-0.02,0.03,2.33,-7.1,5.45,-0.12,-0.08,0.0,2.12,-7.57,5.42,-0.04,-0.09,-0.05,1.93,-8.02,5.01,0.0,-0.22,0.03,1.79,-8.18,4.71,-0.05,-0.09,0.05,1.87,-8.39,5.05,-0.06,-0.13,0.01,1.62,-7.87,4.79,0.04,-0.03,0.02,1.72,-7.94,5.01,0.24,0.14,0.01,1.69,-7.73,5.21,0.13,-0.07,0.21,1.73,-7.87,5.11,0.23,0.15,-0.12,1.59,-8.21,4.95,0.19,0.2,0.11,1.57,-7.78,5.41,0.05,-0.07,0.1,1.73,-8.17,5.66,0.15,-0.05,-0.03,1.68,-7.87,5.4,0.01,0.0,-0.18,1.71,-7.53,5.31
-1.24,0.04,-1.93,1.65,-1.85,-1.13,-1.02,0.52,-3.96,2.4,7.61,0.99,2.55,-0.42,0.15,-1.37,20.62,5.74,3.08,0.17,3.38,-0.57,4.6,5.9,5.21,-0.83,2.49,-1.17,-16.5,10.73,4.09,-1.17,0.33,1.34,-31.74,5.23,3.43,-0.75,-0.82,2.17,-28.69,4.22,1.98,-0.62,-1.41,2.03,-24.47,6.15,1.24,-0.2,-1.88,1.97,-18.47,5.63,0.33,-0.07,-1.25,2.39,-12.48,6.65,0.2,-0.19,-0.84,2.63,-10.29,6.63,-0.09,-0.13,-0.23,2.4,-7.99,5.0,-0.07,-0.04,0.15,2.54,-8.17,4.71,0.03,0.04,0.04,2.78,-8.35,4.25,-0.21,-0.12,0.16,3.18,-8.02,4.41,-0.07,0.36,0.06,3.24,-7.61,4.1,0.11,0.14,-0.06,3.34,-7.42,5.04,0.12,0.07,0.05,3.15,-7.52,4.75,0.14,-0.03,0.05,2.97,-7.71,4.68,0.02,-0.06,0.15,2.79,-7.9,4.68,0.24,-0.18,0.03,2.63,-8.23,4.74,0.21,-0.09,-0.02,2.53,-8.42,4.5,0.11,0.02,-0.02,2.38,-8.23,4.65,0.1,-0.18,0.01,2.47,-8.09,4.92,0.14,-0.03,-0.1,2.27,-8.29,4.85,0.21,0.12,0.02,2.33,-7.89,4.55,-0.07,0.1,0.02,2.51,-8.11,4.95,0.11,0.09,-0.04,2.61,-8.42,5.19,0.02,0.03,0.07,2.54,-7.86,4.81,0.04,0.12,-0.03,2.57,-8.12,4.84
4.84,-0.56,3.27,-2.35,-24.43,13.87,4.4,-0.47,-0.4,0.77,-33.32,6.67,3.18,0.04,-0.95,2.49,-25.16,8.11,2.01,-0.65,-0.46,1.58,-20.14,8.29,1.07,-0.22,-0.71,0.98,-15.66,6.48,0.29,0.18,-0.63,1.09,-12.53,6.47,0.22,-0.05,-0.31,1.54,-10.34,6.57,0.03,-0.13,-0.13,1.51,-8.87,5.84,-0.06,-0.23,0.05,1.43,-8.63,4.86,-0.06,-0.06,-0.22,1.86,-7.97,4.85,-0.15,-0.16,-0.18,2.14,-7.35,4.9,0.03,0.09,0.07,2.2,-7.14,4.92,-0.1,0.02,-0.02,2.44,-7.7,6.04,0.1,-0.24,-0.27,2.37,-7.49,5.71,0.0,-0.16,0.16,2.29,-7.41,4.8,-0.01,0.01,-0.2,2.22,-8.06,5.28,-0.07,-0.1,-0.01,2.01,-7.64,4.86,-0.07,0.29,0.17,2.02,-7.57,4.8,0.0,0.15,0.05,2.02,-8.01,5.39,-0.1,0.03,-0.06,2.05,-7.63,5.23,-0.05,-0.03,0.04,2.09,-7.77,5.22,-0.09,0.12,0.01,2.13,-7.86,5.47,0.05,-0.01,-0.01,2.12,-7.93,5.34,-0.05,0.03,0.19,2.06,-7.93,5.3,0.08,-0.04,0.02,1.94,-7.96,5.25,0.07,0.04,-0.08,1.95,-7.95,5.26,0.08,0.14,-0.1,1.89,-7.89,4.89,-0.01,0.02,-0.12,1.91,-7.75,5.28,0.13,0.01,-0.1,1.96,-7.76,5.33,-0.03,0.07,0.05,2.1,-7.83,5.46
0.76,-1.11,-2.79,1.54,-0.8,2.08,1.29,-1.16,-2.76,1.24,3.85,-0.91,1.9,-0.39,-1.73,1.43,12.72,-4.65,2.64,1.53,3.38,-0.61,16.51,-1.93,3.82,1.78,5.95,-3.78,-3.46,11.81,4.9,0.18,2.91,-4.72,-33.6,17.95,4.36,-0.8,-0.02,-2.68,-36.01,15.71,2.95,-0.67,-1.76,-0.2,-27.45,11.67,1.72,-0.49,-1.87,0.98,-15.44,10.07,0.32,-0.34,-0.54,1.12,-9.49,9.31,-0.25,-0.25,-0.05,1.44,-7.97,8.63,-0.3,-0.17,-0.2,1.46,-6.49,7.17,-0.13,-0.16,0.04,1.53,-5.71,6.59,-0.19,-0.07,0.43,1.58,-6.27,5.79,-0.14,-0.05,0.26,1.72,-7.51,5.91,0.05,0.1,0.13,1.74,-7.6,5.75,-0.02,0.06,0.18,1.62,-7.43,6.26,0.01,0.11,-0.09,1.63,-7.44,6.5,0.01,0.05,-0.2,1.4,-7.06,6.93,-0.09,0.09,-0.08,1.4,-6.85,6.73,-0.12,-0.15,-0.02,1.53,-6.6,6.94,-0.03,0.02,0.2,1.64,-6.54,7.11,-0.11,-0.02,0.04,1.55,-6.8,6.81,-0.0,0.03,0.21,1.48,-6.82,6.59,-0.1,-0.07,0.12,1.47,-6.87,6.59,0.13,-0.07,0.16,1.5,-7.3,6.36,0.03,0.02,-0.24,1.48,-7.25,6.17,0.09,-0.11,0.03,1.43,-7.11,6.59,0.23,-0.13,-0.18,1.56,-7.08,6.42,0.31,-0.03,-0.29,1.61,-6.56,6.41
-1.13,0.09,-2.6,1.68,1.01,1.71,-1.24,-0.11,-4.02,0.99,8.88,1.99,4.1,-0.52,-1.27,-1.5,25.74,3.05,3.58,1.49,5.85,-4.93,0.01,1.35,6.27,1.19,3.9,-2.97,-23.62,12.66,4.82,0.09,1.38,-0.58,-33.04,12.46,3.01,0.12,-0.14,2.35,-27.66,11.24,1.49,-0.57,-0.5,0.86,-18.78,13.09,0.37,-0.94,-0.51,0.31,-13.47,10.46,-0.2,-0.78,-0.34,0.18,-10.4,7.16,-0.26,-0.16,-0.33,0.22,-8.01,5.48,-0.42,-0.11,0.02,0.43,-7.47,5.88,-0.34,-0.01,0.09,0.77,-7.53,5.58,-0.23,0.07,0.32,1.13,-7.39,5.62,-0.2,0.03,0.09,1.31,-8.01,6.33,-0.08,-0.03,0.09,1.38,-7.83,6.2,-0.21,-0.18,0.04,1.24,-7.47,6.19,-0.05,0.01,0.08,1.17,-7.57,5.84,0.03,-0.06,-0.12,1.0,-7.52,5.63,-0.1,-0.14,0.05,1.15,-7.43,6.03,-0.11,-0.02,0.07,1.25,-7.56,5.91,0.08,-0.05,0.11,1.02,-7.18,5.97,0.0,-0.26,0.18,1.07,-7.58,5.76,-0.04,-0.08,-0.06,1.02,-7.9,5.58,-0.18,-0.22,-0.06,0.95,-8.05,5.59,-0.14,-0.26,-0.07,0.99,-8.11,5.47,-0.32,-0.26,-0.04,1.15,-8.0,5.48,-0.11,-0.28,-0.08,1.23,-7.54,5.41,-0.17,-0.27,0.3,1.27,-7.41,5.59,-0.13,-0.23,0.22,1.28,-8.09,5.57
-2.91,0.16,-1.81,0.86,-2.58,2.52,1.29,-1.01,-5.75,-0.54,9.94,2.59,4.19,0.58,3.26,-6.74,37.9,-5.94,4.36,2.63,7.75,-9.27,4.84,8.93,6.74,-0.56,4.1,-4.36,-31.06,24.21,4.48,-0.92,0.03,2.21,-36.7,13.24,2.88,-0.5,-0.74,4.0,-28.09,12.29,1.57,-1.22,-1.09,3.39,-22.96,10.88,0.57,-0.74,-1.67,2.39,-16.22,6.96,0.05,-0.15,-1.29,1.85,-10.99,6.31,-0.21,0.0,-0.7,2.05,-8.12,6.58,-0.15,-0.07,-0.36,2.3,-6.23,5.86,-0.1,0.14,0.02,2.28,-6.06,5.3,-0.24,-0.06,0.16,2.59,-7.04,5.74,-0.07,-0.02,-0.17,3.11,-7.6,5.45,-0.07,0.2,0.0,3.12,-6.77,5.71,-0.13,-0.01,-0.18,3.19,-6.93,6.72,0.07,-0.23,-0.19,3.03,-6.51,5.81,0.04,0.1,-0.15,2.97,-6.68,5.51,-0.15,0.05,-0.01,2.86,-7.09,5.63,0.14,0.05,-0.27,2.88,-7.29,5.69,0.08,0.15,-0.07,2.91,-6.84,5.59,0.02,0.18,-0.05,2.98,-6.9,5.9,0.02,0.03,0.03,3.22,-6.99,6.27,0.06,0.05,0.05,3.33,-6.83,6.28,-0.02,0.02,0.03,3.21,-6.83,6.41,-0.01,-0.2,-0.1,3.2,-7.16,6.27,0.1,-0.13,-0.06,3.09,-6.83,6.07,0.06,0.0,0.04,3.03,-6.77,5.99,0.09,-0.3,-0.09,2.83,-7.0,6.25
0.26,-0.95,-2.63,1.95,-1.56,4.86,0.0,0.0,0.0,0.0,0.0,0.0,0.0,0.0,0.0,0.0,0.0,0.0,0.0,0.0,0.0,0.0,0.0,0.0,0.0,0.0,0.0,0.0,0.0,0.0,0.0,0.0,0.0,0.0,0.0,0.0,0.0,0.0,0.0,0.0,0.0,0.0,0.0,0.0,0.0,0.0,0.0,0.0,0.0,0.0,0.0,0.0,0.0,0.0,0.0,0.0,0.0,0.0,0.0,0.0,3.75,-0.68,0.5,-1.4,-28.76,10.75,1.76,-0.53,-0.1,1.6,-22.47,10.76,0.67,-0.78,-0.83,2.34,-18.61,10.05,-0.07,-0.5,-1.15,2.5,-13.43,7.19,-0.59,-0.26,-0.58,2.49,-10.34,5.92,-0.39,0.02,-0.47,2.26,-7.62,5.12,-0.29,0.02,0.05,2.12,-6.59,4.77,-0.23,0.11,0.11,2.36,-6.7,4.96,-0.08,0.09,0.22,2.4,-6.41,4.87,-0.05,0.2,0.35,2.47,-7.19,4.95,-0.0,0.21,0.14,2.62,-8.04,5.44,0.02,-0.03,0.14,2.37,-8.55,5.24,-0.19,0.14,0.16,2.19,-8.89,5.01,-0.11,0.09,-0.1,2.0,-8.64,5.3,-0.1,-0.07,0.01,1.9,-7.66,5.12,-0.04,0.12,-0.02,1.92,-7.33,5.07,0.1,0.1,0.04,2.09,-7.46,5.29,0.04,-0.05,-0.1,2.24,-7.65,5.38,0.05,0.11,0.13,2.23,-7.69,5.0,0.05,-0.03,0.0,2.2,-7.75,5.29
-1.2,0.22,-2.71,2.51,8.44,4.33,1.68,-1.38,-0.78,2.86,19.1,5.01,2.92,-0.59,4.57,-1.26,8.57,3.45,4.16,-1.51,3.93,-3.69,-19.26,8.2,5.21,-1.91,0.52,-5.02,-29.79,3.54,3.53,-0.66,-1.13,-2.22,-25.49,4.73,2.57,-0.12,-1.47,0.25,-20.43,6.18,1.52,0.04,-1.13,1.09,-16.79,7.71,0.56,0.26,-0.33,1.12,-13.53,7.37,0.02,-0.07,-0.34,1.25,-10.93,7.22,0.11,-0.2,-0.18,1.44,-8.72,5.77,-0.14,-0.18,0.33,1.73,-8.96,5.07,0.13,-0.2,-0.12,1.87,-10.03,4.48,-0.05,-0.2,-0.05,2.02,-9.46,4.86,-0.15,-0.45,-0.28,2.19,-8.12,5.32,-0.22,-0.37,0.04,2.43,-7.18,4.79,-0.05,-0.06,0.14,1.59,-7.32,5.02,0.19,-0.06,-0.1,1.27,-7.53,4.8,0.37,0.03,-0.08,1.36,-7.6,5.04,0.26,-0.2,-0.16,1.09,-8.54,5.81,0.41,0.07,-0.23,0.7,-9.37,5.53,0.16,0.15,-0.32,1.46,-8.09,5.9,-0.09,-0.01,-0.1,1.79,-7.73,5.8,0.14,0.01,-0.11,1.97,-7.65,5.16,0.07,0.03,-0.07,2.21,-7.55,5.48,0.05,0.08,-0.1,1.87,-8.02,5.49,0.09,0.0,-0.02,1.73,-8.11,5.47,-0.12,-0.01,-0.15,1.81,-7.84,5.51,0.06,0.01,-0.17,1.64,-7.74,5.51,0.03,0.1,-0.09,1.88,-7.89,5.41
1.69,-1.04,-3.27,4.5,8.84,1.64,3.36,-1.25,-1.36,1.93,16.42,-0.9,3.93,1.26,4.41,-3.45,6.61,0.74,4.43,0.36,4.22,-3.86,-16.86,13.72,4.01,-0.52,1.12,-1.82,-28.7,10.32,2.86,0.35,0.05,-0.45,-22.64,8.8,1.26,0.18,-0.29,1.04,-16.98,13.1,0.56,-0.21,-0.34,0.31,-14.68,11.13,0.37,-0.12,-0.75,0.26,-10.64,9.55,-0.14,-0.11,-0.02,0.26,-9.12,8.23,-0.17,-0.02,0.24,0.23,-9.07,6.8,-0.15,0.05,0.01,0.54,-8.83,5.7,-0.07,0.11,-0.12,0.83,-8.21,5.48,-0.38,0.14,0.04,1.34,-7.36,5.82,0.17,-0.03,0.06,1.8,-7.18,6.53,-0.03,-0.13,-0.03,1.8,-6.8,6.13,-0.22,-0.1,-0.13,1.71,-6.9,5.93,0.02,-0.09,-0.08,1.55,-7.55,5.89,-0.01,-0.05,-0.35,1.47,-7.45,5.95,0.02,0.09,-0.12,1.31,-7.22,5.8,-0.02,-0.14,-0.0,1.36,-7.39,6.14,-0.03,-0.16,-0.06,1.26,-7.09,6.04,-0.1,0.06,0.02,1.25,-7.2,6.07,0.01,-0.16,0.0,1.34,-7.58,6.45,-0.23,0.02,0.38,0.93,-7.41,5.7,-0.35,0.1,0.43,0.88,-7.74,6.07,0.1,-0.15,-0.02,0.91,-8.08,6.16,-0.14,-0.03,0.03,0.71,-7.41,5.63,-0.27,0.08,0.05,0.98,-7.64,6.19,0.02,-0.23,-0.09,0.96,-7.82,5.89
0.46,2.83,0.03,5.06,-2.66,-5.59,0.79,4.07,-0.45,10.94,-4.71,-3.33,0.67,3.44,-1.14,22.95,-2.05,7.26,0.14,1.48,-0.02,24.65,0.62,7.61,0.51,1.3,0.9,22.49,1.28,-0.53,0.03,0.24,0.4,18.31,-2.61,5.53,0.0,0.0,0.0,0.0,0.0,0.0,0.0,0.0,0.0,0.0,0.0,0.0,0.0,0.0,0.0,0.0,0.0,0.0,0.0,0.0,0.0,0.0,0.0,0.0,0.0,0.0,0.0,0.0,0.0,0.0,0.0,0.0,0.0,0.0,0.0,0.0,0.0,0.0,0.0,0.0,0.0,0.0,0.0,0.0,0.0,0.0,0.0,0.0,0.0,0.0,0.0,0.0,0.0,0.0,0.0,0.0,0.0,0.0,0.0,0.0,0.15,0.09,0.25,9.76,0.09,1.93,0.14,0.0,0.46,10.18,-0.89,2.11,0.0,0.0,0.0,0.0,0.0,0.0,0.0,0.0,0.0,0.0,0.0,0.0,0.0,0.0,0.0,0.0,0.0,0.0,0.0,0.0,0.0,0.0,0.0,0.0,0.0,0.0,0.0,0.0,0.0,0.0,0.0,0.0,0.0,0.0,0.0,0.0,0.0,0.0,0.0,0.0,0.0,0.0,0.35,-0.12,-0.2,9.49,0.11,2.23,-0.02,-0.09,-0.02,9.36,0.5,2.0,0.02,-0.03,0.06,9.46,-0.08,2.15,0.0,0.21,0.16,9.61,0.27,1.41,-0.57,0.58,0.47,9.48,0.07,2.52
1.0,1.59,1.27,7.39,-3.58,-0.58,1.24,2.61,0.2,14.81,-8.31,0.05,1.04,2.68,-1.45,21.06,-6.83,1.23,0.33,1.92,-0.87,22.25,-1.52,2.49,0.56,1.23,-0.56,20.68,-1.58,1.78,0.34,0.9,-0.04,16.93,-1.4,1.46,0.1,0.15,0.09,14.07,-1.74,2.32,0.05,-0.18,-0.13,11.91,-1.19,2.06,-0.03,-0.14,-0.11,8.9,-0.1,1.62,0.05,-0.36,-0.09,8.45,-0.54,1.77,0.03,-0.24,-0.05,8.08,-0.43,1.08,0.13,-0.06,-0.06,8.28,-0.3,1.57,0.02,0.09,0.01,8.62,-0.44,1.37,0.14,0.23,-0.04,9.4,-0.97,1.72,0.03,0.25,0.25,9.91,-0.84,1.6,-0.15,0.01,0.1,10.08,-1.01,2.09,-0.05,0.06,-0.04,9.98,-0.48,2.07,-0.08,0.02,0.14,9.92,-0.18,2.2,0.04,-0.02,0.19,9.65,-0.73,2.05,0.15,-0.02,-0.18,9.4,-0.59,1.62,0.01,-0.02,-0.09,9.26,-0.79,2.74,0.12,0.07,-0.02,9.35,-0.59,1.66,0.13,0.19,0.01,9.33,-0.68,2.22,0.09,0.06,-0.13,9.49,-0.73,1.73,0.15,0.27,0.07,9.56,-0.56,1.75,0.03,0.06,0.08,9.74,-0.53,2.39,-0.01,0.06,0.08,9.81,-0.54,2.32,0.2,0.19,0.07,9.89,-0.73,2.18,0.22,0.03,0.0,9.8,-1.17,2.44,0.11,-0.1,-0.15,9.58,-0.95,2.31
1.57,2.5,0.21,-4.07,3.19,-4.75,0.19,4.57,0.99,7.23,-5.58,-5.81,0.8,4.37,-1.58,21.75,-11.64,7.34,0.25,2.25,-1.24,25.32,-2.54,13.66,0.61,1.21,-0.85,24.43,1.26,8.22,0.63,0.93,-0.18,21.53,1.39,5.24,0.52,-0.33,0.17,18.73,-0.28,6.72,0.33,-0.78,0.31,13.15,-0.69,3.05,0.16,-0.16,-0.39,7.95,-0.26,0.58,0.0,-0.31,-0.25,6.9,0.14,3.53,0.06,-0.51,-0.0,7.33,0.25,2.05,-0.23,0.18,-0.11,7.97,-0.1,1.54,0.03,0.1,-0.11,9.0,0.15,2.62,-0.14,0.0,0.5,10.6,-0.43,3.31,-0.0,0.14,0.1,10.58,-0.82,2.64,-0.11,0.12,-0.2,9.9,-1.09,2.66,-0.02,0.21,-0.41,9.22,-0.57,2.84,-0.16,0.01,-0.15,8.72,0.71,3.1,-0.29,0.05,0.12,8.86,0.66,3.25,0.01,0.11,-0.02,8.99,0.48,3.06,-0.04,0.06,0.01,9.1,0.72,2.61,0.1,0.01,-0.12,9.33,0.41,3.25,0.01,0.11,0.07,9.26,0.69,2.83,-0.13,0.06,0.05,9.29,0.15,2.96,-0.03,-0.03,-0.03,9.42,0.12,3.5,0.1,0.04,-0.2,9.24,0.14,3.32,0.08,-0.09,-0.13,9.19,0.06,3.1,-0.17,0.06,-0.03,9.14,0.29,2.75,-0.13,0.12,0.01,9.2,0.16,3.32,-0.06,0.06,0.01,9.45,0.31,3.43
1.03,2.81,1.46,-2.75,3.95,-4.17,1.48,4.62,0.31,13.28,-11.55,-1.2,1.84,4.87,-2.35,20.53,-10.09,5.29,0.58,2.66,-1.18,22.55,3.11,13.64,1.04,1.0,0.15,22.19,0.63,9.36,0.4,0.4,0.56,25.2,-6.4,5.54,-0.13,-1.19,0.41,15.64,-3.4,6.68,-0.12,-1.39,0.2,9.18,-1.07,2.34,-0.2,-0.26,-0.08,6.64,-0.85,1.58,-0.13,-0.52,-0.81,6.57,-1.15,3.19,-0.03,-0.5,-0.58,7.32,-0.26,1.46,0.03,0.12,-0.14,9.09,0.29,0.76,-0.04,0.15,-0.01,10.22,-0.27,2.44,-0.07,-0.16,0.09,10.67,-1.23,3.81,0.06,0.05,-0.28,9.74,-0.4,2.28,-0.1,0.11,-0.01,9.06,0.09,2.12,-0.23,-0.03,0.31,9.09,-0.62,2.76,-0.01,0.15,-0.05,8.97,-0.74,2.42,-0.08,0.12,-0.1,8.97,-0.31,2.17,-0.02,0.16,-0.07,9.54,-0.57,2.52,-0.04,0.09,-0.06,9.74,-0.2,2.87,0.01,0.04,-0.06,9.77,-0.02,3.47,-0.01,-0.02,0.22,9.36,0.04,3.13,0.2,-0.04,0.13,9.28,-0.37,3.06,0.07,-0.07,0.17,9.09,-0.46,2.78,0.13,-0.03,-0.01,9.05,-0.72,2.54,-0.02,-0.09,-0.03,9.14,-0.6,2.56,0.1,0.0,-0.13,9.28,-0.46,2.42,0.01,0.19,0.01,9.32,-0.4,2.84,-0.01,0.06,-0.05,9.64,0.06,2.9
0.49,2.26,1.11,3.59,-1.67,-7.89,1.12,3.61,-0.42,14.27,-10.06,-2.11,1.3,4.43,-2.44,21.63,-6.67,0.67,0.09,2.01,-1.0,23.83,2.21,8.79,0.26,1.38,-0.53,21.82,1.25,2.79,0.39,1.0,-0.71,19.54,1.99,0.89,-0.17,0.0,0.34,16.67,1.07,2.96,-0.02,-0.34,-0.26,10.92,-0.56,2.6,0.09,-0.06,-0.81,7.71,0.83,1.43,-0.12,-0.39,0.15,7.0,1.38,2.12,-0.1,-0.03,-0.1,7.95,0.42,1.73,0.03,0.26,0.11,9.19,0.67,1.28,0.01,0.08,0.15,9.81,0.87,2.11,0.05,-0.03,0.29,9.97,0.87,1.62,-0.03,0.05,0.4,9.83,0.03,2.07,-0.02,-0.23,0.19,9.72,-0.28,2.67,0.02,0.09,0.04,9.59,0.14,1.98,0.0,0.05,0.06,9.69,0.21,1.84,0.01,-0.08,-0.04,9.68,0.18,1.97,-0.07,-0.07,0.13,9.56,0.23,2.24,-0.0,-0.04,-0.02,9.43,0.18,1.67,0.03,0.16,-0.01,9.34,0.21,1.59,-0.08,-0.09,0.19,9.53,0.08,2.11,-0.0,0.02,-0.1,9.59,0.22,1.68,-0.08,0.11,0.08,9.7,0.22,2.25,0.05,0.05,-0.09,9.59,0.33,2.0,0.01,0.06,0.14,9.52,0.18,1.61,0.0,0.56,0.21,9.2,0.4,0.91,-0.14,0.61,0.31,9.19,-0.08,2.46,-0.13,0.26,0.26,9.6,-0.06,2.92
-0.45,1.11,1.54,11.21,-4.75,-2.9,0.65,2.59,-0.33,19.16,-8.86,-0.84,0.5,2.99,-1.84,23.0,-3.6,4.99,0.21,1.53,-0.95,22.77,2.84,4.56,0.14,1.3,-0.15,19.55,2.32,1.92,0.14,0.54,0.15,16.17,0.74,2.38,-0.08,-0.07,0.31,13.32,-0.37,1.58,0.04,-0.23,-0.05,10.43,-1.01,1.57,0.06,-0.03,-0.5,8.02,-0.26,1.69,-0.19,-0.07,-0.52,7.97,0.33,2.32,0.04,0.17,-0.28,8.65,0.7,1.91,-0.09,0.19,-0.17,9.23,1.31,1.89,-0.06,0.22,0.02,10.12,1.08,1.9,-0.07,-0.02,0.2,10.63,0.07,2.01,0.0,-0.01,-0.05,9.98,0.0,1.97,-0.05,0.17,-0.25,9.3,0.18,1.75,-0.08,0.15,-0.15,9.02,0.21,2.18,0.03,0.05,-0.03,8.93,0.21,2.11,-0.06,0.35,-0.1,9.27,0.18,1.96,-0.01,0.33,-0.05,9.41,0.64,2.19,-0.0,0.15,-0.13,9.66,0.59,3.07,0.09,0.02,0.07,9.8,0.48,2.75,0.02,0.05,-0.01,9.74,0.72,2.57,0.05,0.15,0.15,9.73,0.75,2.91,0.04,0.04,0.14,9.6,0.5,2.75,-0.01,-0.05,0.06,9.55,0.24,2.5,-0.17,-0.02,0.11,9.33,0.34,2.74,-0.08,0.01,-0.11,9.32,0.39,2.52,0.05,0.13,0.1,9.27,0.55,2.33,0.08,0.05,-0.06,9.43,0.56,2.54
1.57,0.87,1.13,0.93,-1.06,-4.8,1.0,2.66,1.08,7.11,-5.25,-4.34,1.22,3.19,-0.18,18.47,-6.67,1.18,0.82,2.87,-0.87,22.14,-4.51,4.67,0.64,1.65,-0.8,22.82,-1.63,7.56,0.44,0.68,-0.8,19.9,-1.06,4.58,0.15,0.6,-0.66,16.48,-0.38,2.75,-0.12,0.02,-0.43,13.82,-0.75,3.7,-0.05,-0.36,-0.18,11.26,-0.64,2.09,-0.09,0.06,-0.35,9.62,-0.53,1.22,-0.18,-0.09,-0.56,8.87,0.04,2.56,-0.08,-0.2,-0.31,9.02,0.64,2.54,0.05,0.09,-0.26,9.28,0.72,2.51,0.03,0.22,-0.3,9.33,1.0,2.85,0.07,0.14,-0.21,9.56,0.52,3.16,0.02,0.0,-0.16,9.46,0.55,2.36,0.05,0.09,0.03,9.43,0.28,2.39,0.06,0.16,-0.13,9.44,0.34,2.52,-0.03,-0.09,0.17,9.51,0.55,2.47,-0.1,-0.05,0.14,9.65,0.08,2.87,0.09,0.01,-0.01,9.65,0.16,3.39,0.24,-0.12,0.12,9.6,0.29,2.99,0.57,-0.27,0.17,9.64,-0.01,2.92,0.72,-0.22,-0.02,9.5,0.14,2.68,0.53,-0.27,-0.02,9.46,-0.17,2.44,0.29,-0.15,-0.1,9.28,-0.09,2.02,0.22,0.0,-0.44,9.09,0.27,1.87,-0.01,0.05,-0.16,9.29,0.44,2.43,-0.0,0.06,-0.05,9.28,0.62,2.58,0.03,0.06,-0.07,9.51,0.85,2.45
0.41,2.84,0.5,5.56,-1.62,-5.18,0.17,2.93,0.56,13.15,-7.12,1.36,0.44,3.15,-1.32,21.21,-7.43,4.29,0.43,1.38,-1.54,23.43,1.68,7.72,0.2,0.58,-0.67,22.04,3.73,3.53,0.75,0.55,0.53,20.74,4.43,-2.56,0.06,-0.24,1.41,16.76,-3.26,5.18,0.45,-0.93,-0.41,12.02,-2.93,3.38,0.14,-0.51,-0.29,7.85,1.07,1.56,0.02,-0.53,-0.3,6.81,1.11,2.56,0.21,-0.36,-0.37,7.09,0.78,0.81,0.25,0.25,-0.28,7.76,0.94,0.6,0.16,0.2,0.16,8.99,0.69,0.71,-0.18,0.32,0.25,10.24,-0.31,1.02,0.1,0.15,-0.08,10.53,-0.73,1.93,0.14,0.17,-0.2,9.96,0.3,2.41,0.2,0.09,-0.16,9.5,0.98,2.34,0.27,-0.01,0.22,9.6,0.63,2.01,0.12,0.05,0.1,9.53,0.65,1.79,0.11,0.07,-0.05,9.57,0.5,2.04,-0.05,-0.2,0.07,9.66,0.72,2.02,0.14,0.08,-0.05,9.71,0.49,1.77,0.14,0.1,0.02,9.69,0.56,2.35,0.16,-0.0,0.12,9.68,0.7,1.9,0.16,0.1,0.17,9.61,0.69,1.75,0.08,-0.13,-0.15,9.66,-0.21,2.5,0.05,-0.06,-0.07,9.63,0.27,1.86,0.07,0.14,0.07,9.6,0.46,1.63,0.06,-0.06,-0.18,9.32,0.23,2.62,0.15,0.01,-0.07,9.6,0.72,2.04
-0.11,2.02,1.2,-7.14,5.28,-5.67,1.53,3.67,1.25,-9.06,5.54,-3.59,1.84,4.9,0.53,-4.72,2.85,1.89,2.17,3.84,0.59,9.5,0.57,17.54,1.79,2.47,-0.34,19.05,-3.95,19.05,1.45,0.74,-1.0,21.67,-2.87,16.62,0.76,-0.78,-1.39,19.03,-0.83,11.99,0.48,-0.35,-0.79,17.84,0.16,10.08,-0.35,-1.55,-0.49,15.73,-1.92,13.36,-0.41,-1.1,-0.37,9.61,1.8,4.26,-0.27,-0.59,-0.09,6.73,3.0,3.48,-0.0,-0.21,0.27,6.92,1.49,2.63,-0.09,0.1,-0.05,7.08,1.0,2.36,-0.04,-0.05,-0.05,7.88,1.46,4.5,-0.03,-0.03,-0.15,8.83,1.48,4.13,0.07,-0.05,-0.21,9.19,1.27,4.27,0.05,-0.16,-0.15,8.99,1.31,4.49,-0.01,-0.16,-0.29,8.84,1.44,4.26,-0.03,0.02,-0.12,8.41,1.62,4.3,-0.02,0.02,-0.12,8.35,1.96,4.62,-0.02,0.1,0.18,8.42,1.93,4.07,-0.11,0.09,0.02,8.54,1.66,4.61,-0.09,0.12,-0.13,8.54,1.65,4.91,-0.06,0.13,0.06,8.47,1.46,4.2,-0.03,0.29,0.12,8.29,1.62,4.45,-0.13,0.12,-0.21,8.42,1.45,4.49,-0.23,0.19,-0.11,8.48,1.09,4.31,-0.08,-0.01,-0.32,8.37,1.87,5.19,-0.03,-0.23,0.04,8.44,2.0,4.59,-0.11,-0.01,-0.01,8.37,2.02,4.79
-1.5,-1.05,-0.58,0.92,0.13,0.45,1.25,-1.65,-0.77,1.1,3.11,-5.5,2.38,0.9,0.57,-1.24,5.3,-16.95,0.0,4.45,0.47,-3.56,1.35,-1.27,1.56,3.93,1.12,-4.13,0.38,23.01,1.56,0.93,0.65,-1.45,-2.64,33.71,0.71,-0.35,0.54,0.14,-1.03,27.87,1.12,-1.17,0.16,-0.04,-0.91,23.59,0.0,-1.01,-0.24,-0.19,-2.48,16.17,-0.09,-0.6,-0.21,-0.31,-1.31,12.25,0.11,-0.45,-0.31,-0.22,-0.08,11.1,-0.2,-0.35,-0.22,0.03,0.19,9.59,-0.29,0.15,-0.21,0.2,0.69,9.53,0.1,0.09,-0.25,0.53,0.92,9.86,0.12,0.0,-0.04,0.89,0.84,10.01,0.14,0.01,-0.34,0.58,0.84,9.15,0.01,0.27,-0.04,0.56,1.04,9.61,0.19,0.08,-0.2,0.79,0.2,9.85,0.11,0.18,-0.15,0.44,-0.12,9.82,0.07,0.05,-0.37,0.5,-0.04,10.38,-0.07,-0.19,-0.27,0.61,0.63,10.6,0.09,-0.33,-0.37,0.52,0.85,9.54,-0.14,-0.24,0.04,0.69,0.96,9.03,-0.2,-0.14,0.04,0.84,0.54,9.36,0.02,-0.01,-0.26,0.71,0.53,9.02,-0.07,0.0,-0.05,0.85,0.53,9.23,-0.07,-0.27,-0.07,0.79,0.48,9.31,0.01,0.21,0.16,0.56,0.71,9.04,-0.21,0.25,0.18,0.77,0.29,9.96,0.06,0.12,0.12,0.82,0.23,10.23
2.35,-0.55,-0.23,0.71,4.13,-11.3,1.71,1.87,0.4,-3.32,4.28,-13.53,0.65,3.31,1.59,-4.54,2.47,12.35,1.74,1.73,1.36,-1.95,-4.23,29.17,2.02,0.49,0.76,-0.23,-5.54,31.28,1.44,-0.69,-0.22,1.87,-4.26,25.71,1.32,-0.37,-0.32,0.93,-0.89,19.92,0.52,-0.27,-0.37,0.59,-1.73,17.04,0.15,-0.38,-0.34,0.33,-1.44,14.23,0.1,-0.27,-0.23,0.2,-0.33,11.32,0.09,0.03,-0.01,0.09,-0.01,9.96,-0.2,0.01,0.17,0.64,-0.15,9.6,0.1,0.03,-0.03,0.82,0.08,9.08,0.14,0.25,-0.1,0.94,-0.13,8.92,0.31,0.03,-0.21,1.37,0.41,9.66,0.58,0.01,-0.13,1.33,0.91,9.22,0.44,0.27,-0.11,1.31,0.79,9.11,0.11,0.01,-0.06,0.76,0.28,9.92,0.04,0.08,-0.03,0.55,0.36,10.34,0.05,-0.14,-0.02,0.52,0.3,10.5,0.06,0.01,-0.04,0.4,0.6,10.0,-0.02,-0.06,0.04,0.53,0.61,9.5,-0.05,0.19,0.09,0.48,0.33,9.34,0.0,0.07,0.09,0.6,0.42,9.51,0.09,-0.01,-0.1,0.49,0.51,9.59,-0.0,0.08,0.03,0.51,0.61,9.81,0.01,0.24,-0.02,0.46,0.41,9.65,-0.11,-0.04,0.17,0.61,0.24,9.92,-0.15,-0.06,0.15,0.51,0.47,9.65,0.03,0.05,0.16,0.39,0.68,9.52
3.43,2.11,0.76,-2.88,1.96,-12.85,1.43,3.7,1.06,-5.39,0.14,9.86,2.45,1.82,0.76,-1.64,-3.27,34.78,2.49,-1.25,-0.6,2.07,-4.82,32.03,0.63,-1.19,-0.26,2.72,-0.62,23.61,0.72,-0.45,-0.1,1.86,-0.06,16.39,0.53,-0.04,0.12,1.34,-1.21,14.07,0.58,-0.2,0.04,0.83,-0.77,12.73,-0.36,0.22,0.29,0.06,0.06,9.6,-0.49,0.43,0.4,-0.24,0.07,9.33,-0.07,0.25,0.31,0.03,-0.27,9.26,0.09,0.19,-0.08,0.26,-0.61,8.6,0.14,0.13,-0.02,0.42,-0.2,8.32,0.0,0.24,-0.02,0.47,0.38,8.51,0.15,0.13,-0.21,0.75,0.68,9.29,0.24,0.25,-0.05,0.78,0.7,9.76,0.22,0.19,-0.03,0.79,0.6,10.27,0.12,0.18,0.03,0.48,0.27,10.25,-0.06,0.14,-0.12,0.61,0.1,10.33,0.03,-0.13,-0.18,0.48,0.07,10.41,0.29,-0.1,-0.2,0.48,0.14,10.09,0.06,-0.12,-0.16,0.39,0.29,9.58,-0.13,0.1,-0.12,0.46,0.71,9.51,-0.08,-0.05,-0.02,0.57,0.67,9.43,-0.09,-0.09,-0.04,0.58,0.73,9.46,0.0,0.15,-0.07,0.66,0.51,9.58,0.05,0.03,-0.1,0.63,0.5,9.8,0.14,-0.16,-0.14,0.63,0.54,9.79,0.18,-0.07,-0.21,0.49,0.26,9.87,0.12,-0.3,-0.32,0.59,0.5,9.94
2.34,-0.44,1.16,2.19,4.75,-15.73,2.8,3.41,0.88,-0.68,2.29,-13.58,1.06,4.24,1.38,-5.63,4.68,19.88,2.29,1.93,1.83,-5.24,0.26,34.41,0.94,-0.03,0.9,-2.19,-3.64,31.14,0.47,-0.68,0.23,-0.83,-1.7,23.3,0.88,-0.28,-0.36,-0.82,-2.33,18.55,0.03,-0.21,-0.34,-0.58,-0.11,14.47,0.08,-0.36,-0.45,-0.51,0.4,12.41,0.09,-0.26,-0.44,-0.25,1.12,11.03,0.09,-0.29,-0.32,0.14,1.51,9.77,0.4,0.1,-0.22,0.32,1.17,9.25,0.16,0.15,-0.08,0.41,1.25,9.07,0.06,0.22,-0.2,0.65,0.77,9.25,0.31,0.15,0.05,0.48,1.23,9.7,0.1,0.21,0.08,0.15,1.15,9.52,0.14,0.19,0.0,0.27,1.31,10.34,0.11,-0.17,0.18,0.17,1.04,9.81,-0.26,0.05,-0.0,0.05,0.78,9.29,-0.4,0.14,-0.16,-0.07,0.74,9.99,-0.28,-0.17,-0.13,0.08,0.46,10.22,-0.2,-0.07,-0.19,-0.03,0.6,9.44,-0.1,0.08,-0.03,-0.14,1.22,9.28,-0.23,-0.03,-0.04,0.13,1.29,9.88,0.04,-0.13,0.03,0.19,1.42,9.97,-0.1,-0.06,0.13,-0.05,1.36,9.76,-0.14,0.14,0.04,0.01,1.17,9.65,-0.18,0.05,-0.02,0.15,0.72,10.18,0.03,-0.03,-0.01,0.0,0.6,9.88,0.2,0.1,-0.11,-0.14,0.56,9.48
-0.57,-0.22,-2.28,0.54,-3.77,2.23,0.24,-0.54,-4.91,1.52,10.4,-1.76,1.19,0.85,-0.71,-4.7,27.08,-1.75,2.67,0.97,6.3,-5.61,-1.47,8.53,5.0,0.41,3.74,-3.97,-26.03,14.29,3.1,-0.12,2.04,-0.51,-33.81,12.89,2.76,-0.62,0.53,1.15,-29.6,9.97,1.43,-0.58,-0.72,0.12,-21.55,7.81,0.87,-0.47,-1.28,-0.3,-16.32,7.45,0.24,-0.55,-0.93,-0.23,-10.56,6.89,-0.07,-0.42,-0.5,0.2,-7.63,6.24,0.03,-0.27,0.02,0.51,-6.98,5.69,0.1,-0.21,0.37,1.09,-8.13,5.69,0.08,-0.07,0.18,1.29,-8.45,5.57,0.07,0.03,0.2,1.18,-7.99,5.49,0.02,0.22,0.12,1.12,-7.5,5.8,-0.11,0.0,0.0,1.21,-7.63,6.39,-0.11,-0.05,0.04,1.16,-7.38,6.43,-0.02,-0.03,-0.02,1.14,-7.33,6.16,0.1,0.15,-0.02,1.11,-7.55,5.8,0.03,0.3,0.01,1.13,-7.48,5.74,-0.01,0.09,0.2,1.02,-7.41,5.79,0.09,-0.04,0.06,1.03,-7.57,6.08,0.02,-0.04,0.17,1.05,-7.54,5.56,0.1,0.02,0.11,0.98,-7.77,5.98,0.18,-0.16,-0.03,1.05,-7.9,6.18,0.25,-0.01,-0.12,0.98,-7.86,5.49,0.17,0.0,-0.03,0.93,-8.13,5.76,0.3,-0.34,-0.17,1.15,-8.19,6.25,0.21,-0.23,-0.23,1.16,-7.54,5.65
-0.42,0.02,-2.85,2.32,4.6,0.31,1.16,-0.27,-2.17,-0.19,19.64,-1.07,4.14,1.14,4.27,-3.17,17.18,3.0,4.4,1.03,5.09,-4.56,-21.15,17.62,4.48,-0.52,2.72,-2.76,-33.46,16.45,3.36,-0.68,0.71,-0.07,-34.21,12.15,2.29,-1.07,-0.44,-0.13,-25.84,10.03,0.9,-1.03,-1.5,-1.26,-19.05,7.24,-0.03,-0.66,-0.94,-0.99,-12.64,6.47,0.03,-0.52,-0.53,0.12,-8.41,6.6,-0.17,-0.1,-0.38,0.68,-7.33,5.25,-0.16,0.22,0.0,1.02,-6.93,5.22,-0.02,0.35,0.06,1.3,-6.87,5.49,0.09,0.17,0.03,1.66,-6.83,5.62,0.02,0.27,0.33,1.64,-7.05,5.94,0.12,0.08,-0.03,1.44,-7.73,5.92,0.13,0.04,0.06,1.21,-7.97,5.77,0.05,0.15,-0.21,1.27,-7.85,5.79,0.05,0.08,-0.13,1.13,-7.42,5.65,0.18,0.17,-0.08,1.25,-7.61,5.81,0.27,0.12,-0.05,1.17,-7.45,6.29,0.07,0.08,0.2,1.09,-7.73,6.35,0.13,-0.0,-0.05,1.01,-7.88,6.25,0.06,-0.07,-0.09,0.87,-7.72,5.83,0.22,0.02,-0.11,0.97,-7.95,6.0,0.02,-0.02,0.18,0.98,-7.97,6.05,-0.08,-0.03,0.04,1.0,-7.74,6.31,0.09,0.02,0.12,1.02,-7.78,6.46,0.19,0.05,-0.22,1.23,-7.58,5.95,-0.03,0.02,-0.12,1.11,-7.25,6.33
-0.14,-0.88,-2.86,2.07,1.9,0.49,0.72,-0.54,-3.26,-0.51,23.06,-2.71,2.38,1.19,4.45,-4.62,20.5,0.8,3.91,0.66,4.95,-5.6,-4.37,10.15,4.76,-0.33,2.41,-2.29,-31.44,11.74,3.96,-0.27,0.9,0.76,-32.31,10.18,2.74,-0.26,-0.25,1.98,-25.5,7.68,1.21,-0.28,-1.19,1.65,-19.49,7.51,0.44,-0.25,-1.19,1.4,-15.21,7.18,-0.09,-0.14,-0.61,1.06,-10.01,6.53,-0.3,-0.38,-0.33,0.98,-8.88,6.17,-0.17,-0.18,-0.13,0.97,-7.7,4.73,-0.3,-0.13,0.11,1.29,-7.2,4.6,-0.17,-0.23,0.29,1.66,-7.06,4.83,-0.09,-0.1,0.36,1.88,-7.11,4.58,-0.07,-0.13,0.47,1.98,-8.29,5.25,-0.03,-0.29,0.34,1.9,-8.48,5.48,-0.2,0.03,0.29,1.69,-8.7,4.94,-0.23,0.06,-0.03,1.57,-9.04,5.28,-0.0,-0.08,-0.23,1.46,-8.32,5.44,0.0,0.06,0.02,1.35,-7.95,5.0,-0.03,0.08,-0.2,1.29,-7.83,5.03,0.05,-0.21,-0.23,1.3,-8.12,5.36,0.04,-0.08,-0.26,1.27,-7.74,4.52,0.06,0.12,-0.15,1.31,-8.23,5.35,0.1,-0.02,-0.16,1.45,-8.25,5.31,0.07,0.05,0.01,1.56,-8.11,5.18,0.15,-0.02,0.11,1.7,-8.13,5.56,0.02,0.05,-0.04,1.53,-8.01,4.98,-0.09,-0.02,-0.02,1.72,-8.6,5.34
-2.53,0.72,-0.29,0.33,-3.68,-0.49,-2.68,0.89,-0.64,1.32,-0.43,3.5,-0.02,-0.83,-2.84,3.32,6.51,5.22,3.74,-1.01,-0.07,-1.33,19.83,0.67,3.68,0.26,5.61,-4.34,6.1,3.13,5.77,-0.72,4.46,-3.86,-25.57,11.74,5.56,-1.27,0.65,-1.86,-31.11,8.37,3.58,-0.52,-0.57,0.62,-26.61,7.39,1.43,-0.55,-0.88,2.63,-22.47,10.0,0.59,-0.5,-1.34,2.54,-18.49,8.09,-0.0,-0.1,-1.42,2.23,-11.86,6.57,-0.49,-0.27,-0.55,1.95,-8.67,6.98,-0.45,-0.25,-0.42,1.88,-7.89,5.5,-0.07,0.15,-0.16,1.61,-6.92,4.81,-0.05,-0.04,-0.06,1.79,-7.49,5.67,0.02,0.04,0.27,1.96,-7.23,4.68,0.05,0.11,0.22,2.04,-7.75,4.56,0.16,0.09,0.1,2.04,-7.46,5.84,-0.03,0.05,0.3,2.34,-7.95,5.61,0.13,0.18,-0.11,2.36,-8.66,5.37,-0.09,-0.09,-0.2,2.25,-7.96,6.06,-0.09,-0.04,-0.21,2.24,-7.56,5.58,0.09,0.1,-0.17,1.99,-7.63,5.13,0.07,-0.18,-0.03,1.92,-7.64,5.79,-0.05,0.13,-0.13,1.83,-7.7,5.15,-0.08,0.07,0.21,1.87,-7.92,5.49,0.12,-0.04,0.03,1.99,-8.17,5.6,-0.03,0.07,0.1,1.88,-7.98,5.62,0.07,-0.05,-0.03,1.99,-8.55,5.35,0.06,0.17,-0.23,1.92,-8.1,5.51
-1.38,1.52,-0.8,-0.1,-13.52,5.99,-1.69,1.31,-0.91,1.1,-12.65,6.9,-1.77,1.03,-0.92,2.04,-11.93,6.91,-1.77,0.74,-1.15,3.09,-10.01,6.63,-1.82,0.61,-1.07,3.17,-9.64,6.01,-1.82,0.23,-0.87,3.34,-8.88,5.7,-1.23,-0.05,-1.46,2.8,-8.97,3.83,-1.47,0.15,-1.26,2.08,-7.08,1.9,-1.61,0.31,-0.94,2.5,-5.79,2.05,-1.43,0.14,-0.57,3.1,-5.72,3.18,-0.99,-0.19,-0.69,3.24,-5.85,2.0,-0.86,-0.06,-0.46,3.11,-5.69,0.95,-0.92,-0.29,-0.38,3.14,-5.89,1.04,-0.42,-0.5,-0.67,3.19,-6.94,0.09,-0.26,-0.44,-0.44,2.89,-6.18,-1.02,0.0,0.0,0.0,0.0,0.0,0.0,0.0,0.0,0.0,0.0,0.0,0.0,0.0,0.0,0.0,0.0,0.0,0.0,0.0,0.0,0.0,0.0,0.0,0.0,0.0,0.0,0.0,0.0,0.0,0.0,0.0,0.0,0.0,0.0,0.0,0.0,0.0,0.0,0.0,0.0,0.0,0.0,0.0,0.0,0.0,0.0,0.0,0.0,0.0,0.0,0.0,0.0,0.0,0.0,0.0,0.0,0.0,0.0,0.0,0.0,0.15,-0.02,0.36,2.33,-8.87,-1.32,0.07,-0.11,0.07,2.73,-9.46,-1.23,0.15,-0.01,-0.17,2.68,-9.5,-1.39,-0.18,-0.12,0.17,3.09,-8.98,-0.63,-0.1,-0.28,0.26,3.28,-8.35,0.21
-1.13,0.39,-1.77,2.06,-1.92,0.23,0.49,0.16,-3.0,1.88,3.49,2.06,2.09,-0.78,-2.39,1.02,11.65,2.02,3.45,0.6,2.14,-1.44,14.06,-1.49,3.26,1.45,4.69,-1.98,-1.33,4.89,4.07,0.25,4.17,-0.79,-23.03,12.22,4.0,-0.65,1.6,0.93,-28.87,9.68,2.99,-0.33,0.17,2.29,-26.69,7.65,1.93,-0.39,-0.73,3.18,-22.35,8.64,1.1,-0.43,-0.89,2.93,-17.94,7.32,0.41,-0.04,-0.69,2.65,-13.97,6.46,0.2,-0.11,-0.36,2.04,-10.06,6.03,-0.05,0.06,-0.13,1.84,-8.58,4.92,-0.17,0.04,0.09,1.83,-7.82,4.75,-0.17,-0.01,-0.15,2.21,-7.85,5.01,0.07,0.07,-0.1,2.44,-7.16,5.36,0.08,0.18,0.18,2.55,-7.08,5.63,-0.15,0.05,0.18,2.41,-7.34,5.87,0.16,-0.03,0.15,2.3,-7.64,5.67,0.13,-0.07,0.37,2.23,-8.09,5.53,-0.12,-0.11,0.22,1.99,-8.29,4.99,0.04,0.01,-0.19,2.02,-7.86,5.42,0.1,-0.02,-0.17,2.02,-7.65,5.19,0.21,-0.08,-0.16,2.05,-7.48,5.21,0.05,0.03,-0.04,2.08,-7.42,5.28,-0.04,0.01,0.01,2.21,-7.91,5.57,0.18,-0.09,-0.14,2.42,-8.12,5.32,0.26,0.18,-0.23,2.37,-7.8,5.15,-0.13,0.02,0.15,2.53,-8.36,6.03,0.05,-0.04,0.04,2.35,-7.96,5.77
-1.98,0.06,-1.64,2.69,-6.51,-0.52,-1.97,0.3,-2.66,2.54,-0.98,-0.22,0.12,1.1,-1.16,-0.43,9.82,2.69,2.61,-0.5,1.79,-0.55,15.95,5.44,4.5,-0.57,4.6,-4.93,1.33,5.0,4.33,-0.77,4.54,-3.83,-15.93,8.1,4.07,-0.78,2.59,-0.23,-29.62,7.97,3.18,-0.26,0.18,2.88,-29.46,4.87,2.15,-0.36,-0.45,3.23,-24.12,5.76,1.23,-0.6,-0.57,2.46,-19.38,6.21,0.54,-0.42,-0.83,1.88,-13.72,5.35,0.25,-0.1,-0.61,1.36,-10.87,4.68,0.06,0.02,-0.12,1.26,-8.54,4.94,-0.08,-0.28,0.1,1.25,-7.72,4.46,-0.07,0.03,0.24,1.39,-8.02,3.8,0.04,0.17,0.01,1.81,-7.76,4.25,-0.1,0.08,0.25,1.88,-7.58,4.89,0.02,0.15,0.01,1.93,-8.07,5.16,0.2,0.03,0.2,2.04,-8.07,5.18,0.04,0.01,0.08,2.0,-8.15,5.14,0.03,0.03,0.03,1.93,-8.17,5.23,0.07,0.02,0.01,1.87,-8.53,5.23,0.14,-0.07,-0.08,1.64,-8.22,4.66,0.04,0.06,0.11,1.63,-8.42,4.67,0.13,0.1,0.07,1.55,-8.45,4.72,0.04,0.08,0.13,1.53,-8.29,4.7,0.11,0.09,0.02,1.69,-8.48,5.02,0.15,0.07,-0.05,1.68,-8.23,5.0,-0.08,-0.11,-0.21,1.89,-8.46,5.46,0.08,-0.11,-0.11,1.75,-8.32,5.15
1.06,-0.41,-3.43,2.14,3.22,0.38,3.56,-0.52,-1.78,-1.4,20.14,-0.24,3.79,1.65,5.62,-5.85,15.41,2.02,4.65,1.58,5.9,-3.51,-22.61,18.44,5.08,-0.74,1.97,-0.31,-33.74,13.12,3.29,-0.22,0.74,1.57,-29.64,8.58,1.83,-0.46,-0.3,2.32,-22.66,9.75,0.69,-0.57,-0.76,1.48,-17.75,8.22,0.32,-0.18,-0.66,1.3,-13.38,7.73,-0.11,-0.16,-0.37,1.18,-9.51,6.49,0.12,-0.23,-0.38,1.32,-8.16,5.89,0.07,-0.11,0.05,1.09,-7.05,4.98,-0.06,0.09,0.34,1.35,-6.92,5.14,-0.18,0.14,0.24,1.71,-7.34,5.35,-0.07,0.13,0.04,1.6,-7.01,5.62,0.19,0.07,0.2,1.83,-7.09,6.61,0.49,-0.05,0.03,2.09,-7.32,6.38,0.09,-0.17,-0.1,1.97,-7.79,5.4,0.19,0.16,0.09,1.5,-8.07,5.62,0.03,0.02,0.06,1.61,-8.16,6.07,0.03,-0.18,0.16,1.37,-7.83,6.11,0.02,0.19,0.13,1.33,-7.57,5.56,0.25,0.05,-0.09,1.47,-7.79,5.78,0.14,-0.03,-0.02,1.42,-7.41,5.84,0.13,-0.03,0.04,1.39,-7.26,5.59,0.29,0.0,0.01,1.46,-7.33,5.84,0.49,0.09,-0.18,1.48,-7.3,5.99,0.03,0.05,0.16,1.64,-7.47,6.63,0.13,0.03,-0.21,1.94,-8.02,7.26,0.2,-0.16,-0.23,1.8,-7.51,6.79
1.53,-0.26,-2.93,2.08,4.38,1.7,2.42,-0.25,-2.21,-0.3,15.64,2.77,3.68,0.3,1.89,-2.57,18.02,1.32,4.86,1.21,4.09,0.21,-15.45,12.16,4.38,-0.47,2.3,3.43,-30.52,13.65,3.4,-0.92,0.59,4.89,-29.54,7.42,1.6,-0.55,-0.58,3.91,-23.98,7.0,0.54,-0.69,-0.97,2.85,-19.46,7.62,0.14,-0.24,-0.65,1.77,-12.3,5.69,-0.03,-0.18,-0.53,1.8,-9.99,5.59,-0.11,-0.17,-0.15,1.85,-7.93,5.38,-0.12,-0.09,0.21,2.18,-7.82,4.78,-0.18,0.1,0.2,2.47,-7.97,4.34,-0.08,0.11,0.42,2.8,-7.6,4.19,-0.03,0.12,0.14,3.03,-8.01,4.43,0.04,0.32,0.08,3.2,-8.62,4.76,0.34,0.21,-0.3,3.21,-8.81,5.69,0.27,0.16,-0.32,3.05,-8.76,5.53,0.04,0.06,-0.55,2.93,-7.82,5.06,-0.02,0.04,-0.36,2.76,-7.33,4.87,-0.07,-0.09,-0.13,2.97,-7.29,5.3,0.0,0.0,0.0,0.0,0.0,0.0,0.0,0.0,0.0,0.0,0.0,0.0,0.0,0.0,0.0,0.0,0.0,0.0,0.0,0.0,0.0,0.0,0.0,0.0,0.0,0.0,0.0,0.0,0.0,0.0,0.0,0.0,0.0,0.0,0.0,0.0,0.0,0.0,0.0,0.0,0.0,0.0,0.0,0.0,0.0,0.0,0.0,0.0,0.0,0.0,0.0,0.0,0.0,0.0
2.65,-0.39,0.91,2.35,19.01,-1.05,1.75,0.82,4.27,-3.41,6.69,3.13,3.08,0.47,3.38,-6.94,-27.4,15.23,2.98,-0.92,0.58,-4.62,-36.28,14.12,1.51,-0.61,-0.84,-2.25,-28.5,9.07,0.72,-0.59,-1.58,-1.3,-16.93,6.66,0.41,0.0,-1.52,-0.67,-11.06,5.11,-0.05,0.29,-0.53,-0.04,-7.22,5.47,0.19,0.17,-0.0,0.23,-8.06,5.76,0.32,0.2,0.03,-0.01,-8.35,6.03,0.19,0.07,-0.2,0.49,-8.68,5.52,-0.13,0.27,-0.34,0.52,-8.2,5.3,-0.16,0.02,-0.21,0.89,-7.21,6.17,-0.5,-0.03,-0.2,1.29,-7.09,6.33,-0.45,-0.02,0.02,1.16,-7.0,5.42,0.27,0.21,-0.18,0.8,-7.55,5.71,-0.35,-0.19,-0.39,1.17,-7.43,6.33,0.34,-0.31,-0.54,0.56,-9.47,6.47,0.47,0.05,-0.24,1.22,-8.16,5.57,0.64,-0.09,-0.02,0.97,-7.84,6.28,0.17,0.13,-0.58,0.83,-7.5,5.95,0.49,0.01,-0.14,2.48,-7.11,4.14,0.16,0.07,0.14,1.22,-8.16,5.45,-0.2,-0.46,-0.12,1.11,-7.96,6.39,-0.27,-0.4,0.17,1.1,-7.96,5.85,-0.41,-0.32,-0.12,1.09,-6.97,6.11,-0.61,-0.06,-0.08,1.16,-7.55,5.87,0.23,0.51,-0.21,0.85,-7.52,5.02,-0.01,0.47,0.21,1.28,-7.54,5.51,-0.42,-0.18,0.46,0.94,-6.97,6.43
-0.3,-0.25,-2.8,2.48,-1.51,2.64,1.74,0.64,-2.69,-1.73,19.27,-2.77,2.12,0.94,4.54,-3.58,26.17,0.1,3.3,0.62,6.88,-6.37,-12.34,11.03,4.24,0.06,4.93,-3.83,-26.84,12.83,3.58,-0.96,2.1,0.09,-36.38,10.88,2.11,-0.47,0.26,2.2,-27.28,5.69,1.45,-0.36,-0.41,1.27,-21.35,7.25,0.59,-0.66,-0.72,0.58,-15.94,7.07,0.25,-0.09,-0.63,0.73,-11.01,4.9,0.24,0.15,-0.58,0.82,-9.03,5.48,-0.01,-0.27,0.07,1.0,-8.36,5.84,-0.12,-0.04,0.1,1.28,-8.45,4.6,-0.12,0.22,0.04,1.44,-8.28,4.46,-0.13,0.02,-0.05,1.48,-8.02,5.5,-0.07,0.08,-0.02,1.35,-7.56,4.9,0.0,0.12,0.14,1.38,-7.17,5.21,0.03,-0.01,-0.04,1.56,-7.63,5.85,0.14,-0.2,-0.03,1.61,-7.75,5.84,0.16,-0.18,0.2,1.72,-8.02,5.1,0.16,-0.26,-0.15,1.92,-8.5,5.53,0.17,-0.46,0.17,1.92,-8.23,5.37,-0.02,-0.22,0.12,1.86,-8.13,5.27,-0.02,-0.22,-0.15,1.67,-8.53,5.06,0.0,-0.21,-0.12,1.47,-8.57,5.44,0.1,-0.03,-0.15,1.37,-8.14,5.01,0.11,0.11,-0.13,1.2,-8.13,4.48,0.02,0.1,-0.42,1.17,-7.81,5.13,-0.0,-0.06,-0.1,1.37,-7.47,5.48,0.05,-0.01,-0.01,1.59,-8.16,5.23
0.35,-0.52,-4.22,1.8,-0.7,-0.48,-0.51,1.52,-1.96,-2.78,18.9,-3.08,1.49,0.84,4.77,-3.07,22.01,3.42,3.05,-0.15,5.1,-3.87,-4.08,10.29,2.82,-0.66,3.87,-1.26,-26.44,12.8,3.36,-1.34,1.57,0.17,-31.11,10.27,2.1,-0.95,0.53,0.85,-26.95,7.42,1.34,-0.6,-0.69,0.01,-19.9,7.97,0.56,-0.47,-0.53,0.06,-14.45,7.42,0.09,-0.03,-0.71,0.36,-10.8,6.2,-0.05,0.49,-0.07,0.87,-8.07,5.72,-0.1,0.2,0.09,1.12,-7.86,6.4,-0.27,-0.03,0.26,1.36,-8.68,5.74,0.07,0.05,-0.11,1.37,-8.37,5.05,-0.03,0.02,-0.1,1.2,-7.98,5.0,-0.16,-0.02,0.04,1.25,-7.81,5.42,-0.1,0.0,-0.06,1.22,-7.68,5.36,0.09,-0.13,0.0,1.17,-7.63,5.69,0.1,0.01,0.11,1.15,-7.99,5.24,0.09,0.14,0.04,1.17,-8.33,5.22,0.05,-0.01,0.03,1.26,-8.19,5.95,-0.1,-0.08,0.16,1.23,-8.11,5.63,0.01,-0.05,0.06,1.19,-8.22,5.61,0.07,-0.08,-0.07,1.22,-8.1,5.75,0.08,0.01,-0.11,1.24,-7.63,5.33,0.09,0.02,-0.09,1.36,-7.58,5.27,0.06,-0.14,0.01,1.56,-7.77,5.57,0.14,-0.31,0.0,1.48,-7.55,5.63,0.11,-0.2,-0.11,1.42,-7.74,5.67,0.15,-0.26,0.0,1.45,-8.2,5.52
0.68,3.09,0.02,17.0,-5.36,1.92,1.31,2.81,-1.66,21.61,-7.02,8.14,0.63,1.68,-1.54,21.68,-0.81,6.85,0.27,0.89,-0.7,19.1,1.99,4.83,-0.14,0.78,0.15,16.34,2.33,3.56,-0.02,-0.19,0.26,12.99,-0.51,5.59,0.07,-0.4,0.28,10.72,-0.49,2.35,0.03,-0.17,-0.05,9.29,-0.26,1.11,-0.0,-0.23,-0.05,8.47,-0.32,2.26,0.02,-0.15,0.1,8.39,-0.02,1.94,-0.16,0.24,-0.23,8.66,-0.27,2.75,-0.04,0.16,-0.33,8.85,0.38,3.38,0.04,0.29,-0.23,9.03,0.75,3.58,0.0,0.11,0.04,9.48,-0.2,3.37,0.26,0.09,-0.31,9.57,-0.5,3.48,0.02,0.2,-0.08,9.42,0.23,3.28,-0.23,0.03,-0.21,9.28,0.64,3.37,-0.18,0.01,-0.07,9.15,0.87,3.31,0.02,0.16,-0.21,9.2,0.95,3.29,-0.08,0.01,-0.1,9.3,0.88,3.31,0.03,0.04,-0.13,9.25,0.97,3.22,0.1,-0.04,-0.24,9.19,0.98,3.66,0.11,-0.09,-0.11,9.28,1.12,3.26,0.07,0.0,-0.13,9.04,0.91,3.03,0.25,0.07,-0.02,8.99,0.78,2.81,0.03,-0.06,0.03,8.98,0.61,3.04,0.06,-0.01,-0.13,9.17,0.69,3.08,0.0,0.0,0.0,0.0,0.0,0.0,0.0,0.0,0.0,0.0,0.0,0.0,0.0,0.0,0.0,0.0,0.0,0.0
0.51,2.83,0.07,9.02,-3.3,-2.82,0.55,3.09,-1.8,18.42,-8.37,1.48,0.75,3.36,-2.62,21.74,-1.51,5.65,0.36,2.3,-1.7,22.19,5.49,9.43,0.12,1.24,0.23,19.22,5.26,5.68,0.01,0.82,0.78,16.61,1.4,4.83,-0.0,-0.08,0.68,14.31,-0.87,5.29,0.3,-0.8,-0.02,10.49,-0.14,3.21,0.07,-0.47,-0.03,8.46,0.76,1.93,-0.15,-0.11,-0.02,7.96,0.02,1.91,-0.01,-0.06,-0.17,8.22,0.03,2.55,0.13,0.09,-0.5,8.76,0.93,2.59,-0.07,0.3,-0.34,9.24,1.1,2.24,-0.05,0.13,-0.03,9.59,0.72,3.51,-0.08,-0.07,-0.13,9.71,0.69,4.03,-0.18,-0.12,0.17,9.31,0.7,3.5,-0.31,-0.21,0.07,9.28,0.08,3.12,-0.22,-0.06,-0.09,9.26,0.42,3.1,-0.29,-0.13,-0.01,9.26,1.04,2.88,-0.21,-0.04,0.11,9.26,0.78,2.69,-0.03,0.0,-0.1,9.25,0.52,2.74,0.1,-0.01,-0.14,9.2,0.97,2.94,0.03,0.1,-0.05,9.17,1.43,2.64,-0.11,0.1,0.15,9.2,0.71,3.09,0.02,0.07,-0.15,9.17,0.92,3.14,-0.14,-0.02,0.07,9.26,1.03,3.09,0.02,-0.05,-0.09,9.35,0.54,3.18,0.03,0.09,-0.07,9.25,0.5,2.94,-0.09,-0.13,-0.05,9.33,0.17,2.69,-0.17,-0.18,-0.35,9.47,0.05,3.41
1.38,3.19,1.26,3.34,2.45,-3.68,1.35,3.08,0.43,14.38,-10.23,2.31,1.65,3.4,-1.6,21.99,-11.78,1.43,1.85,2.16,-2.39,24.37,-2.43,9.01,0.64,-0.05,-1.65,23.25,1.63,5.51,0.36,-0.0,-0.98,19.67,3.85,1.29,0.01,-0.15,0.42,15.84,1.93,1.45,0.03,-0.55,0.38,12.14,-0.33,0.05,0.12,-0.35,0.06,10.44,-0.88,-0.11,-0.29,-0.41,-0.13,8.85,-0.1,0.67,-0.13,-0.5,-0.34,8.09,0.21,1.84,-0.05,-0.44,-0.45,7.86,0.78,1.0,-0.13,-0.2,-0.33,8.43,0.56,-0.04,0.1,0.2,-0.54,9.17,0.75,1.02,0.06,0.06,0.03,9.77,1.73,0.85,-0.02,0.54,0.24,10.56,0.04,1.18,-0.02,0.15,0.07,10.63,-0.27,2.97,0.02,-0.24,-0.08,10.09,0.27,2.09,0.13,-0.01,0.03,9.46,0.4,1.22,-0.03,-0.12,-0.19,9.28,0.54,1.73,0.05,-0.13,-0.17,9.46,0.46,1.19,0.09,-0.06,-0.42,9.29,0.86,0.55,0.15,0.15,-0.23,9.53,1.09,0.83,0.1,0.07,-0.24,9.75,1.01,1.58,0.26,-0.04,-0.28,9.74,1.27,1.25,0.01,0.18,-0.15,9.6,1.11,0.62,-0.07,0.08,-0.12,9.54,0.63,1.93,0.16,0.09,-0.13,9.79,0.52,1.28,0.08,0.41,-0.12,9.72,0.93,1.36,0.13,0.26,-0.14,9.73,1.12,2.26
0.11,-0.73,-4.46,1.6,5.04,2.09,2.34,-0.84,-0.87,-4.34,24.66,2.79,2.15,0.95,5.09,-5.05,12.98,1.63,4.29,0.27,3.51,-3.31,-22.54,8.39,3.62,0.35,0.03,0.62,-36.68,6.14,2.15,0.57,-1.14,3.1,-26.41,10.65,0.62,-0.74,-0.8,2.15,-19.61,11.75,-0.06,-0.75,-0.52,1.47,-12.99,6.04,-0.42,-0.13,0.08,1.14,-9.66,4.46,-0.44,-0.22,0.72,0.97,-8.88,5.31,-0.04,0.01,0.27,0.99,-9.22,4.34,0.19,-0.07,0.22,0.67,-9.05,4.45,0.22,-0.05,0.33,0.79,-8.87,4.35,0.39,-0.22,-0.05,0.92,-8.89,4.73,0.29,0.17,0.05,1.02,-8.69,4.63,0.2,0.08,0.15,1.19,-8.5,5.47,0.38,-0.09,0.02,1.1,-8.09,5.54,0.25,-0.06,0.06,0.94,-8.22,4.96,0.15,-0.05,0.07,0.96,-8.43,5.35,-0.0,-0.07,-0.13,0.66,-9.58,5.07,-0.07,-0.07,0.0,0.32,-9.33,4.67,-0.16,0.03,-0.24,0.59,-8.7,4.74,-0.01,-0.1,-0.12,0.74,-7.86,5.49,-0.03,-0.09,0.07,0.55,-7.58,4.93,-0.09,0.02,0.08,0.4,-8.45,4.65,0.12,-0.01,0.05,0.54,-8.79,5.25,0.15,0.02,-0.21,0.72,-8.53,5.17,0.14,0.11,-0.05,0.89,-8.31,5.03,0.39,-0.02,-0.19,1.04,-8.22,5.24,0.58,-0.05,-0.01,0.85,-8.38,5.23
1.73,-0.76,-4.91,2.66,4.38,-1.19,3.01,-0.36,-2.5,-1.76,18.56,-1.28,3.87,1.84,2.92,-3.07,16.61,-1.66,4.47,1.44,3.85,-3.29,-13.54,11.84,4.48,0.5,1.85,-0.44,-26.78,13.32,3.42,0.75,0.76,1.61,-26.37,11.58,1.7,-0.07,0.39,2.05,-20.75,13.64,0.86,-0.48,-0.07,1.89,-17.4,12.19,0.32,-0.67,-0.23,1.49,-13.65,9.67,-0.26,-0.29,-0.11,0.75,-10.66,7.28,-0.29,-0.24,-0.05,0.57,-9.31,6.27,-0.42,0.07,-0.01,0.56,-8.47,5.6,-0.12,-0.03,-0.23,0.91,-7.98,5.82,-0.1,0.04,-0.21,1.03,-7.32,5.63,-0.12,0.07,-0.03,1.31,-6.88,6.05,-0.12,-0.15,0.02,1.38,-7.03,6.57,0.25,-0.23,-0.3,1.39,-7.19,6.05,0.62,-0.22,-0.28,1.44,-7.14,5.95,0.07,-0.17,-0.14,1.51,-7.85,6.17,-0.16,-0.15,-0.21,1.54,-7.91,6.16,-0.03,-0.05,-0.24,1.63,-8.02,6.11,-0.15,0.06,0.03,1.47,-7.43,6.0,-0.18,-0.04,0.1,1.45,-7.37,6.07,0.1,-0.06,-0.02,1.45,-7.53,5.94,-0.04,-0.1,-0.06,1.42,-7.3,5.94,0.01,-0.05,-0.03,1.42,-7.3,5.98,0.12,-0.11,-0.02,1.41,-7.3,5.88,0.12,-0.18,-0.34,1.72,-7.91,6.26,0.31,-0.22,-0.35,1.76,-8.07,5.9,0.08,-0.03,-0.28,1.82,-8.05,5.88
0.51,-0.2,-3.16,0.91,-2.84,0.73,2.42,-0.02,-4.61,-0.91,15.71,-2.22,3.44,0.95,2.98,-3.53,27.93,-1.42,3.94,2.14,7.99,-6.32,-6.75,11.0,4.46,-0.39,3.5,-4.74,-34.94,20.17,2.77,-1.07,-0.37,-0.7,-32.3,10.92,1.49,-0.05,-1.08,1.0,-23.89,9.16,0.55,-0.55,-1.35,0.57,-18.71,11.52,0.07,-0.42,-0.98,0.32,-11.3,7.46,-0.1,-0.12,-0.42,0.82,-9.45,6.48,-0.23,-0.36,0.22,0.86,-7.94,6.62,-0.21,-0.2,0.18,1.05,-7.34,5.04,-0.18,0.22,0.47,1.16,-7.63,5.55,0.07,-0.19,0.1,1.21,-8.06,5.78,0.13,-0.0,0.17,1.19,-7.8,5.22,-0.07,0.04,0.33,1.13,-7.81,5.59,-0.0,0.14,0.08,1.1,-7.76,5.62,0.29,0.06,0.06,1.04,-7.71,5.82,0.1,-0.06,0.3,0.91,-7.83,5.8,-0.05,-0.24,0.33,0.9,-8.88,5.94,-0.05,-0.08,0.12,0.92,-9.15,5.79,-0.1,-0.04,0.09,0.93,-9.17,5.92,-0.03,-0.23,-0.07,0.85,-8.04,6.11,-0.16,-0.14,-0.42,1.14,-7.9,5.28,0.01,-0.0,-0.56,1.06,-7.43,5.29,-0.08,-0.12,-0.23,1.31,-7.0,5.56,0.02,-0.26,-0.23,1.36,-7.14,5.65,0.01,-0.23,-0.06,1.46,-7.71,5.63,-0.22,-0.17,0.05,1.49,-7.72,5.51,-0.02,-0.13,0.06,1.65,-7.87,5.35
1.88,2.77,-0.5,13.35,-2.54,-4.76,0.81,4.04,1.27,19.05,-4.78,5.05,1.33,2.31,0.2,22.43,-7.54,12.15,0.79,0.89,-0.31,20.73,-4.52,7.37,0.48,0.83,-0.47,18.03,-3.27,5.73,0.16,0.24,-0.15,13.35,-3.81,5.74,0.04,-0.04,-0.4,11.65,-4.3,4.37,-0.13,-0.06,-0.41,9.77,-3.58,3.87,-0.3,-0.23,-0.35,8.56,-1.73,3.73,-0.21,-0.09,-0.36,8.67,-1.19,2.79,-0.18,0.34,-0.7,8.61,-0.51,2.54,-0.1,0.07,-0.14,8.57,-0.17,3.53,-0.03,0.24,-0.3,8.96,-0.04,3.47,-0.13,0.14,0.0,9.11,-0.48,3.6,-0.02,0.09,-0.03,9.26,-1.06,3.9,-0.12,0.04,0.23,9.35,-1.27,3.87,-0.03,-0.0,0.11,9.29,-1.26,3.46,0.06,-0.15,-0.08,9.01,-1.02,3.37,-0.1,-0.08,0.11,8.73,-0.34,3.55,0.02,-0.16,0.35,8.6,0.0,3.45,0.26,-0.1,0.87,8.73,0.58,3.75,0.14,-0.05,1.07,9.01,-0.81,3.92,0.39,-0.03,0.71,9.37,-2.61,3.41,0.24,-0.02,0.5,9.19,-2.74,3.34,0.09,-0.18,0.33,8.96,-3.02,3.62,0.17,-0.05,0.06,8.75,-3.05,3.12,0.05,0.0,0.42,8.53,-2.6,2.9,0.04,0.08,0.38,8.49,-2.78,3.37,0.18,0.09,-0.04,8.66,-2.22,3.42,0.15,-0.11,-0.05,8.85,-2.31,3.83
3.08,1.12,7.23,-6.78,-9.43,11.07,4.6,-1.74,2.98,-8.86,-36.67,16.69,3.93,-1.77,-0.76,-5.24,-37.96,5.9,1.73,0.15,-1.48,-1.95,-22.73,7.61,1.35,-0.88,-1.58,-1.69,-18.26,10.45,0.45,-0.41,-1.13,-0.32,-11.49,6.2,0.14,-0.04,-0.47,0.18,-9.14,6.19,0.06,-0.39,0.03,0.26,-9.09,5.54,-0.05,-0.05,0.21,0.23,-8.82,5.23,-0.26,-0.05,0.2,0.32,-8.88,5.21,-0.33,0.01,0.15,0.49,-8.72,4.8,-0.26,0.21,-0.1,0.64,-8.49,4.54,-0.55,-0.05,-0.1,0.84,-8.76,6.27,-0.23,-0.35,-0.12,0.77,-8.58,5.63,-0.02,0.03,-0.22,0.66,-8.33,3.77,-0.02,0.15,-0.0,0.38,-8.39,4.16,-0.07,-0.04,0.01,0.29,-8.56,4.52,0.01,-0.02,-0.04,0.46,-8.46,4.26,-0.05,0.25,-0.02,0.6,-8.49,4.53,-0.03,0.23,0.02,0.61,-8.36,4.73,-0.06,0.05,0.07,0.7,-8.65,5.04,0.01,-0.06,-0.1,0.8,-8.53,4.99,-0.07,-0.2,0.02,0.83,-8.26,5.2,-0.02,-0.33,-0.11,0.77,-8.5,5.04,-0.17,-0.62,0.07,0.82,-8.61,5.1,-0.1,-0.53,-0.1,0.86,-8.79,4.44,0.02,-0.02,-0.12,0.8,-8.59,3.83,0.04,0.1,0.1,0.63,-8.52,3.98,0.07,0.13,0.02,0.7,-9.02,4.64,0.1,-0.14,-0.35,0.82,-8.72,4.63
-0.26,-0.17,-4.03,1.55,0.28,2.12,0.0,0.0,0.0,0.0,0.0,0.0,0.0,0.0,0.0,0.0,0.0,0.0,4.78,1.9,7.8,-9.71,13.63,2.04,6.36,0.35,4.79,-6.15,-23.43,16.41,4.98,-0.18,1.89,-0.68,-38.63,15.53,2.9,-0.11,-0.64,3.36,-31.97,12.95,0.79,-0.82,-1.34,2.59,-21.23,12.85,0.43,-0.22,-1.08,1.75,-14.84,8.37,0.29,0.39,-1.04,1.67,-9.38,7.62,-0.16,-0.14,0.03,1.9,-7.59,6.41,-0.09,0.16,0.23,1.86,-8.16,5.92,0.03,0.0,0.36,1.74,-9.34,5.77,-0.0,0.19,-0.01,2.06,-9.36,4.89,-0.06,0.42,0.15,2.26,-8.66,4.68,-0.23,0.12,-0.23,2.28,-8.53,6.21,-0.35,-0.09,-0.05,2.37,-7.55,5.78,-0.37,0.25,-0.1,2.29,-7.42,5.79,-0.25,-0.12,0.11,2.29,-7.64,6.31,-0.2,-0.29,-0.08,2.17,-7.41,5.02,-0.24,-0.12,-0.09,2.35,-7.18,5.45,-0.03,-0.27,-0.04,2.62,-7.32,5.16,-0.23,-0.02,0.05,2.51,-7.35,4.61,-0.03,0.01,0.05,2.35,-7.9,5.38,-0.13,-0.2,0.01,2.17,-7.71,4.81,-0.03,-0.08,0.1,2.15,-8.2,4.79,-0.17,0.0,0.1,2.07,-8.09,4.84,-0.07,-0.19,-0.07,2.23,-7.95,5.02,0.03,0.01,-0.04,2.2,-7.89,4.62,0.04,0.12,0.05,2.17,-7.8,4.75
-1.53,-1.41,-0.88,2.69,-6.73,2.11,-1.39,-1.3,-2.59,1.97,-4.65,1.73,0.74,-1.18,-3.74,0.62,4.52,-0.47,1.59,0.77,0.13,0.0,27.4,-5.81,3.85,1.17,6.73,-3.81,16.42,4.97,5.57,0.33,6.01,-7.59,-13.53,13.43,4.68,-0.42,3.68,-5.87,-34.24,15.0,2.86,-0.57,0.66,-1.48,-32.31,10.09,1.74,-0.02,-0.27,-0.48,-24.55,7.53,0.85,-0.14,-0.51,-0.92,-17.91,7.79,0.12,-0.17,-0.72,-0.43,-13.25,7.11,-0.03,0.14,-0.51,0.21,-9.91,5.71,-0.18,0.11,-0.23,0.44,-7.97,6.29,-0.25,0.0,0.0,0.62,-8.2,5.27,-0.02,0.17,-0.34,0.99,-8.59,4.66,-0.07,0.22,-0.13,1.16,-8.7,5.06,-0.18,0.03,0.05,1.43,-8.13,5.97,-0.11,0.16,-0.18,1.62,-7.95,5.93,-0.11,0.01,-0.08,1.37,-7.69,5.81,-0.16,-0.14,0.0,1.16,-7.8,5.46,-0.1,-0.04,0.11,1.06,-8.1,4.99,-0.09,0.07,0.14,0.99,-7.97,4.72,-0.03,-0.11,0.19,0.84,-8.51,5.23,0.0,0.15,-0.1,0.86,-8.69,4.89,0.13,0.06,-0.16,0.95,-8.35,4.85,-0.09,0.03,-0.1,0.98,-7.96,5.22,0.03,0.09,-0.14,1.08,-7.94,5.27,-0.07,0.01,-0.02,1.09,-7.96,5.31,0.09,-0.05,0.04,1.09,-8.28,5.24,0.03,0.0,-0.19,1.14,-8.45,5.29
0.34,1.15,-2.75,1.22,4.89,-0.44,1.78,0.39,0.33,0.47,22.32,1.96,3.92,0.83,4.17,-2.04,23.13,-1.7,3.6,1.31,7.1,-7.8,-8.19,11.91,4.29,-1.14,2.49,-6.52,-38.72,17.0,2.84,-0.82,-0.4,-1.46,-38.01,10.98,1.2,-0.58,-1.05,0.18,-24.19,9.49,0.65,-0.8,-1.22,-0.18,-16.36,8.57,0.13,-0.65,-0.8,0.1,-12.95,6.02,0.07,-0.31,-0.59,0.35,-8.9,5.38,0.0,-0.34,-0.22,0.38,-7.47,5.26,-0.2,-0.07,0.36,0.36,-7.43,4.15,0.14,-0.03,0.09,0.98,-8.5,4.57,0.0,-0.08,0.07,1.34,-8.58,4.84,-0.15,0.17,0.38,1.54,-8.32,5.02,0.09,0.28,-0.03,1.65,-9.16,5.45,0.1,0.07,-0.3,1.6,-9.12,5.63,0.03,0.16,-0.36,1.47,-8.68,5.17,0.05,0.03,-0.34,1.4,-7.9,4.82,0.09,-0.04,-0.22,1.34,-7.53,4.67,-0.05,-0.07,-0.12,1.4,-7.5,5.12,0.1,0.12,0.19,1.48,-7.58,5.25,-0.03,-0.06,-0.07,1.47,-8.11,5.35,-0.05,-0.23,0.22,1.53,-8.43,5.59,-0.11,0.03,0.18,1.35,-8.29,5.02,-0.17,-0.03,0.05,1.47,-8.43,5.42,-0.1,-0.12,-0.08,1.47,-8.44,5.45,0.01,0.0,-0.05,1.4,-7.83,4.8,0.07,0.15,-0.12,1.29,-7.76,4.81,0.01,-0.03,-0.12,1.44,-8.09,5.29
1.76,-0.17,-2.07,1.95,9.01,0.66,2.78,0.51,0.87,-2.73,23.11,-1.78,2.61,2.19,7.22,-7.88,18.1,3.03,4.73,0.7,5.22,-6.46,-20.64,18.38,3.67,-1.3,1.9,-3.07,-34.43,18.39,2.4,-1.09,0.15,0.97,-28.96,11.81,1.13,-0.84,-0.85,0.61,-21.24,9.89,0.7,-0.71,-1.03,-0.34,-14.4,8.6,0.29,-0.55,-0.44,0.24,-9.51,8.28,0.15,-0.34,-0.11,0.42,-7.75,7.55,0.25,-0.2,-0.08,0.26,-7.4,6.94,0.05,0.16,0.03,0.31,-7.16,6.56,-0.18,-0.09,0.15,0.5,-7.89,6.28,0.37,0.22,-0.29,0.85,-7.72,5.91,0.22,0.24,-0.19,1.0,-7.16,6.0,0.09,0.3,-0.16,1.21,-6.73,7.03,0.22,0.02,-0.08,1.25,-6.76,7.46,-0.02,0.13,0.0,1.38,-6.47,7.34,0.09,-0.03,-0.17,1.37,-6.78,7.36,0.01,-0.19,-0.21,1.44,-6.43,7.17,0.04,-0.16,-0.45,1.36,-6.57,6.98,0.13,-0.02,-0.21,1.32,-6.84,6.91,0.06,-0.12,-0.08,1.29,-6.71,6.98,0.21,-0.31,-0.3,1.27,-6.48,7.37,0.45,-0.46,-0.02,1.41,-6.33,7.17,0.35,-0.37,-0.41,1.59,-6.12,7.05,0.26,-0.37,-0.12,1.64,-5.97,7.08,0.27,-0.3,0.03,1.79,-5.85,7.06,-0.1,-0.13,0.23,1.71,-5.98,7.06,0.11,-0.0,0.16,1.93,-6.82,7.33
-1.63,-0.74,0.75,0.26,-9.65,-0.28,0.29,0.47,-0.81,0.67,-10.64,-0.44,1.4,1.01,-1.46,0.28,-10.44,-1.03,1.08,1.32,-1.68,2.13,-9.0,0.62,0.16,0.05,0.23,1.63,-7.53,1.41,-0.91,0.0,0.13,2.2,-10.0,0.92,-0.47,0.49,0.09,1.34,-8.77,-0.66,0.55,0.27,-0.38,1.56,-7.84,-0.26,-0.47,-0.28,-1.14,1.22,-6.38,1.41,0.24,-0.84,-2.54,1.18,-2.3,1.67,4.33,-0.87,-2.95,1.9,22.02,0.98,4.36,0.42,3.22,-3.58,30.3,-5.74,2.87,3.11,8.03,-11.08,-8.44,16.39,3.57,-1.02,4.26,-10.1,-38.72,27.31,2.96,-2.31,-0.29,-6.41,-38.72,15.6,1.22,-0.79,-1.26,-0.92,-24.06,8.78,-0.16,-0.99,-1.44,-1.09,-17.77,8.8,-0.79,-0.59,-1.21,-0.9,-12.02,6.62,-0.95,-0.26,-0.86,0.62,-8.19,5.4,-0.96,-0.13,-0.08,0.68,-7.6,5.23,-0.96,-0.15,0.18,0.45,-7.98,4.92,-0.98,-0.29,0.17,0.49,-8.67,4.37,-0.63,-0.18,0.01,0.47,-8.97,3.27,0.23,0.4,-0.48,0.49,-7.98,3.77,0.14,0.3,0.11,1.02,-7.14,4.36,-0.35,-0.28,0.03,1.16,-8.22,5.8,0.52,-0.19,-0.32,0.64,-8.17,4.63,-0.41,-0.09,0.43,0.71,-8.33,5.39,-0.29,-0.34,-0.15,1.46,-8.97,5.3,0.08,-0.14,-0.43,1.42,-8.7,4.0
-0.01,-0.33,-4.09,-0.62,14.69,3.01,3.86,-0.35,5.3,-1.71,26.04,0.59,1.63,2.13,7.88,-8.94,-16.27,4.13,4.9,-0.8,2.52,-5.74,-31.92,15.67,2.16,-1.09,0.98,-2.45,-33.92,9.15,1.64,-0.68,-0.84,-0.89,-24.1,6.46,0.46,-0.43,-1.21,-1.11,-16.42,6.94,0.11,-0.19,-0.75,-0.45,-11.43,7.18,-0.13,-0.26,-0.26,0.12,-8.47,6.46,-0.23,-0.44,-0.07,0.12,-7.44,5.75,-0.16,-0.14,0.22,0.15,-8.06,5.14,-0.11,-0.06,0.22,0.39,-8.15,5.03,-0.13,0.02,0.09,0.52,-8.06,4.44,-0.09,0.26,0.24,0.58,-7.44,5.34,-0.02,-0.1,0.37,0.4,-8.01,5.36,-0.02,-0.11,0.29,0.26,-8.18,5.47,0.17,-0.18,0.22,0.26,-7.81,5.29,0.34,0.17,0.27,0.19,-7.93,4.94,0.07,0.11,0.31,0.16,-8.14,5.27,-0.05,-0.01,0.33,0.16,-8.18,5.81,-0.03,-0.16,0.23,-0.06,-8.26,5.54,0.01,-0.09,0.07,-0.06,-8.28,5.35,0.0,-0.07,0.09,-0.02,-8.18,5.35,-0.02,-0.07,0.09,-0.12,-8.01,5.46,-0.07,-0.18,-0.03,-0.19,-8.28,5.52,-0.03,-0.18,-0.08,-0.14,-8.32,5.4,0.14,-0.15,-0.02,-0.11,-8.01,5.25,-0.03,0.02,-0.01,-0.06,-8.2,5.32,0.2,-0.04,-0.11,0.01,-8.3,5.23,0.01,0.01,-0.05,0.04,-8.06,5.12
1.06,-1.18,-0.96,-3.05,1.53,4.94,0.77,-1.44,-0.39,-6.46,2.95,4.46,2.45,0.35,-0.59,-4.32,2.02,-2.51,0.78,2.43,1.15,6.01,1.18,-10.58,0.3,2.77,0.34,17.19,-11.3,-5.63,0.61,3.5,-2.37,23.64,-11.08,0.73,-0.0,2.13,-2.5,24.96,-1.28,8.31,-0.53,0.87,-0.67,22.72,6.49,5.76,-0.42,0.44,0.35,17.47,2.43,3.44,-0.17,-0.12,0.24,13.97,0.51,3.72,0.05,-0.2,-0.09,11.05,0.23,1.78,-0.31,0.04,0.05,8.84,0.65,0.49,-0.08,-0.1,0.04,8.34,0.46,1.91,0.0,-0.01,-0.07,8.22,0.72,1.4,-0.01,0.31,-0.0,8.53,0.58,1.39,0.22,0.45,-0.27,8.8,0.7,1.59,0.28,0.3,-0.32,9.14,0.55,2.85,0.15,0.16,-0.19,9.29,0.61,1.66,-0.02,0.38,0.01,9.66,0.29,2.79,0.1,0.09,-0.21,9.76,0.9,3.05,-0.06,0.14,0.03,9.67,1.32,2.66,0.1,0.28,-0.05,9.59,0.46,2.28,-0.02,0.17,0.05,9.46,0.48,2.95,-0.06,0.08,0.08,9.5,0.28,2.88,-0.05,0.0,0.15,9.51,0.33,2.69,-0.07,0.21,0.15,9.4,0.48,2.54,-0.08,0.03,0.03,9.41,0.47,3.11,-0.09,-0.16,0.03,9.42,0.44,2.73,0.02,0.13,0.13,9.33,0.43,2.65,-0.02,-0.07,0.04,9.35,0.22,2.98
1.24,0.2,-4.14,1.66,7.07,3.85,2.72,0.26,-0.45,-3.83,25.16,0.84,2.27,3.71,5.46,-7.8,17.52,-4.53,4.68,1.93,3.39,-2.25,-23.28,18.38,3.75,-0.09,1.3,3.56,-36.82,17.18,2.7,-0.54,0.02,4.95,-33.39,11.59,1.09,-0.98,-1.14,2.76,-23.14,7.01,0.54,-0.6,-1.26,0.26,-13.91,6.26,0.15,-0.29,-0.55,1.0,-9.18,6.31,-0.34,-0.38,0.38,1.32,-7.61,6.06,-0.12,0.04,0.38,2.24,-7.85,5.42,0.11,0.06,0.69,2.59,-7.78,5.76,-0.18,0.2,0.51,2.82,-8.93,5.01,0.07,0.03,0.02,2.74,-8.35,4.89,-0.15,0.05,0.14,2.53,-8.17,5.36,-0.06,-0.26,-0.04,2.37,-7.4,5.94,-0.11,-0.01,0.23,2.36,-7.03,5.54,0.08,-0.08,-0.22,2.31,-8.37,5.44,0.07,-0.15,-0.09,2.21,-7.42,5.58,0.05,0.03,-0.14,2.34,-7.46,5.4,0.28,0.07,-0.42,2.47,-7.8,5.6,-0.13,-0.06,0.2,2.29,-7.03,5.74,-0.04,-0.06,-0.01,2.25,-7.55,5.54,-0.18,-0.07,-0.17,2.16,-7.62,5.81,-0.08,-0.1,0.18,2.16,-7.71,5.55,-0.14,-0.18,0.21,2.15,-7.71,5.54,-0.04,-0.06,-0.0,2.12,-7.71,5.58,0.06,-0.04,0.01,2.07,-7.81,5.5,-0.03,-0.11,0.01,1.97,-7.51,5.58,-0.14,-0.03,-0.07,2.02,-7.68,5.61
0.3,1.16,-4.73,1.15,-4.38,0.05,1.49,0.99,-3.54,-3.84,25.3,1.7,1.38,0.68,7.14,-10.06,39.37,-0.04,5.35,1.31,7.72,-11.6,-4.67,12.32,5.05,-0.37,5.72,-6.65,-34.61,18.36,4.36,-0.88,1.61,2.26,-38.71,5.26,1.86,-0.35,-0.97,4.02,-34.65,2.97,0.87,-0.56,-1.81,1.83,-22.76,5.23,-0.05,-0.27,-1.2,1.24,-12.35,4.49,-0.06,-0.27,-0.82,1.45,-8.85,4.25,-0.09,0.03,-0.19,1.35,-7.71,4.12,-0.18,-0.06,0.29,1.42,-8.5,4.04,-0.03,-0.14,0.27,1.75,-9.07,3.41,0.03,-0.03,0.07,2.16,-9.07,3.62,-0.19,0.08,0.16,2.11,-9.06,3.36,-0.21,0.28,-0.03,2.1,-8.97,3.77,0.07,-0.01,-0.13,2.26,-8.24,4.23,-0.03,-0.02,-0.32,2.15,-7.94,3.76,-0.11,-0.11,0.03,2.19,-8.04,3.4,-0.09,0.16,-0.1,2.17,-8.41,3.37,0.04,-0.13,0.17,2.15,-8.85,3.72,0.11,0.03,0.17,2.2,-8.9,3.66,0.02,0.21,0.15,2.17,-8.84,3.74,0.17,0.07,0.07,2.15,-8.98,4.14,0.17,0.04,-0.14,2.04,-8.77,3.67,-0.0,0.23,0.13,2.0,-8.59,3.65,0.0,0.02,0.14,1.94,-8.87,4.13,0.09,0.1,-0.03,1.87,-8.84,3.76,0.12,0.14,0.07,1.94,-8.82,3.9,0.13,-0.06,-0.09,2.02,-9.0,4.45
0.43,0.06,-2.82,2.75,-5.44,0.27,1.55,-0.17,-4.71,2.73,2.99,2.57,3.06,-0.31,0.07,-1.78,38.57,0.9,3.31,1.3,9.58,-10.74,35.55,1.57,4.99,0.0,9.24,-12.76,-24.4,21.08,4.36,-2.43,4.21,-10.22,-38.69,19.46,3.22,-2.02,0.89,-4.57,-38.71,6.77,1.17,-1.03,-2.37,-1.81,-31.07,5.44,-0.07,-0.95,-2.91,-0.48,-17.13,7.2,-0.5,-0.1,-1.27,0.79,-7.04,5.67,-0.22,-0.1,0.37,1.5,-6.2,6.97,-0.18,-0.42,0.58,1.04,-7.75,5.2,-0.24,0.03,0.75,0.79,-8.52,3.53,-0.21,-0.11,0.6,0.97,-8.84,3.61,-0.18,-0.02,0.13,1.19,-8.74,3.82,-0.0,0.08,0.13,1.43,-8.15,4.33,-0.11,0.03,0.04,1.57,-8.26,4.75,-0.07,0.0,-0.07,1.36,-8.54,4.2,-0.06,-0.06,-0.27,1.4,-8.71,3.97,0.04,0.09,-0.09,1.38,-8.4,3.98,-0.04,0.13,-0.1,1.36,-8.47,4.25,-0.03,0.15,0.13,1.16,-8.48,4.21,0.05,0.01,0.05,1.37,-8.88,4.48,0.14,0.17,-0.12,1.33,-8.75,4.25,-0.08,0.02,-0.05,1.46,-8.68,4.35,-0.01,-0.07,-0.21,1.46,-8.52,4.38,0.06,0.11,-0.13,1.5,-8.49,4.54,0.06,-0.18,-0.1,1.57,-8.6,4.54,0.09,-0.02,0.0,1.49,-8.6,4.22,-0.03,0.02,0.08,1.44,-8.57,4.34
1.01,-0.89,-3.67,0.48,14.29,2.49,2.34,-0.9,4.59,-5.34,39.73,-2.14,3.03,0.43,8.27,-6.68,6.7,5.56,3.99,-1.38,5.72,-5.37,-33.86,10.77,3.86,-1.06,0.65,-0.4,-38.71,6.32,2.47,0.33,-0.67,2.4,-29.15,2.92,1.16,-0.45,-0.64,2.12,-18.69,6.54,0.73,-0.04,-0.46,1.53,-13.64,5.15,0.18,-0.11,0.47,1.6,-10.8,5.78,0.04,-0.28,0.26,1.46,-10.02,5.18,-0.12,-0.12,0.28,1.33,-9.08,4.33,-0.08,0.03,0.34,1.53,-9.19,4.05,-0.07,-0.08,-0.25,1.86,-9.34,4.25,0.05,-0.0,-0.37,2.01,-9.14,3.86,-0.17,0.2,-0.16,2.12,-7.83,4.39,-0.12,-0.03,-0.27,2.25,-7.62,4.85,-0.06,-0.0,-0.09,2.18,-7.58,4.41,-0.11,-0.26,0.24,2.23,-8.49,4.35,-0.01,-0.09,-0.21,2.17,-9.2,3.71,-0.07,0.07,-0.08,2.19,-8.71,4.0,-0.04,0.12,0.01,2.12,-8.53,4.18,-0.06,0.0,0.06,2.15,-8.65,4.37,-0.1,-0.08,-0.01,2.09,-8.72,4.06,-0.07,0.09,0.04,1.99,-8.19,3.85,0.0,-0.17,0.0,1.96,-8.24,4.22,0.14,-0.0,0.05,1.89,-8.2,3.98,0.08,0.03,0.26,1.94,-8.17,4.04,0.23,0.03,0.05,1.92,-8.31,4.33,0.1,0.1,0.23,1.92,-8.54,4.09,0.07,0.07,0.12,1.98,-8.88,4.4
1.25,-1.32,-1.57,4.14,2.0,2.09,1.76,-0.35,2.65,2.96,26.58,-2.55,3.31,0.01,10.17,-8.8,4.53,8.19,4.5,-1.78,7.19,-11.37,-17.03,15.71,3.77,-2.28,3.59,-11.58,-32.53,8.24,2.71,-1.16,0.65,-8.62,-27.48,3.41,1.28,-0.15,0.08,-6.11,-23.54,2.14,0.53,-0.49,-1.38,-4.62,-19.0,5.33,0.2,-0.01,-1.52,-3.31,-12.15,5.04,-0.16,0.27,-0.8,-0.79,-7.7,5.65,0.05,0.09,-0.43,-0.59,-7.51,5.52,-0.04,0.16,0.04,-0.9,-8.23,4.81,-0.09,0.2,-0.05,-0.9,-8.95,4.58,-0.04,-0.03,-0.33,-0.86,-8.76,4.6,-0.15,-0.09,-0.23,-0.83,-8.51,3.96,-0.05,0.09,-0.16,-0.62,-8.57,4.26,0.05,-0.04,-0.37,-0.48,-8.46,4.31,0.07,0.03,-0.12,-0.65,-8.22,4.0,0.07,0.02,-0.3,-0.49,-8.63,4.15,0.11,0.08,-0.15,-0.28,-8.6,4.48,0.22,0.11,-0.19,-0.26,-8.5,4.49,0.25,0.07,-0.24,-0.16,-8.58,4.66,0.64,-0.05,-0.64,-0.08,-8.73,4.99,0.73,-0.23,-0.57,0.05,-8.56,5.48,0.2,-0.07,-0.15,-0.05,-8.11,4.98,-0.08,0.02,0.2,0.0,-8.51,4.94,-0.01,-0.08,-0.09,0.1,-8.93,4.97,0.09,0.01,-0.17,-0.02,-8.47,4.56,-0.05,0.15,0.15,0.04,-8.18,4.94,0.05,-0.04,0.03,0.24,-8.49,5.1
-2.1,-0.84,-1.97,4.69,11.91,2.89,2.93,-2.39,5.28,-1.86,26.72,3.57,3.26,-1.3,6.86,-5.02,-2.06,7.14,4.43,-2.87,4.09,-8.35,-23.89,8.72,3.53,-1.82,0.78,-6.71,-34.22,1.52,2.46,-0.91,-1.43,-3.35,-28.29,0.0,1.54,-0.21,-1.78,-1.19,-18.62,1.88,0.63,0.37,-1.29,-0.08,-14.15,4.23,0.38,0.09,-0.73,1.01,-11.34,5.4,0.29,0.15,-0.21,1.15,-9.32,4.4,0.08,0.1,-0.08,0.9,-9.21,4.66,-0.06,-0.12,0.16,0.77,-9.58,3.66,-0.07,0.03,0.01,0.97,-9.5,3.25,-0.06,0.1,0.03,0.94,-8.87,3.5,0.08,0.18,0.15,1.11,-8.79,3.46,-0.18,0.12,0.13,1.02,-8.06,3.71,0.1,0.1,-0.12,1.19,-8.43,3.71,0.09,-0.03,-0.01,1.06,-8.42,3.6,0.15,0.04,0.21,1.17,-9.0,3.69,0.03,-0.06,-0.03,1.17,-9.17,3.98,-0.1,-0.0,0.11,1.21,-9.04,4.17,-0.19,-0.18,0.01,1.3,-9.66,4.09,-0.15,-0.09,-0.14,1.06,-9.32,4.02,-0.21,-0.02,-0.04,1.1,-9.22,3.7,-0.08,-0.14,-0.11,1.1,-8.84,3.41,-0.02,-0.21,0.11,1.07,-8.71,3.61,-0.08,-0.07,0.1,1.03,-8.74,3.36,0.01,0.03,0.03,1.03,-8.57,3.37,0.03,-0.04,0.1,1.05,-8.71,3.6,0.05,0.08,-0.06,1.15,-9.1,3.83
0.77,-1.21,-3.65,1.55,5.23,3.09,1.35,-0.81,-0.99,-2.43,28.08,-2.81,3.03,1.49,6.75,-6.1,12.73,2.92,5.24,-0.02,4.96,-3.9,-19.53,15.7,4.11,-0.99,2.71,-0.24,-34.32,11.08,2.88,-0.25,-0.04,3.38,-29.88,6.05,1.63,-0.15,-0.49,4.19,-21.86,7.1,0.88,-0.13,-0.52,2.71,-15.9,6.52,0.13,0.19,-0.5,2.17,-13.08,6.9,0.24,0.07,-0.41,2.27,-11.0,6.39,-0.03,-0.16,-0.16,1.83,-8.89,6.0,-0.45,-0.03,0.07,1.7,-8.58,5.35,-0.19,0.02,0.02,1.95,-8.44,4.7,-0.07,0.06,-0.04,2.27,-7.95,4.47,-0.19,-0.12,-0.06,2.41,-7.98,4.65,0.05,0.07,-0.26,2.5,-7.48,4.84,-0.07,-0.16,-0.23,2.59,-7.07,5.28,-0.09,-0.09,-0.23,2.66,-7.51,5.02,0.13,-0.03,-0.18,2.66,-8.04,4.73,0.07,0.03,-0.03,2.58,-7.96,4.79,-0.13,-0.03,-0.12,2.57,-8.55,5.03,-0.1,0.14,0.12,2.59,-8.41,4.67,-0.04,0.05,0.08,2.59,-8.11,4.93,-0.04,0.04,0.01,2.67,-7.86,4.94,0.07,0.03,-0.04,2.82,-7.73,5.04,0.09,0.03,-0.02,2.78,-7.66,5.22,-0.12,-0.2,0.02,2.84,-7.79,5.15,0.14,-0.23,-0.03,2.63,-7.93,4.91,0.21,0.05,0.03,2.57,-8.16,4.79,-0.02,0.05,-0.02,2.52,-8.2,4.87
