2.82,1.47,-4.39,0.14,38.52,2.22,4.98,2.79,0.72,-5.47,22.62,14.03,3.8,1.88,8.03,3.91,-23.58,17.42,3.88,0.14,3.96,10.98,-33.4,11.7,1.94,-0.74,0.15,12.85,-20.62,4.05,0.84,-0.75,-1.16,11.42,-13.22,2.81,0.06,-0.31,-0.97,8.74,-3.27,3.85,-0.03,-0.09,-0.34,8.17,-1.6,4.06,0.07,-0.26,-0.24,8.65,-0.34,2.3,0.25,-0.4,-0.08,8.76,0.77,1.01,0.16,0.05,0.22,10.17,-1.3,1.35,0.61,-0.02,0.03,10.54,-2.13,0.61,0.5,0.01,0.28,11.07,-2.33,1.24,0.02,-0.1,0.19,11.1,-1.55,2.06,0.09,-0.37,-0.02,9.06,-0.75,1.66,0.31,-0.23,0.23,9.16,-0.86,0.5,0.19,-0.02,-0.14,8.66,0.64,-0.13,0.67,0.84,0.46,8.79,1.32,0.61,0.09,0.62,0.68,8.85,-0.15,1.31,-0.69,0.49,0.27,8.04,-0.53,2.27,-0.81,0.38,-0.72,7.05,0.01,3.9,0.08,-0.08,-0.79,7.68,1.08,2.42,0.49,-0.13,-0.55,9.3,0.28,1.84,0.31,-0.32,-0.63,10.95,1.57,1.57,-0.29,-0.37,0.15,11.89,1.88,1.57,-0.62,-0.14,0.63,11.64,-0.2,2.45,-0.34,-0.29,0.08,10.08,0.16,2.96,0.27,-0.29,-0.16,9.26,0.19,2.53,0.24,-0.53,0.0,8.85,0.22,0.88,0.29,-0.34,0.22,8.89,0.16,0.3
0.18,0.87,-2.29,4.12,20.4,2.91,2.4,1.08,-1.81,0.99,30.04,3.17,3.48,1.45,2.36,-1.36,17.32,6.58,3.53,2.29,5.97,1.46,-3.17,13.72,3.89,1.41,5.5,7.11,-21.24,14.56,2.71,-0.72,2.21,10.1,-21.56,4.44,2.11,-0.29,0.49,10.38,-16.81,2.06,1.47,0.07,-1.05,8.74,-9.12,4.21,0.79,-0.33,-1.13,7.91,-3.07,2.67,0.34,-0.05,-0.6,8.48,-0.98,2.64,0.2,0.1,-0.31,9.13,-0.03,2.75,0.01,0.01,0.18,9.67,-0.66,2.62,0.01,-0.01,0.15,10.13,-1.63,2.47,0.13,0.05,-0.25,9.71,0.26,2.68,0.06,-0.05,-0.1,9.5,-0.06,2.92,0.15,-0.15,-0.09,9.32,-0.12,2.38,0.09,-0.04,-0.03,9.16,-0.09,2.3,-0.01,0.04,0.03,9.27,-0.56,2.66,0.19,-0.13,-0.17,9.07,0.19,2.62,0.17,-0.16,-0.1,9.26,-0.19,1.96,0.07,0.07,-0.11,9.37,-0.15,2.7,0.04,0.01,-0.14,9.62,0.18,2.41,-0.04,0.06,-0.08,9.73,0.26,2.58,0.05,0.01,-0.04,9.67,0.32,2.14,0.01,0.04,0.03,9.74,0.07,2.4,0.11,-0.03,-0.03,9.58,0.24,2.44,0.07,0.01,0.04,9.64,0.23,2.33,-0.0,0.0,0.06,9.65,-0.03,2.73,0.14,-0.11,-0.04,9.47,0.24,2.34,0.14,-0.09,-0.0,9.44,0.11,2.24
-0.16,0.65,-2.32,5.3,19.16,1.18,0.0,0.0,0.0,0.0,0.0,0.0,0.0,0.0,0.0,0.0,0.0,0.0,0.0,0.0,0.0,0.0,0.0,0.0,0.0,0.0,0.0,0.0,0.0,0.0,0.0,0.0,0.0,0.0,0.0,0.0,0.0,0.0,0.0,0.0,0.0,0.0,0.0,0.0,0.0,0.0,0.0,0.0,0.0,0.0,0.0,0.0,0.0,0.0,0.0,0.0,0.0,0.0,0.0,0.0,0.0,0.0,0.0,0.0,0.0,0.0,0.0,0.0,0.0,0.0,0.0,0.0,0.0,0.0,0.0,0.0,0.0,0.0,0.0,0.0,0.0,0.0,0.0,0.0,0.0,0.0,0.0,0.0,0.0,0.0,0.0,0.0,0.0,0.0,0.0,0.0,0.0,0.0,0.0,0.0,0.0,0.0,0.0,0.0,0.0,0.0,0.0,0.0,0.0,0.0,0.0,0.0,0.0,0.0,-0.07,0.12,0.04,9.94,0.32,2.07,-0.11,0.07,0.0,9.91,0.3,2.4,-0.01,-0.03,-0.14,9.96,1.02,2.5,0.03,-0.09,0.04,9.81,0.38,3.07,0.06,-0.22,-0.0,9.75,-0.19,2.24,-0.01,-0.13,-0.15,9.45,0.23,1.91,-0.07,-0.04,-0.1,9.34,0.25,2.3,-0.05,-0.15,-0.05,9.33,0.33,1.95,-0.06,0.0,0.1,9.29,0.08,1.41,-0.11,0.12,0.15,9.26,0.37,1.75,-0.22,0.04,0.32,9.52,-0.22,2.25
1.09,0.13,-2.5,6.29,19.26,4.65,4.6,1.06,-0.53,-2.85,32.71,9.15,4.34,1.56,6.2,-4.61,19.07,13.64,4.24,0.0,5.65,6.71,-36.5,16.94,3.77,-0.85,1.2,10.31,-32.32,6.04,2.36,-0.16,-0.28,9.92,-21.01,1.11,1.15,0.17,-0.47,9.27,-11.15,2.86,0.48,-0.16,-0.35,8.16,-5.82,2.75,0.15,0.15,-0.66,8.21,-2.06,2.8,0.07,0.15,-0.51,8.96,0.12,2.4,0.02,0.14,-0.13,9.27,0.0,1.9,-0.0,0.28,-0.02,9.96,-0.78,2.15,0.13,0.02,-0.31,10.05,-0.12,2.87,-0.08,-0.07,-0.12,10.05,-0.65,3.3,-0.03,-0.18,-0.14,9.85,-0.93,2.87,-0.01,-0.15,-0.15,9.36,-1.14,2.44,-0.02,-0.16,-0.24,9.18,-1.03,2.13,-0.09,-0.04,-0.2,9.01,-0.43,2.09,-0.06,-0.01,-0.11,9.02,0.15,2.01,-0.09,0.06,0.04,9.15,0.01,2.19,-0.03,0.09,-0.0,9.4,-0.23,2.69,-0.03,0.0,-0.01,9.47,-0.4,2.62,0.03,-0.03,-0.08,9.5,-0.38,2.25,0.02,0.01,-0.06,9.36,-0.15,2.51,0.0,-0.02,-0.0,9.39,-0.34,2.32,0.07,0.01,-0.02,9.38,-0.18,2.38,0.01,-0.01,0.11,9.37,-0.27,2.77,-0.04,-0.05,0.14,9.58,-0.85,2.58,0.01,-0.02,0.03,9.67,-0.89,2.16,0.0,0.02,-0.09,9.59,-0.67,2.72
0.74,-0.05,-2.95,9.76,12.98,-0.19,2.75,0.68,-3.12,2.93,29.22,4.47,4.38,0.69,1.6,0.95,23.38,4.72,3.62,1.58,5.96,5.32,-15.37,14.33,3.54,-0.15,2.48,10.29,-26.11,9.78,2.48,-0.37,-1.04,10.02,-15.17,2.39,1.08,0.46,-0.51,9.04,-8.49,2.99,0.11,0.15,0.04,8.96,-7.56,3.86,0.19,-0.16,-0.83,8.22,-3.0,1.91,0.14,0.33,-0.74,8.32,-0.16,1.82,0.05,0.13,-0.53,9.12,0.2,2.2,0.13,0.13,-0.33,9.61,0.71,1.41,0.08,0.32,-0.07,10.41,-0.45,2.28,0.03,-0.01,-0.32,10.41,-0.1,3.16,0.03,-0.32,-0.4,10.3,0.61,2.39,0.13,-0.36,-0.39,9.98,0.88,1.5,0.13,-0.26,-0.3,9.69,1.3,1.74,0.12,-0.5,0.05,9.63,1.01,1.62,0.15,-0.42,0.1,9.6,0.71,0.61,-0.04,-0.0,0.21,9.55,0.89,1.1,0.08,-0.04,0.22,9.56,0.5,1.67,0.21,-0.38,0.24,9.97,0.02,1.15,0.33,-0.36,-0.2,9.85,0.28,1.09,0.36,-0.47,-0.37,10.39,0.47,0.61,0.37,-0.44,-0.39,10.78,0.7,0.45,0.28,-0.37,-0.32,11.31,1.08,1.21,0.27,-0.29,-0.19,10.79,0.32,1.05,0.51,-0.63,-0.42,10.33,1.15,-0.18,0.4,-0.25,-0.17,9.94,1.71,-0.77,-0.08,0.29,0.3,9.12,0.83,0.98
1.15,0.63,-2.77,9.61,14.84,-0.16,2.17,1.18,-2.15,6.15,22.08,4.95,3.21,0.99,0.53,3.68,19.32,6.97,4.35,1.31,2.4,4.28,11.12,10.86,3.63,-0.27,4.45,7.52,-13.25,12.04,3.21,-1.28,2.52,9.37,-19.02,6.73,2.69,-0.87,0.55,10.91,-19.94,1.76,1.5,-0.12,-0.64,9.56,-10.76,0.65,0.66,0.12,-0.06,9.15,-7.38,1.46,0.34,0.06,0.09,8.22,-3.86,1.65,0.39,0.05,0.03,8.37,-1.46,0.8,0.13,-0.02,0.22,8.63,-1.2,0.0,0.03,0.08,0.24,8.91,-1.18,-0.24,0.17,0.17,0.02,9.52,-0.91,-0.42,0.22,0.23,-0.07,9.58,-0.55,-0.23,0.12,0.25,0.05,9.94,-1.13,0.42,0.03,0.14,-0.05,10.23,-1.44,0.98,0.1,0.02,-0.26,9.73,-0.75,0.93,0.13,0.13,-0.2,10.11,0.32,0.67,0.06,0.1,-0.01,10.01,0.08,1.03,0.13,-0.05,0.07,9.87,-0.36,0.82,0.15,-0.03,0.04,9.81,-1.0,-0.11,0.07,0.11,-0.09,9.65,-0.58,0.13,0.03,0.17,-0.04,9.54,-0.01,0.3,0.12,0.37,0.02,9.65,-0.09,0.66,0.06,0.36,0.15,9.72,-0.15,1.64,0.03,0.1,0.18,10.04,-1.04,1.48,0.18,-0.1,0.06,9.93,-0.9,0.85,0.19,-0.04,0.1,9.92,-0.96,0.88,0.3,-0.11,-0.06,9.92,-0.56,0.82
1.63,0.45,-1.27,7.41,15.74,2.2,2.62,0.57,-0.11,6.06,14.37,4.77,3.12,0.39,1.58,6.91,3.78,5.5,3.12,0.82,3.14,8.64,-7.38,6.58,2.86,0.8,2.22,10.0,-12.56,7.53,2.72,-0.24,0.44,10.36,-11.88,3.12,2.01,-0.15,0.29,9.75,-9.71,1.04,1.34,0.44,0.37,9.62,-8.47,2.45,0.81,0.41,0.23,9.61,-7.06,3.0,0.52,0.05,0.02,9.73,-5.44,2.44,0.16,-0.03,-0.03,9.41,-3.18,1.02,0.1,0.1,-0.15,9.45,-1.7,0.73,-0.14,0.1,0.01,9.77,-1.14,0.86,-0.11,0.08,0.01,9.74,-1.41,1.08,0.13,-0.03,-0.28,9.42,-0.32,0.51,-0.09,0.02,-0.15,9.43,-0.37,0.69,-0.04,0.03,-0.18,9.57,-0.64,0.87,0.04,0.04,-0.22,9.65,-0.41,0.77,-0.01,0.04,-0.11,9.56,-0.02,0.96,-0.11,0.02,0.16,9.76,-0.72,0.87,-0.01,0.08,0.08,9.8,-0.92,1.02,0.06,0.05,0.0,9.89,-0.97,1.11,-0.01,0.03,-0.01,9.67,-0.94,0.87,0.04,0.02,-0.06,9.83,-0.8,0.86,0.0,-0.08,-0.05,9.7,-0.35,0.74,0.01,-0.07,0.06,9.58,-0.29,0.59,0.05,-0.01,0.13,9.58,-0.62,0.43,0.13,0.06,0.04,9.78,-1.53,0.93,0.22,-0.01,-0.2,9.8,-0.93,0.63,0.21,0.05,-0.23,9.72,-0.59,1.06
2.74,0.27,-1.0,5.51,12.6,2.38,3.34,0.78,-0.17,5.61,10.98,3.38,2.55,1.18,2.4,8.73,-4.82,8.39,2.97,0.17,2.47,10.58,-12.57,3.79,2.55,0.32,1.6,11.77,-14.71,0.64,2.23,0.7,0.1,9.89,-9.77,0.32,1.39,0.78,0.42,9.86,-8.35,2.05,0.8,0.39,0.44,9.7,-6.3,1.36,0.33,0.35,0.37,10.08,-4.15,1.35,0.07,0.09,0.2,9.92,-2.46,1.11,-0.16,0.07,0.24,10.46,-2.18,1.45,-0.0,-0.11,-0.1,10.06,-0.74,0.34,-0.09,-0.1,-0.04,9.98,-0.44,0.11,-0.06,-0.15,-0.06,9.61,-0.72,-0.47,-0.04,-0.06,-0.15,9.48,-0.36,-0.66,0.03,0.09,-0.2,9.28,0.02,-0.33,-0.06,0.06,-0.04,9.38,-0.5,0.48,0.06,0.01,-0.11,9.4,-0.24,0.14,0.02,0.04,-0.04,9.46,-0.12,-0.1,-0.06,0.08,0.07,9.62,-0.3,-0.13,-0.06,0.13,0.04,9.69,-0.45,0.12,-0.0,0.16,-0.02,9.92,-0.6,0.46,0.09,0.06,-0.13,9.84,-0.21,0.14,0.04,0.07,-0.05,9.85,-0.21,0.06,0.03,0.13,-0.04,9.86,-0.23,0.49,0.09,0.08,-0.05,9.86,-0.08,0.49,0.03,0.05,0.02,9.85,-0.09,0.57,0.0,0.02,0.08,9.9,-0.48,0.49,0.08,0.02,-0.0,9.81,-0.51,0.12,0.08,0.09,-0.03,9.88,-0.32,0.61
1.65,-0.61,-2.33,6.67,9.06,1.48,3.55,0.03,-2.78,0.33,18.6,0.55,0.0,0.0,0.0,0.0,0.0,0.0,2.59,2.25,4.41,1.35,3.45,6.64,2.31,0.97,4.46,9.14,-19.19,12.16,2.65,-0.63,1.06,12.44,-17.3,2.87,1.75,0.12,0.14,11.31,-10.69,0.95,0.99,0.36,0.21,10.24,-8.18,2.96,0.58,0.07,0.17,8.68,-4.98,1.53,0.06,0.22,0.39,8.34,-4.66,1.45,-0.05,0.32,0.18,9.1,-2.97,1.13,-0.14,0.29,0.17,9.51,-2.11,1.52,-0.15,0.24,0.03,9.93,-1.17,1.21,-0.02,0.16,-0.12,10.01,-0.55,2.66,-0.0,-0.15,-0.07,9.79,-0.25,1.38,0.02,-0.09,-0.01,9.79,-0.41,0.58,0.12,0.09,-0.04,9.77,-0.76,1.19,0.13,-0.04,-0.03,9.88,-0.81,1.37,0.08,-0.09,-0.01,9.84,-0.67,0.68,0.11,0.12,-0.04,9.7,-0.45,1.05,0.13,-0.03,0.05,9.82,-0.54,1.52,0.02,-0.09,0.22,9.78,-0.7,0.74,0.06,0.04,0.23,9.54,-1.0,0.8,0.14,0.01,0.21,9.63,-1.04,0.8,0.06,0.12,0.28,9.76,-1.47,0.69,0.18,0.18,0.02,9.92,-1.51,1.48,0.0,0.0,0.0,0.0,0.0,0.0,0.0,0.0,0.0,0.0,0.0,0.0,0.0,0.0,0.0,0.0,0.0,0.0,0.0,0.0,0.0,0.0,0.0,0.0
1.13,0.76,-1.5,6.86,16.6,2.03,3.49,1.71,0.39,2.87,21.62,6.82,3.19,1.94,4.14,3.83,3.95,11.16,4.13,0.95,2.78,8.87,-19.57,11.06,3.63,-0.11,0.26,11.98,-16.11,4.84,1.68,-0.48,0.58,12.67,-12.39,0.35,0.6,0.16,0.19,11.58,-10.44,0.42,0.63,0.58,-0.56,9.37,-3.19,2.87,-0.14,0.22,-0.06,8.66,-1.09,4.33,-0.15,-0.21,-0.19,8.4,0.37,2.03,0.16,0.06,-0.05,8.17,1.01,1.65,0.07,0.07,0.19,9.17,-0.28,1.64,0.13,0.02,0.05,9.68,-0.28,1.14,0.1,0.19,-0.09,9.85,-0.14,2.06,0.05,0.04,-0.08,9.79,0.41,1.65,-0.04,0.08,0.05,9.65,0.06,1.27,-0.0,0.13,-0.1,9.73,-0.08,2.42,0.01,0.02,0.08,9.67,0.26,1.57,-0.04,0.07,0.13,9.82,-0.28,2.12,0.1,0.0,-0.0,9.74,0.01,2.14,0.03,-0.08,0.09,9.66,-0.34,2.06,0.06,-0.11,0.06,9.56,-0.37,1.38,0.07,-0.05,0.04,9.44,-0.53,2.03,-0.03,-0.25,0.01,9.49,-0.18,1.77,-0.01,-0.29,-0.06,9.52,0.12,1.15,0.03,0.02,-0.13,9.59,0.3,1.66,-0.02,0.01,-0.01,9.56,0.43,1.89,-0.01,0.03,0.05,9.68,0.06,1.23,0.11,0.12,-0.05,9.54,0.04,1.54,0.07,0.06,0.04,9.6,0.15,1.72
-1.14,-0.25,-1.78,9.86,1.19,-0.3,-1.02,-0.04,-2.39,9.36,4.5,0.02,-0.95,-0.04,-2.11,8.62,7.28,0.98,-0.47,-0.3,-1.95,7.42,9.07,0.78,-0.28,-0.5,-1.59,5.76,13.39,0.06,1.19,0.76,-0.1,4.09,16.86,-0.3,2.69,2.35,0.41,1.73,22.34,6.65,4.02,2.75,3.19,-0.85,17.54,16.15,4.08,1.47,5.45,1.33,-1.71,18.18,4.04,-0.1,5.03,6.24,-15.21,9.98,3.5,-0.15,2.92,9.36,-20.02,3.69,2.34,-0.19,1.56,10.92,-17.12,-0.88,1.34,0.15,0.75,11.02,-13.21,-1.46,0.94,0.66,-0.12,9.88,-5.65,3.41,0.07,0.07,-0.12,9.19,-3.07,3.42,-0.03,0.09,-0.18,9.0,-1.57,2.43,-0.06,0.08,-0.13,9.02,-0.42,1.92,0.03,-0.01,-0.11,9.21,0.04,1.48,-0.1,0.16,0.12,9.75,-1.29,1.74,0.05,0.12,-0.09,9.93,-0.98,1.68,0.15,0.05,-0.19,9.58,-0.74,1.83,0.07,0.05,-0.1,9.61,-0.74,1.39,0.01,0.09,-0.09,9.91,-0.93,1.88,0.02,-0.0,-0.04,9.61,-0.83,2.38,0.02,-0.02,-0.06,9.88,-0.86,1.93,0.11,0.05,-0.14,9.53,-0.36,2.36,-0.01,-0.08,0.05,9.56,-0.69,1.97,0.06,-0.09,-0.04,9.4,-0.61,1.44,0.06,0.02,0.02,9.43,-0.42,1.67,-0.0,-0.06,0.07,9.47,-0.77,1.37
3.23,3.2,2.81,-7.62,35.37,18.12,3.15,0.45,8.88,-3.11,-12.99,24.53,4.51,-1.55,4.78,6.03,-28.9,9.13,0.0,0.0,0.0,0.0,0.0,0.0,0.0,0.0,0.0,0.0,0.0,0.0,1.78,-0.09,0.69,6.38,-15.87,2.11,0.68,0.02,0.58,6.89,-12.7,1.55,0.16,0.34,0.03,8.16,-5.58,2.86,-0.08,0.44,-0.32,8.68,-3.08,3.84,-0.12,0.32,-0.21,9.22,-0.47,3.68,-0.25,0.15,0.06,9.39,-1.19,3.58,-0.1,0.09,-0.06,9.71,-1.32,2.71,-0.01,0.09,-0.07,9.65,-1.69,2.83,0.06,0.03,-0.18,9.69,-1.63,2.8,0.03,-0.02,-0.19,9.45,-1.31,2.84,-0.0,-0.06,-0.1,9.11,-1.34,3.08,0.12,-0.06,-0.08,8.74,-1.54,2.47,0.11,0.07,0.03,8.55,-1.61,2.2,0.12,0.13,0.02,8.68,-1.93,2.94,0.04,0.13,0.08,8.98,-2.19,2.71,0.06,0.2,-0.02,9.14,-2.45,2.72,-0.0,0.09,-0.09,9.2,-1.84,3.04,-0.03,0.05,-0.06,9.35,-1.58,2.56,0.02,0.16,-0.08,9.41,-1.28,2.67,0.05,0.11,-0.1,9.35,-0.86,3.23,0.01,0.01,0.06,9.41,-1.08,3.26,0.04,0.01,0.1,9.3,-1.43,3.57,0.11,-0.06,0.11,9.24,-1.91,3.35,0.15,-0.13,0.07,9.13,-2.24,3.11,0.08,-0.12,0.08,9.07,-2.46,2.68
0.5,0.79,-1.72,6.55,3.67,3.34,0.98,1.0,-2.33,5.98,4.63,4.07,1.34,0.89,-2.75,5.51,6.31,4.3,0.84,0.04,-2.66,5.03,8.31,4.47,1.1,-0.1,-2.29,4.26,9.27,3.75,-0.05,-0.27,-2.08,2.31,6.65,4.64,-1.27,-1.71,-2.07,4.2,9.82,4.67,-0.91,-1.21,-1.5,4.1,9.31,2.89,0.34,0.53,-0.85,3.09,9.0,2.85,0.6,1.12,-0.63,2.86,9.19,4.35,0.51,0.96,-0.47,2.81,8.75,4.22,-0.52,0.5,0.4,2.74,7.68,3.84,-0.58,0.78,0.75,3.23,6.72,4.44,0.65,1.25,-0.0,2.76,7.18,4.96,0.89,0.94,-0.46,2.37,8.52,4.2,-0.06,0.42,-0.38,2.47,8.48,3.89,-0.28,0.4,-0.44,2.25,8.4,4.0,-0.32,0.3,-0.48,1.85,8.67,4.44,-0.41,0.14,-0.33,1.67,8.76,4.38,-0.36,0.13,-0.19,1.61,8.75,4.65,-0.3,0.06,-0.1,1.6,8.67,4.45,-0.33,0.1,-0.08,1.6,8.64,4.72,-0.31,0.04,0.0,1.72,8.55,5.19,-0.2,-0.01,0.05,1.72,8.41,5.18,-0.13,-0.03,0.05,1.69,8.21,5.11,-0.11,-0.04,0.05,1.73,8.18,5.03,-0.14,-0.03,0.1,1.84,8.01,5.33,-0.12,-0.15,0.07,1.88,7.95,5.09,-0.09,-0.09,0.02,1.81,7.97,4.91,-0.07,-0.04,-0.0,1.75,7.98,4.98
-0.26,-2.21,0.91,3.84,11.95,9.4,0.16,-3.18,1.87,4.79,11.18,8.36,0.36,-3.56,2.4,5.41,10.17,3.96,0.3,-3.07,2.77,5.3,10.89,3.68,1.13,-2.61,3.19,5.54,11.18,3.01,1.84,-2.07,3.97,5.53,10.38,1.7,3.28,-1.2,4.02,4.32,8.51,-2.02,3.54,0.89,3.67,3.19,6.59,-3.09,3.42,1.7,3.47,3.01,4.51,-2.52,3.58,2.98,3.02,4.5,3.23,0.72,3.71,3.58,2.93,6.78,2.48,2.69,4.14,3.91,2.94,5.25,0.44,7.22,4.29,2.91,2.83,7.57,-0.07,7.46,1.26,1.05,3.17,8.46,-3.5,9.67,1.87,-0.14,1.61,9.82,-4.96,8.22,1.62,-0.48,-0.51,9.13,-2.99,6.25,2.41,-1.06,-2.28,7.15,-0.47,4.0,2.18,-1.35,-3.29,6.32,2.67,0.61,2.5,-2.03,-1.61,5.6,4.32,2.17,1.72,-2.11,-1.02,5.56,4.47,1.61,1.04,-0.41,-0.08,12.01,5.54,3.86,0.57,1.46,-0.77,9.26,2.45,4.11,-0.6,1.5,-0.67,6.88,3.79,6.01,-0.8,1.87,0.34,7.18,4.56,4.92,0.28,0.82,0.66,7.63,4.78,5.96,1.65,-0.13,-0.02,7.27,5.63,4.4,2.72,-1.15,1.29,9.18,6.07,2.02,-8.05,-1.43,0.55,9.33,13.69,-1.52,-6.78,0.54,-0.44,15.11,-4.14,5.32,2.17,0.41,2.12,4.36,5.5,7.34
-0.87,-0.57,2.31,6.03,-2.33,6.31,-1.24,-0.93,1.69,6.51,-1.74,4.49,-2.32,-0.97,1.38,5.3,-1.81,1.14,-1.26,-1.94,0.68,7.24,-2.11,0.2,-1.44,-2.03,-0.32,10.47,-2.91,-0.49,-1.59,-1.03,-1.65,14.75,2.78,-1.09,-2.29,0.27,-2.22,10.43,5.16,-1.16,-1.69,0.8,-0.51,8.68,3.97,0.41,-1.45,0.95,-0.03,11.31,1.05,2.23,-1.27,1.47,-0.35,9.81,0.8,3.05,-1.57,1.61,-0.31,8.39,0.23,3.81,-0.89,1.1,-0.29,8.99,-0.16,4.25,-0.43,-0.14,-0.75,9.78,0.78,3.68,-0.22,-0.32,-0.71,9.21,1.76,3.6,-0.02,-0.59,-0.21,9.54,0.81,3.07,0.0,-0.53,-0.07,9.68,0.43,2.72,-0.17,-0.36,-0.13,9.46,0.73,2.33,-0.22,-0.25,-0.07,9.26,0.6,2.12,-0.1,-0.1,-0.13,9.73,0.97,2.02,-0.1,0.04,-0.25,9.7,1.67,2.03,-0.06,0.21,-0.06,9.42,1.09,2.51,0.0,0.22,0.08,9.35,0.91,2.86,0.07,0.13,-0.0,9.06,0.99,3.0,0.06,0.06,-0.04,9.09,0.86,3.16,0.1,-0.07,-0.15,9.17,1.05,3.21,0.16,-0.26,-0.2,9.35,1.38,3.09,0.15,-0.45,-0.17,9.38,1.58,2.87,0.23,-0.64,0.07,9.48,1.56,2.28,0.14,-0.45,0.16,9.53,1.2,2.12,-0.01,-0.18,0.08,9.6,0.83,1.95
2.96,2.47,4.51,2.03,-4.83,9.24,3.24,1.12,3.16,10.34,-11.1,7.8,2.38,0.5,2.67,15.07,-14.92,3.75,1.45,0.75,1.15,16.18,-15.16,5.33,1.15,-0.32,-0.29,10.47,-9.87,5.36,1.36,-0.8,-1.16,6.95,-3.36,0.94,0.91,-0.2,-0.93,7.83,2.15,-0.74,0.45,0.23,-0.03,8.68,3.25,0.47,0.25,0.27,0.63,10.31,1.71,0.62,0.27,0.57,0.78,10.56,-0.19,2.22,0.13,0.46,0.93,10.9,-0.39,3.28,0.02,0.15,1.02,10.97,-1.26,3.24,0.09,-0.01,0.77,10.96,-2.38,2.55,0.46,-0.21,0.17,10.75,-1.92,1.85,0.36,-0.26,0.0,10.01,-1.26,1.87,0.16,-0.49,-0.04,9.86,-0.9,2.0,0.26,-0.51,0.02,9.91,-0.74,0.91,0.27,0.03,0.04,10.28,-1.33,1.44,0.07,-0.06,0.08,10.28,-1.27,2.68,-0.04,-0.3,0.27,10.02,-1.02,2.12,0.43,-0.49,0.33,10.78,-0.29,0.76,-0.21,-0.47,0.45,9.81,-0.34,1.31,-0.07,-0.54,0.3,9.23,-1.01,1.47,-0.07,-0.45,0.18,9.01,-0.71,0.43,0.06,-0.26,0.13,8.86,-0.83,0.03,0.19,-0.17,0.02,8.71,-1.07,0.49,0.11,-0.19,0.09,9.0,-1.17,-0.09,0.04,-0.1,0.07,9.2,-1.51,0.21,-0.11,-0.3,0.08,9.63,-1.73,1.04,0.15,-0.47,-0.16,9.59,-1.51,0.66
-0.64,0.82,-3.62,7.55,7.03,1.49,0.39,1.21,-4.16,7.39,16.13,1.95,0.0,0.0,0.0,0.0,0.0,0.0,0.0,0.0,0.0,0.0,0.0,0.0,0.0,0.0,0.0,0.0,0.0,0.0,2.28,0.74,2.66,2.31,7.01,4.01,1.95,1.64,4.38,3.29,-5.99,4.09,1.54,1.34,3.69,7.79,-13.5,4.44,1.29,0.37,1.27,11.89,-13.15,2.63,1.33,0.02,-0.03,11.87,-7.73,2.22,0.78,-0.1,0.21,10.35,-4.78,2.97,0.46,-0.18,0.25,9.89,-2.46,3.59,0.23,-0.45,0.38,9.86,-1.83,2.82,0.12,-0.33,0.27,9.73,-1.09,1.49,0.02,-0.17,0.22,9.55,-0.8,1.57,0.11,-0.21,0.07,9.58,-0.46,0.74,0.03,-0.23,-0.17,9.27,0.37,-0.11,-0.03,0.32,-0.21,9.22,1.32,-0.33,-0.18,0.52,0.01,9.37,0.64,1.72,0.05,0.24,0.06,9.83,0.46,1.88,0.04,0.17,0.14,9.58,0.7,1.44,0.07,0.38,0.12,9.51,0.82,1.67,0.16,0.68,0.16,9.44,0.68,1.3,0.05,0.81,0.27,9.44,-0.03,2.46,0.04,0.01,0.17,9.72,0.18,2.8,0.04,-0.44,0.08,9.46,-0.38,1.72,0.19,-0.45,-0.15,9.98,0.52,1.07,0.03,-0.19,0.1,9.68,0.2,1.69,0.06,-0.26,0.07,9.68,0.33,1.26,0.0,-0.17,0.12,9.79,-0.15,1.36
1.5,0.82,-4.69,5.14,33.44,-0.74,4.05,2.84,-0.92,-6.8,39.96,8.87,5.2,3.3,7.55,-6.77,-2.52,15.25,3.32,1.82,5.85,2.97,-32.29,18.86,2.42,-0.64,0.74,11.21,-28.09,7.87,1.14,-0.2,-0.71,10.31,-13.3,7.34,0.64,-0.95,-0.98,8.01,-3.85,4.33,0.03,-0.47,-0.2,7.36,-1.51,2.8,-0.23,-0.24,0.11,8.01,-0.51,2.9,-0.2,-0.27,0.18,8.39,-0.09,2.01,-0.28,-0.08,0.28,8.59,-0.8,2.03,-0.17,0.04,-0.04,9.01,-1.58,1.49,-0.14,0.2,-0.21,9.23,-0.31,2.23,-0.22,0.1,-0.14,9.14,-0.56,2.46,-0.13,0.04,-0.1,9.19,-0.28,2.39,-0.39,-0.04,0.16,9.25,-1.42,2.46,-0.2,0.02,-0.19,9.39,-0.89,1.73,-0.17,0.2,-0.29,9.67,0.39,2.25,-0.23,0.14,-0.13,10.11,0.31,2.35,-0.14,0.05,-0.16,10.11,0.29,2.5,0.06,0.11,-0.02,9.6,0.46,2.72,-0.06,0.04,0.32,9.42,-0.19,3.44,-0.04,0.07,0.31,9.36,-1.46,3.16,0.13,0.06,0.0,9.12,-0.57,2.94,-0.19,0.07,0.19,9.26,-1.01,3.23,-0.1,-0.02,0.07,9.38,-0.7,2.91,-0.19,-0.03,0.13,9.41,-0.42,2.7,-0.1,0.04,0.19,9.62,-0.6,2.81,-0.18,-0.05,0.2,9.71,-0.81,2.83,-0.02,-0.1,0.06,9.61,-0.34,2.34
-1.34,-0.73,-2.99,9.88,11.23,-2.16,-2.66,0.21,-3.38,7.36,19.56,2.95,1.97,1.37,-4.69,1.24,32.54,8.42,4.34,1.19,0.77,-1.9,30.05,7.52,2.85,2.49,6.52,5.11,-15.19,13.46,3.53,1.01,4.13,10.28,-25.89,13.1,3.28,-0.57,1.17,10.68,-14.38,4.15,1.88,0.06,0.79,9.58,-10.2,4.32,1.31,0.16,0.84,8.73,-8.93,6.08,0.84,-0.25,0.58,8.11,-4.98,3.46,0.45,-0.19,0.49,8.52,-4.12,2.82,0.47,-0.14,0.26,8.62,-1.85,2.17,0.21,-0.22,0.43,9.01,-2.02,1.66,0.05,-0.11,0.34,9.03,-1.91,1.21,0.19,0.12,0.03,9.35,-1.4,1.58,0.15,0.18,0.01,9.54,-1.02,2.55,0.02,0.05,0.09,9.59,-0.97,2.77,-0.01,-0.03,0.12,9.46,-1.03,2.74,-0.14,-0.12,0.1,10.1,-1.43,2.41,-0.04,-0.18,-0.07,9.88,-0.87,2.18,-0.09,-0.16,-0.01,9.53,-0.6,1.87,-0.34,-0.27,0.15,9.12,-0.32,2.19,-0.48,-0.54,0.36,8.93,-0.38,1.68,0.01,-0.25,0.12,9.41,-1.78,0.33,0.4,0.21,-0.33,9.47,-1.16,1.13,0.17,0.22,-0.17,9.39,-0.61,2.36,-0.11,-0.09,0.16,9.52,-0.59,1.75,-0.09,-0.02,0.21,9.75,-0.98,1.52,-0.05,0.13,0.05,9.75,-1.69,2.38,0.17,-0.01,-0.04,9.62,-1.15,1.41
-1.24,-0.31,-3.18,13.22,6.39,-1.98,1.16,1.74,-7.15,-2.15,39.96,7.6,2.45,1.51,1.15,-4.03,38.23,10.29,0.91,0.02,8.29,7.77,-25.91,7.23,2.98,-1.05,2.15,12.2,-25.61,-0.02,2.4,-0.64,-0.25,11.18,-17.51,-1.46,1.16,-0.1,-0.41,7.5,-6.45,-0.08,0.77,0.13,-0.11,6.77,-3.9,0.48,0.48,0.14,0.44,7.15,-4.9,1.49,0.38,-0.09,0.22,8.48,-3.3,-0.82,0.28,0.07,0.1,8.66,-1.95,-1.24,-0.06,0.44,0.12,9.41,-1.16,0.01,-0.18,0.41,0.12,9.73,-0.81,0.83,-0.21,0.26,0.11,9.93,0.22,0.72,0.04,0.33,-0.07,9.97,0.81,1.3,-0.09,0.26,0.19,10.65,0.41,1.69,-0.02,0.13,0.11,10.79,0.27,2.06,-0.01,-0.01,0.14,10.86,-0.72,1.71,0.09,-0.02,-0.01,10.43,-0.65,1.61,0.12,-0.2,-0.01,9.79,-0.46,0.72,0.08,-0.24,-0.0,9.39,-0.23,0.39,0.07,-0.11,-0.03,8.96,0.36,0.34,0.15,-0.0,-0.07,8.78,1.02,0.24,0.15,0.13,-0.09,8.82,1.73,-0.49,0.21,0.48,-0.14,8.9,2.05,-0.24,0.11,0.93,0.25,9.78,0.46,2.12,0.32,0.72,0.33,9.98,-0.73,2.95,0.61,0.01,0.39,9.92,-2.44,3.46,0.35,-0.42,0.45,9.75,-2.98,1.43,0.38,-0.31,0.24,9.5,-2.03,0.34
1.57,0.03,-2.16,8.15,12.33,0.53,1.78,-0.02,-1.74,6.65,15.47,0.27,2.54,0.42,-1.01,5.21,17.15,0.64,2.59,1.55,0.77,3.57,14.81,6.13,3.21,2.1,2.89,3.93,4.1,11.5,2.42,1.81,4.79,7.72,-16.64,13.47,2.57,-0.26,3.11,10.66,-19.8,7.26,2.41,-0.76,1.38,10.41,-15.47,1.44,1.23,-0.13,0.67,9.16,-12.06,0.82,0.85,0.01,0.05,8.32,-6.92,1.03,0.33,0.11,0.19,8.16,-4.38,1.3,0.18,0.24,0.11,8.89,-3.76,1.59,0.08,0.19,-0.09,9.73,-2.45,1.25,0.03,0.11,-0.21,9.71,-1.37,0.87,0.01,0.13,-0.19,10.1,-1.39,1.33,-0.05,0.12,-0.2,9.75,-0.9,1.88,-0.1,0.14,-0.06,9.75,-1.23,2.48,-0.01,0.02,-0.16,9.76,-1.0,1.78,0.04,0.03,-0.21,9.47,-0.37,2.23,-0.05,-0.14,-0.02,9.48,-0.7,1.3,0.05,-0.09,-0.08,9.42,-0.71,0.93,0.09,0.03,-0.02,9.35,-0.33,1.0,0.03,0.06,0.17,9.36,-0.82,1.12,0.02,0.14,0.19,9.66,-1.6,1.38,0.08,0.19,-0.05,9.56,-0.85,1.78,0.08,0.1,0.01,9.54,-0.68,1.76,-0.04,0.06,0.15,9.6,-1.41,1.84,0.04,0.1,0.04,9.37,-1.08,2.02,0.09,0.03,0.07,9.39,-1.01,1.86,-0.03,-0.02,0.14,9.41,-1.6,1.82
1.86,2.69,3.08,5.73,-5.75,12.27,2.81,2.05,2.56,10.28,-16.8,12.85,2.69,0.56,0.96,11.2,-12.68,7.01,1.87,0.28,0.82,9.43,-9.06,4.12,1.04,0.52,1.39,8.65,-9.22,4.59,0.65,0.23,1.11,9.17,-8.2,4.62,0.49,-0.24,0.61,9.2,-4.93,2.72,-0.03,-0.17,0.39,9.53,-3.54,2.57,0.01,-0.15,0.16,9.63,-2.32,2.6,-0.16,-0.22,0.1,9.5,-2.41,2.39,-0.01,-0.25,-0.11,9.16,-1.9,1.92,0.06,-0.11,-0.22,8.69,-1.29,1.89,0.04,0.01,-0.19,8.8,-1.36,2.35,0.17,0.05,-0.3,8.92,-1.57,2.36,0.22,0.06,-0.5,9.33,-0.61,2.02,0.07,0.11,-0.33,9.5,0.02,2.27,-0.01,0.1,-0.09,9.79,-0.04,2.4,0.0,0.03,0.05,10.04,-0.57,2.43,0.04,0.03,-0.04,9.83,-0.48,2.51,-0.02,-0.04,-0.05,9.45,-0.54,2.96,0.13,-0.16,-0.03,9.42,-0.38,2.02,0.1,-0.04,0.0,9.38,-0.61,1.95,0.08,0.03,0.02,9.49,-0.44,2.25,0.12,0.03,0.13,9.13,-0.32,2.61,0.05,-0.02,0.27,9.08,-1.03,2.63,0.07,-0.07,0.12,9.4,-0.96,2.02,0.07,0.1,-0.01,9.43,-0.74,1.87,0.02,0.14,-0.04,9.66,-0.64,2.51,-0.05,-0.0,0.06,9.73,-0.71,2.48,-0.08,0.01,0.08,9.75,-0.99,2.53
-1.02,-0.54,-2.13,12.08,5.05,-1.15,-0.99,-0.81,-3.72,10.98,9.97,-0.52,0.52,0.32,-4.73,5.7,18.51,-0.29,1.2,2.32,-2.45,-1.16,27.12,1.22,1.55,4.14,3.8,-1.92,16.06,11.88,2.59,2.03,5.81,6.86,-13.2,15.22,3.39,-0.57,3.33,12.15,-21.18,5.57,3.51,-0.42,1.59,11.45,-14.06,0.07,2.53,0.24,0.35,9.95,-9.78,1.89,1.73,0.05,0.41,9.2,-6.61,2.62,0.95,-0.22,0.72,9.42,-6.59,2.37,0.66,-0.25,0.13,9.05,-3.59,1.13,0.5,-0.1,0.02,9.01,-2.03,0.72,0.07,-0.09,0.22,8.97,-1.77,0.11,0.01,0.1,0.13,9.22,-1.48,0.49,0.07,0.17,-0.03,9.38,-1.24,1.0,-0.01,0.08,-0.03,9.19,-0.28,1.26,-0.06,0.17,0.06,9.48,-0.83,1.12,0.01,0.29,-0.05,9.68,-0.52,1.62,-0.09,0.19,-0.05,9.91,-0.23,1.25,-0.06,0.29,-0.05,10.11,-0.29,1.42,-0.02,0.35,-0.05,10.1,-0.25,2.44,0.06,0.11,0.0,9.94,-0.38,2.15,-0.03,-0.12,0.07,9.85,-0.92,1.66,0.05,-0.12,-0.06,9.58,-0.59,1.47,0.09,-0.12,-0.08,9.33,-0.33,1.54,0.06,-0.14,0.01,9.32,-0.08,1.07,-0.08,0.01,0.15,9.4,-0.31,1.35,-0.03,-0.02,0.2,9.45,-0.03,1.58,-0.13,-0.12,0.3,9.57,-0.65,1.01
1.8,-0.68,1.78,11.44,-18.54,1.66,1.52,-0.28,-0.83,10.36,-14.2,-2.15,0.71,0.38,-1.11,8.72,-5.66,0.51,0.19,-0.05,-0.49,8.18,-3.33,1.4,0.05,-0.0,-0.17,8.47,-1.59,1.17,-0.01,0.09,0.15,8.98,-1.17,1.7,-0.06,-0.14,0.13,9.29,-0.93,1.24,-0.16,-0.1,0.17,9.57,-1.1,0.14,0.01,0.05,0.01,9.5,-0.95,0.31,-0.06,0.07,-0.07,9.52,-0.91,0.46,-0.1,0.11,-0.17,9.52,-0.88,0.89,0.11,0.15,-0.23,9.11,0.55,1.0,-0.32,-0.01,0.31,9.91,-0.22,1.03,-0.02,0.1,0.0,10.04,-0.32,0.03,-0.09,0.26,0.12,9.82,0.07,0.67,-0.17,0.09,0.24,10.17,-0.83,0.92,-0.04,-0.02,-0.05,9.91,-0.61,0.48,-0.03,0.16,-0.07,9.69,-0.13,0.74,-0.06,-0.0,0.03,9.8,-0.59,1.39,0.01,-0.07,-0.05,9.76,-0.54,0.91,0.08,0.11,0.01,9.56,-0.24,0.81,-0.04,0.13,0.15,9.83,-1.26,1.5,0.17,-0.05,-0.08,9.5,-0.26,0.82,0.04,0.09,0.24,9.69,-0.66,1.34,0.1,-0.04,0.18,9.73,-1.66,1.53,0.13,-0.22,-0.06,9.61,-1.37,0.64,0.01,-0.04,-0.04,9.81,-1.1,0.5,-0.01,-0.03,-0.11,9.81,-0.93,0.84,-0.03,-0.0,-0.1,9.82,-0.67,0.95,0.0,0.0,0.0,0.0,0.0,0.0
0.47,-0.57,-2.27,9.36,6.92,-0.14,0.0,0.0,0.0,0.0,0.0,0.0,0.0,0.0,0.0,0.0,0.0,0.0,0.0,0.0,0.0,0.0,0.0,0.0,0.0,0.0,0.0,0.0,0.0,0.0,2.13,1.34,3.63,0.55,13.16,5.87,1.63,1.74,6.74,5.08,-14.6,8.28,2.73,-0.52,1.44,10.87,-25.85,5.79,1.99,-1.2,-0.43,11.48,-16.51,0.54,1.0,-0.48,-0.84,10.44,-12.04,0.32,0.52,-0.01,-1.19,9.16,-4.65,2.08,0.13,0.04,-0.72,9.13,-2.35,2.79,0.02,-0.14,-0.54,9.22,-0.55,1.84,0.19,-0.07,-0.32,8.91,0.95,0.95,0.23,0.11,0.2,9.03,0.44,1.36,0.36,-0.03,0.19,9.31,-1.56,1.33,0.42,0.0,0.19,9.42,-1.66,0.94,0.3,-0.05,-0.02,9.75,-2.46,1.69,0.29,-0.08,-0.12,9.36,-0.93,1.18,0.15,0.16,0.14,9.26,-1.13,1.62,0.16,0.07,0.11,9.41,-0.87,1.74,0.24,0.19,0.15,9.37,-0.5,1.55,0.07,0.28,0.3,9.84,-1.48,2.19,0.19,0.06,0.14,9.81,-1.79,2.43,0.18,-0.02,0.1,9.71,-1.79,2.04,0.16,0.0,0.1,9.34,-1.45,2.16,0.13,-0.06,0.14,9.29,-1.71,1.84,0.04,-0.02,0.14,9.41,-1.64,1.86,0.13,0.0,0.06,9.26,-1.85,1.8,0.02,0.05,0.1,9.41,-1.79,1.71
0.84,-0.4,-1.82,8.96,7.13,-0.28,1.16,-0.25,-1.36,7.92,11.38,-2.4,1.69,0.75,-1.53,5.39,15.99,-0.23,2.7,1.85,0.56,2.31,18.94,7.43,2.31,1.39,4.87,4.33,2.85,11.64,2.57,-0.34,4.4,10.07,-20.4,9.78,2.65,-1.08,1.29,11.5,-20.27,2.62,2.06,-0.45,-0.65,9.92,-11.39,-0.69,1.09,0.11,-0.43,8.92,-7.63,0.11,0.81,0.42,-0.05,8.82,-6.32,1.57,0.46,0.21,-0.07,9.06,-5.34,2.29,0.34,-0.1,-0.09,8.67,-2.36,1.43,-0.0,-0.07,0.3,9.24,-2.9,0.5,0.02,0.1,-0.06,9.28,-2.07,0.79,0.04,0.1,-0.04,9.3,-1.22,1.0,-0.15,-0.0,0.1,9.42,-1.62,1.09,-0.11,-0.03,0.05,9.5,-1.58,0.56,0.03,0.09,0.02,9.57,-1.45,0.87,0.04,0.03,0.02,9.63,-1.62,0.99,0.04,0.02,0.03,9.55,-1.26,1.04,-0.04,0.03,0.15,9.68,-1.95,1.06,0.12,-0.01,-0.06,9.5,-1.68,1.14,0.14,-0.06,0.05,9.35,-0.87,0.82,0.01,0.03,0.15,9.52,-1.84,1.05,0.2,-0.03,-0.27,9.66,-1.81,1.05,0.14,0.03,-0.2,9.61,-1.18,0.96,-0.05,0.04,0.04,9.74,-1.6,1.44,0.07,-0.03,-0.05,9.78,-1.49,1.17,0.01,-0.01,-0.01,9.72,-1.38,1.18,0.06,-0.02,-0.04,9.66,-1.5,1.2
-0.29,0.79,-2.06,9.81,13.93,1.51,0.32,1.53,-2.95,5.14,20.06,5.09,2.24,1.54,-1.38,1.16,22.84,5.2,1.89,1.71,5.2,3.13,-0.21,9.44,2.3,0.75,5.16,8.74,-19.26,10.58,3.07,-0.4,2.12,11.33,-15.79,3.99,2.15,-0.48,0.54,9.97,-9.65,2.2,1.32,-0.33,0.73,9.13,-7.35,2.73,0.7,-0.26,0.78,8.69,-6.41,2.77,0.51,-0.15,0.47,8.84,-4.63,2.23,0.29,-0.11,0.17,9.16,-3.05,1.99,0.28,-0.12,0.08,9.39,-2.17,1.71,0.2,-0.12,0.01,9.13,-1.2,1.51,0.02,-0.0,0.03,9.41,-1.64,2.51,0.28,-0.21,-0.16,9.41,-0.65,1.53,0.16,-0.09,0.03,9.51,-0.98,1.46,0.05,-0.02,0.06,9.7,-1.15,1.59,-0.04,-0.03,0.01,9.87,-1.43,2.1,0.12,-0.09,-0.09,9.62,-0.94,1.15,0.06,-0.02,-0.11,9.35,-0.56,1.48,-0.05,0.07,0.01,9.29,-0.82,1.67,0.14,0.12,-0.0,9.11,-0.78,1.55,0.09,0.12,0.07,9.03,-0.98,1.78,0.18,0.14,0.14,8.84,-0.6,1.47,0.03,0.24,0.3,8.82,-0.92,2.16,-0.02,0.16,0.26,9.04,-1.18,1.78,0.21,0.26,0.01,9.46,-1.2,2.05,0.15,0.18,0.01,9.97,-1.05,2.29,0.15,0.15,0.04,10.29,-1.25,2.27,0.11,0.15,0.0,10.36,-1.35,2.59
4.12,1.56,4.35,1.79,1.39,13.65,4.03,0.52,4.81,7.63,-22.15,9.41,4.14,-0.78,1.03,9.72,-19.44,2.15,2.38,0.04,0.28,8.86,-13.5,2.19,1.64,0.14,0.11,8.03,-8.88,3.53,0.81,-0.01,0.54,8.52,-7.92,4.85,0.38,-0.26,0.12,8.69,-5.01,3.66,0.16,-0.28,0.07,8.9,-3.06,2.28,0.05,-0.12,0.13,9.27,-2.3,1.77,0.04,-0.01,0.1,9.23,-2.22,2.34,0.15,-0.21,0.0,9.08,-1.3,1.77,0.05,-0.22,0.09,8.94,-1.12,1.26,0.06,-0.12,-0.01,9.3,-1.39,1.55,0.0,-0.02,0.0,9.61,-1.87,2.05,0.01,-0.02,-0.05,9.72,-1.5,1.57,-0.03,-0.06,-0.09,9.76,-1.36,1.74,-0.03,0.0,-0.03,9.63,-1.27,1.91,-0.09,-0.01,0.09,9.58,-1.44,2.25,0.01,-0.19,0.01,9.39,-1.4,1.75,0.13,-0.12,-0.01,9.22,-0.88,1.23,-0.07,-0.04,0.15,9.24,-1.48,1.91,0.09,-0.15,0.04,9.36,-1.35,1.6,-0.03,-0.07,0.12,9.42,-1.22,1.39,0.04,0.04,0.11,9.39,-1.51,1.68,0.06,0.02,0.12,9.4,-1.71,1.74,0.05,0.04,0.07,9.47,-2.0,1.7,0.07,0.02,-0.03,9.5,-1.75,1.61,0.03,0.06,0.02,9.49,-1.64,1.62,0.12,0.05,-0.03,9.64,-1.65,1.83,0.15,0.06,0.01,9.6,-1.54,1.77
0.94,1.52,-1.86,4.44,15.89,0.07,0.0,0.0,0.0,0.0,0.0,0.0,2.6,2.41,0.5,-1.71,22.76,8.6,2.87,1.47,5.35,-0.45,5.69,12.49,3.2,1.1,6.49,4.35,-11.42,12.15,2.44,-0.17,4.59,10.91,-23.18,8.63,3.07,-1.2,1.33,10.31,-16.59,1.89,1.99,-1.03,0.59,9.31,-12.27,-0.36,1.03,-0.33,0.29,8.22,-8.57,0.3,0.63,-0.07,0.23,8.13,-6.41,0.93,0.24,-0.01,0.07,8.33,-4.0,1.03,0.07,0.07,0.05,8.82,-2.75,1.12,-0.02,0.2,0.06,9.29,-2.57,1.56,-0.07,0.11,-0.08,9.44,-1.85,1.78,-0.19,0.04,-0.06,9.67,-1.85,1.83,-0.03,0.06,-0.14,9.77,-1.45,1.49,-0.02,0.1,-0.09,9.85,-1.87,1.7,-0.09,0.02,-0.09,10.21,-2.04,1.75,0.03,-0.08,-0.19,9.96,-1.85,1.64,-0.21,-0.09,-0.11,10.04,-1.66,1.27,-0.2,-0.07,-0.2,9.54,-1.12,1.32,-0.03,-0.03,-0.17,9.13,-0.74,1.48,-0.05,-0.07,-0.08,9.05,-0.99,1.59,-0.05,-0.06,-0.02,9.09,-1.06,1.24,-0.1,0.03,-0.04,9.24,-1.14,1.28,0.07,0.08,-0.02,9.34,-1.52,1.1,0.1,0.06,-0.1,9.63,-1.31,1.5,0.0,0.0,0.0,0.0,0.0,0.0,0.0,0.0,0.0,0.0,0.0,0.0,0.0,0.0,0.0,0.0,0.0,0.0
1.54,0.18,-1.85,9.22,11.11,0.25,1.16,0.12,-0.71,9.06,13.53,2.14,2.01,0.03,-1.04,7.08,15.84,3.69,3.66,1.01,-0.21,1.09,17.7,5.26,2.81,1.34,2.98,1.59,5.2,9.51,2.24,0.44,4.0,8.62,-16.32,7.89,2.37,0.47,2.22,12.82,-19.85,5.36,1.93,0.62,0.29,11.93,-13.92,4.68,1.17,0.19,-0.23,10.38,-7.75,4.38,0.49,-0.13,0.21,9.64,-5.45,3.16,0.08,-0.01,0.27,9.47,-3.66,2.34,0.01,0.14,-0.02,9.24,-2.01,3.04,0.07,0.01,-0.17,9.08,-0.17,2.09,-0.29,-0.07,0.13,9.16,-0.12,1.57,-0.15,0.08,0.05,9.46,-0.08,1.68,-0.07,0.06,-0.09,9.54,0.39,2.24,0.04,0.03,-0.02,9.43,0.61,2.08,0.17,0.07,0.12,9.36,0.32,2.23,0.13,0.05,0.09,9.68,0.21,2.13,0.2,-0.01,0.04,9.85,0.37,2.23,0.26,-0.07,0.17,9.69,0.19,2.16,-0.04,-0.12,0.23,9.78,-0.29,2.07,-0.03,-0.15,0.03,9.7,-0.13,1.89,0.11,-0.09,-0.03,9.49,0.26,1.44,0.03,0.01,0.1,9.45,0.08,1.93,0.04,-0.06,0.15,9.38,-0.06,2.05,0.13,-0.06,0.15,9.22,0.41,1.76,0.1,0.06,0.3,9.28,-0.13,1.68,0.29,0.12,0.2,9.38,-1.0,2.3,0.27,-0.06,-0.04,9.52,-0.49,1.75
2.41,-0.19,-1.29,3.66,17.88,6.37,3.65,-0.2,0.56,-1.0,20.13,5.84,3.84,1.45,5.19,0.13,-1.51,6.27,2.42,1.81,5.16,5.79,-14.36,10.21,2.68,0.35,2.54,11.38,-21.16,10.05,2.0,-0.71,0.37,11.59,-13.3,4.46,1.41,-0.51,0.17,10.26,-9.94,3.07,0.84,-0.08,0.33,8.78,-5.35,2.64,0.36,0.02,0.47,8.71,-4.81,2.56,0.23,0.22,0.26,8.68,-2.79,2.29,-0.0,0.19,0.39,9.09,-2.35,2.25,-0.21,-0.05,0.23,9.89,-3.47,2.53,0.03,-0.06,-0.11,9.81,-2.17,1.0,-0.07,0.16,-0.16,9.61,-1.54,2.15,-0.03,0.12,-0.28,9.56,-0.72,2.74,-0.02,0.09,-0.15,9.59,-0.56,2.46,0.02,0.13,-0.06,9.47,-0.7,2.56,-0.01,0.1,-0.08,9.42,-0.39,2.66,-0.06,-0.06,0.04,9.53,-0.74,2.87,0.04,-0.17,0.03,9.36,-0.54,1.88,-0.08,-0.04,0.17,9.42,-1.32,2.54,0.12,-0.14,0.08,9.26,-1.44,2.02,0.15,-0.06,0.07,9.25,-1.44,2.01,0.18,-0.08,0.06,9.15,-1.26,2.32,0.15,-0.16,0.13,9.11,-0.98,2.79,0.18,-0.38,0.22,9.38,-1.76,2.78,0.26,-0.57,-0.02,9.45,-1.42,2.08,0.26,-0.41,-0.09,9.65,-1.4,1.18,0.21,-0.17,-0.12,9.6,-1.04,0.77,0.09,0.05,-0.02,9.71,-1.25,1.75
1.12,0.72,-2.34,5.39,21.23,4.53,2.68,1.36,1.61,0.27,26.1,7.31,2.92,0.91,6.25,0.56,-3.17,13.23,2.96,-0.22,5.04,6.04,-22.67,10.5,2.99,-0.77,2.31,9.19,-21.22,3.56,2.1,-0.39,1.02,8.79,-14.35,2.49,1.35,-0.34,0.77,7.89,-11.81,3.73,0.56,-0.33,0.54,7.76,-8.25,2.75,0.45,-0.21,0.06,7.99,-6.91,2.43,0.34,-0.14,-0.22,8.18,-3.45,1.69,0.05,-0.04,0.01,8.54,-3.02,1.82,0.09,0.05,0.0,8.87,-3.2,1.93,0.09,0.12,-0.1,8.87,-3.13,2.37,0.08,0.21,-0.1,8.9,-2.74,2.54,-0.03,0.14,-0.04,8.81,-3.06,3.08,-0.02,0.07,-0.2,8.93,-3.61,2.88,0.14,0.01,-0.54,9.22,-2.79,2.19,0.05,0.08,-0.33,9.39,-1.02,1.7,-0.13,0.05,-0.01,9.67,-1.72,2.23,-0.03,0.03,-0.11,9.61,-1.95,2.51,-0.04,0.06,-0.09,9.49,-1.45,3.06,-0.07,-0.04,0.08,9.27,-1.8,3.23,0.05,-0.09,0.03,9.14,-1.95,2.88,0.04,-0.1,0.06,9.11,-1.99,2.39,0.06,-0.05,0.06,9.08,-2.01,2.27,0.03,-0.04,0.08,9.08,-2.25,2.28,0.01,-0.07,0.03,9.19,-2.4,2.51,0.07,-0.01,-0.02,9.05,-2.17,2.22,0.07,0.08,0.02,9.04,-1.97,2.42,-0.02,0.04,0.09,9.21,-2.53,3.08
1.95,1.61,-1.89,1.88,28.78,3.14,1.59,2.09,5.01,-3.25,17.9,11.15,2.21,1.46,7.64,1.02,-14.53,13.39,2.56,-0.22,4.32,7.12,-28.08,10.85,3.01,-1.22,0.72,8.86,-19.53,3.72,1.53,-1.25,-0.35,8.35,-14.18,2.87,1.3,-1.07,-0.59,7.06,-8.96,2.66,0.46,-0.43,-0.16,7.14,-5.89,3.53,0.27,-0.3,-0.05,7.76,-4.59,3.33,0.12,-0.36,-0.27,8.04,-2.34,2.49,-0.07,-0.24,-0.02,8.6,-2.2,1.94,-0.08,-0.03,0.1,8.92,-2.48,2.14,-0.12,0.06,-0.03,9.27,-2.24,2.25,0.03,0.1,-0.23,9.25,-1.54,2.64,0.02,0.08,-0.11,9.34,-1.64,2.87,-0.0,0.02,-0.06,9.61,-1.67,3.0,0.03,-0.03,-0.09,9.57,-1.56,3.02,-0.03,-0.06,-0.04,9.36,-1.34,2.6,0.1,-0.03,-0.03,8.91,-0.94,2.29,0.08,0.1,0.3,8.21,-0.75,1.67,-0.41,0.29,0.56,8.69,-2.33,2.57,-0.1,0.16,0.19,9.17,-2.77,2.93,0.0,0.11,-0.01,9.6,-2.53,3.06,0.09,0.03,-0.11,9.67,-2.2,3.32,0.01,-0.19,-0.11,9.63,-1.79,2.67,-0.03,-0.16,-0.07,9.38,-1.72,2.46,0.01,-0.04,-0.01,9.35,-1.75,2.46,0.03,0.0,-0.02,9.16,-1.79,2.9,0.07,-0.06,0.03,9.09,-1.66,2.71,-0.03,-0.07,0.1,9.13,-2.07,2.56
1.83,0.77,-1.06,8.95,13.93,4.35,2.58,0.71,-0.18,5.04,16.4,6.86,3.03,1.08,1.53,2.67,11.36,8.15,2.78,1.48,3.99,3.32,-3.98,10.64,2.73,0.47,3.93,8.18,-17.69,8.43,2.09,-0.39,1.58,9.22,-14.76,5.53,1.86,-0.49,0.79,8.42,-10.07,4.79,1.0,-0.61,0.84,7.97,-8.94,3.95,0.62,-0.5,0.39,8.04,-6.26,2.49,0.46,-0.33,0.08,7.86,-3.51,2.08,0.24,-0.17,0.15,8.49,-2.5,1.75,0.03,-0.09,0.2,8.61,-2.06,1.57,-0.03,0.04,0.15,9.22,-1.77,1.63,-0.02,0.14,-0.01,9.43,-1.43,1.93,-0.11,0.1,0.03,9.57,-1.59,2.37,-0.07,0.05,-0.02,9.44,-1.32,2.27,-0.06,0.09,0.04,9.69,-1.79,2.53,-0.13,-0.01,0.01,9.91,-1.7,2.53,-0.17,-0.09,-0.05,9.62,-1.04,1.93,-0.1,-0.04,-0.04,9.5,-1.21,1.88,-0.05,-0.02,-0.04,9.5,-0.84,2.16,-0.0,-0.09,0.02,9.3,-1.09,2.15,0.0,-0.06,0.03,9.32,-1.43,1.63,0.05,0.01,-0.03,9.31,-1.37,1.78,-0.04,0.08,0.03,9.35,-1.17,2.08,-0.14,-0.0,0.1,9.43,-1.48,2.3,-0.18,-0.13,0.11,9.46,-1.38,1.92,-0.11,-0.07,0.14,9.38,-1.28,1.71,-0.01,-0.0,0.08,9.46,-1.7,2.2,0.03,-0.05,0.03,9.47,-1.25,2.29
0.62,0.04,-2.74,10.72,10.95,1.42,2.07,-0.04,-3.37,7.53,18.12,2.28,2.61,0.05,-1.63,3.07,22.28,0.08,2.19,1.66,2.82,2.14,13.44,4.99,2.54,1.8,4.52,4.24,-2.46,10.38,2.1,0.4,3.4,9.06,-17.5,9.94,2.73,-0.44,1.51,10.5,-15.93,4.57,1.95,-0.54,0.15,9.54,-9.55,1.41,1.33,0.06,0.57,8.58,-7.51,2.58,1.04,0.04,0.41,8.29,-5.42,1.86,0.4,0.11,0.36,8.93,-4.59,1.99,0.3,0.06,-0.03,9.26,-3.24,1.7,0.17,0.05,-0.2,9.54,-1.74,1.59,-0.1,-0.01,-0.01,9.99,-1.51,1.42,-0.04,-0.07,-0.18,9.8,-0.61,1.07,-0.04,0.0,-0.07,9.53,-0.44,1.19,-0.07,0.1,-0.01,9.72,-0.41,1.48,-0.15,0.03,-0.01,9.78,-0.46,1.59,-0.1,0.07,-0.07,9.67,-0.12,1.48,-0.07,0.01,-0.02,9.93,-0.53,1.59,0.01,-0.06,-0.05,9.76,-0.31,1.33,0.09,0.03,-0.04,9.52,-0.18,1.55,0.05,0.01,0.11,9.64,-0.6,1.62,0.07,-0.07,0.0,9.59,-0.41,1.45,0.03,0.04,0.09,9.69,-0.29,0.76,-0.11,0.17,0.1,9.79,-0.8,1.91,-0.03,-0.04,0.05,9.84,-0.73,1.47,-0.08,-0.06,0.05,9.72,-0.6,1.69,0.03,-0.03,0.07,9.61,-0.82,1.33,0.04,0.05,0.02,9.44,-0.92,1.43
1.58,0.41,-2.34,7.54,15.29,3.59,3.07,0.48,-2.37,3.07,20.0,5.37,4.35,1.42,2.6,1.04,11.25,5.66,1.56,2.46,6.45,4.0,-12.02,11.07,2.73,1.18,4.64,10.18,-26.14,12.96,3.69,-1.92,-0.16,10.83,-14.79,0.85,1.48,-0.78,-0.06,8.88,-9.69,0.13,1.26,0.18,-0.34,7.55,-4.91,2.55,0.47,-0.05,0.43,7.92,-5.45,2.48,0.06,0.01,0.17,8.22,-3.47,1.29,0.04,0.27,0.02,8.39,-1.94,1.56,-0.17,0.22,0.11,9.28,-1.92,2.75,0.02,0.08,-0.02,9.27,-1.02,2.16,-0.1,0.12,0.06,9.38,-0.64,1.94,-0.11,0.21,0.17,9.62,-0.88,2.15,-0.1,0.06,0.21,9.67,-1.12,2.11,-0.02,0.07,0.14,9.65,-1.47,2.08,0.09,0.07,0.02,9.63,-1.12,1.75,0.13,0.04,0.11,9.55,-0.85,2.01,0.36,-0.17,0.33,9.24,-1.03,2.21,0.06,-0.47,0.44,9.47,-1.55,1.46,-0.05,-0.36,0.25,9.69,-1.91,0.92,0.19,0.02,-0.06,9.71,-1.62,1.1,0.1,0.21,-0.08,9.77,-1.29,2.04,-0.07,-0.02,0.11,9.83,-1.85,1.99,-0.03,-0.03,0.04,9.71,-1.71,1.59,-0.06,-0.01,0.02,9.59,-1.86,2.09,0.05,-0.06,-0.0,9.43,-1.62,1.35,-0.01,-0.02,0.0,9.3,-1.56,1.32,-0.0,0.14,0.02,9.43,-2.0,1.69
1.51,0.15,-2.69,2.06,29.78,4.22,3.7,2.49,3.02,-1.0,18.93,11.38,3.29,1.94,6.97,3.13,-10.69,16.15,4.49,-0.36,3.74,12.06,-24.97,7.55,3.4,-0.65,0.62,11.96,-17.22,1.78,2.14,-0.3,0.13,10.28,-11.18,1.89,1.33,-0.29,0.2,9.08,-8.31,2.17,0.53,-0.17,0.31,8.67,-6.94,2.12,0.52,-0.08,-0.23,8.56,-3.78,1.22,0.2,-0.02,-0.19,8.82,-1.36,0.85,-0.05,-0.04,0.08,9.06,-1.37,0.37,-0.03,0.14,0.03,9.29,-1.57,1.04,-0.06,0.07,-0.14,9.36,-0.83,1.31,-0.04,-0.01,-0.08,9.15,-0.38,0.85,-0.02,0.22,-0.07,9.59,-0.85,1.01,-0.03,0.31,-0.08,9.95,-0.73,1.75,-0.08,0.07,-0.03,10.16,-0.93,1.79,-0.06,-0.02,0.0,9.92,-0.6,0.99,-0.03,0.06,0.01,9.88,-0.94,1.02,-0.01,0.03,-0.05,9.65,-0.71,1.17,-0.05,0.01,-0.05,9.61,-0.65,1.23,-0.06,0.04,-0.01,9.57,-0.42,1.22,0.03,0.03,0.05,9.54,-0.58,1.71,0.06,-0.08,0.1,9.68,-1.07,1.55,0.07,-0.08,0.01,9.59,-0.66,1.08,0.04,0.0,0.06,9.7,-0.65,1.1,-0.04,0.03,0.1,9.75,-1.06,1.67,0.1,-0.07,-0.01,9.77,-0.69,1.32,-0.02,-0.07,0.07,9.78,-0.84,1.24,0.04,-0.07,0.01,9.72,-0.81,1.11
1.54,0.72,-2.56,7.83,16.67,3.91,3.08,1.21,-1.8,3.01,23.11,7.56,0.0,0.0,0.0,0.0,0.0,0.0,2.08,0.59,6.64,4.92,-10.33,11.47,2.92,-0.62,3.48,11.47,-25.73,6.21,3.01,-0.31,0.5,10.84,-12.83,2.9,1.35,-0.4,0.65,9.69,-10.56,4.35,1.16,-0.75,0.22,8.16,-7.03,1.36,0.64,-0.24,0.51,7.92,-5.96,1.03,0.45,-0.14,0.11,7.97,-3.2,0.87,0.33,-0.17,0.21,8.53,-1.93,0.15,0.23,0.07,0.28,9.48,-2.47,0.45,0.24,0.23,-0.06,9.6,-1.34,0.69,0.08,0.24,-0.09,9.82,-0.94,1.84,0.12,0.07,-0.02,9.85,-0.97,1.58,0.09,0.07,0.02,9.92,-1.15,1.55,0.04,0.13,0.04,9.87,-1.55,1.6,0.03,0.05,-0.06,9.83,-1.4,1.46,0.03,-0.05,-0.11,9.74,-1.04,1.0,0.01,0.03,-0.07,9.53,-0.36,0.57,0.03,0.16,0.03,9.51,-0.77,1.51,0.02,0.01,0.03,9.58,-0.82,1.43,0.06,0.06,0.02,9.52,-0.79,1.3,0.08,0.14,0.03,9.72,-0.83,1.67,-0.02,-0.01,0.06,9.86,-1.05,1.66,0.07,-0.04,0.04,9.78,-1.01,1.08,0.01,0.07,0.02,9.75,-1.23,1.5,0.03,-0.05,0.0,9.61,-1.08,1.42,-0.03,-0.0,0.01,9.69,-0.98,1.38,-0.05,0.01,-0.0,9.67,-0.88,1.64
2.06,0.7,-0.89,9.36,14.07,3.44,2.3,1.23,-0.99,4.32,19.47,7.35,2.94,2.27,3.17,1.59,12.01,14.01,2.68,0.57,5.94,2.71,-12.13,16.4,3.14,-1.91,2.45,7.99,-26.21,5.03,2.91,-0.97,0.04,9.0,-18.77,-1.02,1.69,0.18,-0.2,8.27,-13.32,2.12,1.17,-0.13,-0.18,7.58,-9.63,3.22,0.81,-0.28,0.03,7.45,-7.28,1.99,0.33,-0.08,-0.14,7.97,-4.54,1.52,0.11,0.03,-0.12,8.49,-3.1,1.97,0.03,-0.02,-0.1,8.72,-2.32,2.09,0.03,0.02,-0.15,8.67,-1.76,2.08,0.07,0.01,-0.14,9.09,-0.97,1.08,-0.03,0.23,0.1,9.43,-1.85,2.14,0.03,0.12,0.04,9.71,-2.09,2.22,-0.01,0.13,0.03,9.95,-1.98,2.1,-0.1,0.09,0.05,10.01,-2.14,2.63,-0.09,-0.12,0.02,9.86,-1.98,1.93,-0.01,-0.15,-0.06,9.51,-1.53,1.33,-0.04,0.02,-0.11,9.56,-1.43,1.63,0.06,-0.0,-0.17,9.34,-0.89,1.76,-0.03,-0.04,0.05,9.42,-1.55,1.71,0.01,-0.01,0.07,9.58,-1.86,1.63,-0.03,-0.02,0.03,9.5,-1.97,1.91,-0.09,-0.09,0.03,9.42,-1.58,1.67,-0.08,-0.03,0.08,9.26,-1.51,1.64,-0.05,-0.0,0.11,9.24,-1.65,1.73,-0.0,-0.04,0.12,9.31,-1.89,1.53,0.04,0.03,0.07,9.36,-1.98,1.58
-0.56,-0.46,-2.02,12.53,0.71,-0.66,-1.07,-0.41,-2.62,11.46,4.22,-0.22,-0.04,-0.07,-3.41,8.79,10.78,-0.91,0.74,0.62,-3.17,5.8,17.46,-0.09,1.61,1.34,-1.76,2.73,23.26,2.15,2.29,2.05,2.63,-0.39,19.1,10.07,2.01,1.01,5.33,0.03,5.37,14.81,2.76,-0.57,6.5,3.22,-12.85,10.02,1.7,-1.68,5.1,8.35,-25.71,3.55,2.47,-1.25,0.54,8.54,-20.62,-2.67,1.57,0.29,-0.52,7.46,-10.96,-2.28,1.08,0.66,-0.5,6.98,-7.14,0.95,0.5,0.28,0.02,7.55,-4.95,1.7,0.55,0.17,-0.15,8.32,-3.86,1.52,0.34,0.26,-0.27,9.3,-2.0,1.63,0.21,0.21,-0.17,9.45,-1.07,1.57,-0.07,0.21,0.26,9.98,-1.34,1.15,-0.15,0.31,0.28,10.21,-1.9,1.53,0.07,0.24,-0.04,10.07,-1.3,2.23,0.03,0.0,-0.0,10.11,-1.58,2.27,0.22,-0.1,-0.12,9.98,-1.2,1.67,0.14,-0.06,-0.2,9.86,-0.76,1.85,0.05,-0.08,0.01,9.81,-1.1,1.72,0.08,-0.07,0.02,9.62,-1.58,1.79,0.09,-0.2,-0.02,9.53,-1.41,1.27,0.05,-0.1,0.02,9.42,-1.36,1.05,-0.0,-0.08,-0.03,9.33,-1.19,1.39,0.13,-0.09,-0.01,9.4,-1.26,1.45,0.35,-0.1,0.07,9.38,-1.07,1.32,0.0,0.0,0.0,0.0,0.0,0.0
-1.55,0.2,-1.57,8.37,3.96,3.96,-0.68,-0.24,-0.33,9.44,3.54,3.46,-0.54,-0.2,0.53,9.77,1.7,3.31,-0.73,-0.21,0.53,9.31,-0.06,3.28,-0.59,-0.37,0.33,9.06,-0.25,2.88,-0.28,-0.45,0.3,9.34,-0.34,2.15,-0.17,-0.23,0.29,9.41,-0.43,2.07,-0.26,0.08,0.22,9.37,-0.51,2.46,-0.32,0.09,0.21,9.21,-0.62,2.78,-0.13,-0.06,0.18,9.09,-0.53,2.69,0.03,-0.12,0.22,9.17,-0.64,2.63,-0.05,-0.09,0.1,9.09,-0.73,2.52,0.08,-0.03,-0.11,9.42,-0.15,2.62,0.01,-0.05,-0.14,9.6,0.18,2.51,-0.07,-0.06,-0.07,9.63,0.04,2.35,-0.01,-0.07,-0.01,9.6,-0.07,2.29,-0.01,-0.04,0.01,9.65,-0.15,2.29,0.01,0.04,0.04,9.55,-0.12,2.38,0.03,0.02,0.12,9.47,-0.44,2.58,0.03,0.01,0.07,9.47,-0.57,2.66,-0.02,0.01,0.02,9.51,-0.32,2.67,-0.05,-0.03,0.12,9.45,-0.33,2.61,-0.09,-0.04,0.26,9.29,-0.9,2.46,-0.18,0.05,0.19,8.85,-1.87,2.48,-0.27,0.14,-0.05,8.7,-2.38,2.6,-0.47,0.24,-0.31,8.8,-2.03,2.71,-0.94,0.46,-0.45,8.71,-1.72,2.75,-1.32,0.61,-0.44,8.59,-1.62,2.97,-1.97,0.72,-0.42,8.6,-1.65,2.99,-2.19,0.85,-0.47,8.45,-1.65,3.09
-1.64,0.76,-0.66,8.93,-0.86,3.95,-1.27,0.49,-0.85,8.9,-0.36,4.09,-0.83,0.4,-0.85,8.95,-0.01,4.46,-0.36,-0.03,-0.85,9.2,0.97,4.42,-0.13,-0.13,-0.57,9.54,1.36,4.04,-0.08,-0.17,-0.32,9.73,1.43,3.89,0.03,-0.15,-0.13,9.61,1.38,3.76,0.17,-0.27,0.08,9.43,0.51,3.41,0.2,-0.27,-0.02,9.4,0.38,3.12,0.07,-0.12,-0.09,9.41,0.4,2.84,-0.03,0.16,-0.15,9.45,0.4,3.01,0.08,0.07,-0.07,9.38,0.59,3.11,0.15,-0.01,0.22,9.33,0.75,3.81,0.05,-0.06,0.3,9.51,0.15,3.52,0.1,-0.03,0.09,9.05,-0.05,3.09,0.11,0.1,-0.04,9.07,-0.07,3.19,-0.03,0.13,-0.1,9.23,0.47,3.92,-0.05,-0.04,0.04,9.23,0.3,3.89,-0.04,-0.06,0.03,9.22,0.32,3.68,-0.03,-0.07,0.04,9.15,0.28,3.49,0.01,-0.09,0.07,8.98,-0.04,3.13,0.08,0.04,-0.02,9.02,-0.14,3.04,0.09,0.1,-0.11,9.05,0.02,3.26,-0.01,0.02,-0.07,9.11,0.07,3.72,0.08,-0.14,-0.11,8.98,-0.22,3.76,0.06,-0.23,-0.24,9.11,-0.04,3.66,0.07,-0.2,-0.25,9.23,0.33,3.29,-0.0,-0.16,-0.11,9.52,0.89,3.35,-0.09,-0.21,0.14,9.69,1.16,3.7,0.1,-0.08,0.1,9.42,0.29,2.26
3.16,1.56,-3.03,-6.23,39.94,12.41,3.22,1.36,3.86,-8.64,25.69,17.34,2.96,0.21,6.72,1.25,-19.02,9.7,2.78,-0.14,2.56,11.13,-33.4,1.66,1.89,0.0,0.5,12.41,-23.46,0.81,1.12,-0.23,0.02,8.75,-11.15,1.05,0.33,-0.19,0.26,7.35,-8.47,1.33,-0.02,-0.25,0.22,7.85,-6.58,0.33,-0.09,0.21,-0.13,9.17,-1.95,0.12,-0.08,0.48,-0.04,8.49,-0.24,2.37,0.11,0.19,-0.06,9.67,-0.25,2.55,0.08,0.21,-0.16,9.97,0.6,2.18,0.08,0.11,0.06,9.5,0.39,3.07,-0.06,-0.09,0.33,9.71,-1.39,2.67,0.28,-0.04,0.04,9.74,-2.77,2.66,0.42,0.15,-0.07,9.66,-2.01,2.08,0.04,-0.06,-0.2,9.73,-1.29,2.1,0.14,-0.0,-0.14,9.54,-0.83,1.92,-0.07,-0.21,0.1,9.57,-1.09,1.8,0.0,-0.05,-0.03,10.18,-1.79,1.64,0.05,-0.07,-0.17,9.75,-1.03,2.01,0.07,-0.11,-0.0,9.34,-0.55,1.49,-0.16,-0.11,0.01,9.86,-1.5,1.39,0.09,0.09,-0.22,9.31,-0.87,1.81,0.09,0.1,0.02,9.09,-0.82,2.28,-0.03,-0.03,0.13,9.61,-1.4,2.15,0.11,0.06,-0.02,9.75,-1.84,2.05,0.05,0.01,-0.22,9.53,-1.27,1.81,0.05,0.04,-0.21,9.48,-0.86,1.33,-0.09,0.08,-0.24,9.5,-0.99,1.67
1.5,1.97,-1.47,0.14,31.64,16.93,2.61,0.35,2.9,-1.9,15.01,14.84,2.74,-0.32,4.42,5.24,-16.95,4.96,2.41,-0.11,2.24,14.08,-25.91,-2.29,1.9,0.48,0.61,12.69,-17.21,-2.39,1.48,0.82,0.41,11.81,-12.98,-0.24,1.0,0.51,-0.19,8.71,-6.99,2.32,0.17,-0.22,0.01,8.96,-4.07,1.18,-0.15,0.26,-0.06,9.44,-1.61,1.44,-0.2,0.23,-0.14,9.0,-0.16,3.1,-0.17,-0.02,-0.03,9.49,0.44,2.98,0.12,0.03,-0.09,9.3,0.72,2.6,0.13,0.01,-0.02,9.44,0.82,2.11,0.08,0.0,0.07,9.72,-0.17,2.36,0.1,0.06,-0.02,9.69,-0.53,2.64,0.13,-0.02,-0.06,9.83,-0.25,2.6,0.02,-0.08,-0.13,9.82,-0.29,2.22,0.08,-0.06,-0.12,9.5,0.35,2.01,-0.01,-0.07,-0.08,9.61,0.02,1.88,0.02,0.05,-0.12,9.25,0.29,2.3,0.0,-0.01,0.02,9.23,0.24,2.1,0.01,0.01,0.0,9.44,0.16,2.29,-0.06,-0.02,0.1,9.13,0.33,2.14,-0.25,-0.09,0.16,9.64,-0.06,1.71,-0.04,0.13,0.07,9.6,-0.32,1.86,-0.03,0.1,0.06,9.65,-0.29,2.3,-0.08,0.05,0.04,9.7,-0.62,2.38,-0.01,0.1,-0.08,9.71,-0.44,2.56,-0.02,0.02,-0.01,9.32,0.13,2.76,0.01,-0.07,0.02,9.63,0.12,2.39
1.29,0.77,-1.35,4.67,23.33,9.49,3.56,1.74,-0.19,-2.29,26.56,14.0,3.04,0.83,3.33,-3.15,9.95,12.77,2.5,-0.07,4.99,3.27,-15.86,6.48,2.11,-0.09,2.54,14.22,-26.17,-1.65,1.06,0.18,0.98,15.17,-21.03,-1.43,0.58,0.01,-0.13,13.75,-13.96,-0.96,0.66,0.37,0.02,9.68,-4.4,2.69,0.19,-0.46,0.34,10.04,-4.04,1.66,-0.03,-0.17,-0.19,9.79,-1.47,1.0,-0.05,-0.03,-0.13,8.87,0.8,1.39,-0.07,0.05,-0.02,9.22,0.34,1.96,0.02,0.02,-0.32,9.57,0.85,2.1,0.01,0.21,-0.38,8.86,1.5,2.85,0.04,-0.04,-0.17,8.42,1.73,2.72,0.15,-0.03,-0.05,8.99,0.32,1.55,0.15,0.11,-0.1,9.11,0.44,1.58,0.12,0.19,-0.09,9.65,0.25,1.56,0.06,0.19,-0.07,9.74,0.51,1.82,0.08,0.07,0.04,9.8,0.5,1.81,0.09,-0.02,0.18,10.27,0.34,1.51,-0.13,0.07,0.02,10.25,0.18,1.94,0.06,0.19,-0.06,9.81,0.7,2.38,-0.01,0.01,0.04,9.36,0.93,2.56,-0.11,-0.05,0.09,9.54,0.57,2.18,0.04,0.0,0.03,9.4,0.73,2.44,0.01,-0.17,0.09,9.67,0.42,2.08,-0.0,-0.1,0.03,10.0,0.37,1.71,0.01,0.0,-0.02,9.81,0.27,2.22,0.04,-0.06,-0.09,9.72,0.31,2.29
2.0,0.88,-1.2,5.64,30.97,12.91,3.03,0.74,1.65,-3.15,25.28,19.21,2.73,-0.84,5.03,-4.22,-7.69,13.56,2.47,-1.71,4.01,11.87,-38.48,-0.13,2.66,-0.71,-0.11,13.69,-25.98,-5.25,1.01,0.1,-0.33,8.48,-11.63,-0.03,0.32,-0.41,0.31,8.95,-10.15,-0.7,0.17,-0.07,-0.56,8.42,-4.09,-0.18,0.35,0.09,-0.24,7.85,-0.24,1.2,0.06,-0.01,-0.04,8.75,-0.26,0.73,0.18,0.16,-0.25,8.91,-0.05,1.15,0.4,0.26,-0.13,8.62,0.5,1.78,0.26,0.21,-0.21,8.12,1.02,2.34,0.03,-0.13,0.33,8.94,-0.67,1.6,0.21,0.12,0.3,10.37,-2.68,0.87,0.38,0.43,0.05,10.57,-2.84,1.75,0.14,0.15,-0.08,10.28,-1.74,1.89,-0.03,-0.02,-0.01,9.99,-1.32,1.76,-0.01,-0.07,0.03,10.01,-1.29,1.41,-0.02,0.01,-0.09,10.02,-1.23,1.53,0.12,0.18,-0.2,9.69,-0.71,2.12,0.09,0.02,-0.08,9.45,-0.36,2.01,0.04,-0.06,-0.06,9.5,-0.16,1.92,0.07,0.03,0.05,9.3,-0.37,2.07,0.01,-0.13,0.15,9.74,-1.05,1.7,-0.06,-0.06,0.04,9.95,-1.44,1.7,0.04,-0.05,-0.08,9.74,-1.21,1.6,0.03,-0.02,-0.06,9.48,-0.98,1.74,-0.02,-0.06,-0.06,9.53,-0.9,1.64,0.05,0.02,-0.04,9.41,-0.71,1.71
3.05,0.3,5.17,-3.04,6.55,19.18,2.5,-0.66,4.9,10.25,-25.63,6.38,2.52,-0.49,1.66,13.52,-27.32,-1.3,2.2,0.1,-0.43,8.49,-13.59,-0.74,1.23,-0.48,0.59,8.23,-9.89,0.12,1.24,-0.07,0.35,9.32,-8.86,1.55,0.64,0.11,-0.3,9.04,-5.16,3.06,0.57,0.04,-0.6,8.47,-2.91,3.1,0.49,0.12,-0.56,8.39,-0.75,2.49,0.18,-0.25,-0.16,9.09,-1.21,2.52,0.2,-0.39,-0.12,10.1,-2.22,1.73,0.33,-0.28,-0.37,9.64,-1.78,1.71,0.41,-0.3,-0.28,8.98,-0.78,1.17,0.6,-0.05,-0.07,8.74,-0.88,0.97,0.29,0.0,-0.05,8.86,-0.92,1.78,0.13,0.01,-0.08,9.5,-1.25,1.93,0.15,0.31,-0.02,9.44,-0.74,2.48,0.04,0.12,-0.03,10.15,-1.05,2.42,0.02,0.11,-0.19,9.95,-0.82,2.69,0.02,-0.07,-0.19,9.44,-0.47,2.65,-0.05,-0.13,0.03,9.32,-0.59,1.77,-0.02,-0.05,0.07,9.38,-0.9,1.6,-0.05,0.06,-0.05,9.43,-1.18,1.75,-0.01,0.09,-0.12,9.38,-0.98,2.11,-0.07,0.02,-0.12,9.52,-0.78,1.88,-0.07,0.09,0.0,9.37,-0.94,2.61,-0.06,-0.03,0.03,9.89,-1.51,2.68,-0.03,-0.1,-0.06,9.84,-1.24,2.31,0.0,-0.12,-0.06,9.6,-0.79,2.18,0.05,-0.05,0.05,9.99,-1.22,2.49
4.23,1.75,-0.5,-1.92,39.78,17.12,4.34,0.32,3.77,-4.13,17.84,11.7,3.43,0.21,6.32,0.48,-19.77,10.31,3.14,-0.46,2.15,13.38,-35.26,1.55,2.61,-0.02,-0.34,10.1,-22.73,-3.48,1.23,0.46,-0.88,7.36,-8.29,3.2,0.53,-0.02,0.17,6.32,-3.94,2.4,-0.33,-0.58,0.3,8.21,-3.59,0.71,0.15,0.32,0.06,8.54,-0.87,1.71,0.42,0.43,0.13,9.79,-0.23,1.78,0.26,0.55,-0.06,10.14,-0.4,2.71,0.38,0.64,-0.3,10.3,-1.22,3.99,0.58,0.27,-0.62,10.06,-0.99,3.73,0.39,0.01,-0.92,9.33,-0.86,3.27,0.42,-0.1,-0.94,8.61,-0.47,2.35,0.3,-0.23,-0.62,8.93,0.0,0.76,0.04,0.03,-0.2,9.81,0.49,1.4,0.09,0.2,0.31,9.86,-0.03,2.51,-0.28,-0.09,0.5,10.15,-1.0,2.62,-0.09,0.02,0.0,9.62,-0.36,2.54,0.06,0.12,0.1,8.81,0.25,2.48,-0.22,-0.16,0.24,10.0,-0.7,1.97,-0.03,-0.02,-0.14,9.63,-0.29,2.0,0.02,-0.0,-0.12,9.79,-0.05,2.06,-0.1,-0.07,-0.04,9.69,0.2,1.6,-0.24,-0.05,-0.07,9.63,-0.24,2.04,-0.01,0.13,-0.14,9.18,0.15,2.71,-0.05,-0.02,0.01,9.06,-0.22,2.72,0.02,-0.12,0.05,9.36,-0.02,2.04,0.2,0.04,0.03,9.09,0.25,2.3
0.05,-2.11,1.48,-0.73,-8.15,15.18,0.67,-3.99,0.26,-11.36,-12.35,8.45,2.14,-4.4,-0.96,-14.53,-7.55,-0.9,0.2,-1.51,1.46,-11.76,-13.76,0.59,0.74,-0.79,-0.02,-7.42,-13.35,2.64,1.29,-0.51,-1.1,-2.14,-7.86,0.94,0.03,0.59,-0.18,0.45,-7.55,4.55,-0.39,0.17,0.18,1.37,-10.4,5.86,1.11,-0.73,0.04,3.05,-7.69,2.35,-0.13,-0.23,0.38,2.19,-8.61,2.58,-0.47,0.15,0.36,2.21,-9.83,4.24,0.24,-0.1,0.23,1.67,-9.0,4.88,0.66,-0.24,0.5,1.21,-8.57,4.6,0.53,0.26,0.33,1.07,-8.72,4.41,0.07,0.23,0.32,0.33,-8.71,4.8,0.75,-0.43,0.25,0.81,-8.86,4.87,1.04,-0.54,-0.2,0.77,-8.74,4.96,0.21,-0.39,-0.05,0.77,-7.93,4.61,-0.38,-0.29,0.41,0.9,-8.44,4.52,-0.28,-0.27,0.36,0.71,-8.47,4.07,0.24,0.05,0.1,1.27,-8.54,4.04,-0.06,0.37,-0.01,0.54,-9.42,3.75,0.37,0.02,-0.2,1.22,-8.11,4.87,-0.39,0.05,0.33,0.56,-8.43,5.02,-0.13,-0.18,0.2,0.67,-9.14,4.18,-0.45,-0.04,0.21,0.41,-8.93,4.45,-0.34,-0.06,0.02,0.45,-9.13,4.55,-0.1,0.17,0.28,0.85,-8.68,3.47,-0.51,0.73,0.65,0.13,-8.52,3.97,0.28,0.39,0.21,0.15,-8.39,4.6
1.18,-0.96,-2.37,18.24,-4.6,0.06,1.01,0.04,-2.08,18.37,5.79,11.51,0.17,-2.17,1.52,9.83,-1.18,13.09,0.57,-2.23,2.17,-3.93,-8.32,13.17,0.59,-3.61,1.57,-12.58,-12.23,7.86,-0.05,-2.67,1.47,-12.2,-14.05,3.91,0.55,-1.12,0.36,-9.33,-12.37,5.2,0.31,-0.57,-0.07,-5.07,-10.79,5.85,-0.0,-0.31,-0.14,-3.0,-9.28,5.63,0.12,0.06,0.03,-0.38,-8.91,4.65,0.16,0.05,-0.01,0.73,-9.12,4.29,0.02,0.02,0.02,1.38,-8.71,3.78,-0.06,0.14,0.1,1.78,-8.09,3.42,0.01,0.16,0.18,1.9,-8.76,3.82,0.29,0.09,-0.09,1.82,-9.03,3.71,0.4,0.26,-0.3,1.79,-8.04,4.69,0.18,0.31,-0.28,1.6,-7.67,5.91,0.14,-0.35,-0.1,1.3,-7.83,4.5,0.0,-0.23,0.09,1.16,-7.88,3.84,-0.02,0.06,0.22,1.24,-8.3,4.02,0.04,0.16,0.32,1.24,-9.07,4.65,0.12,0.04,0.15,1.29,-9.11,4.58,0.07,0.06,0.11,1.55,-9.01,4.66,0.01,0.01,0.06,1.55,-9.03,4.9,0.14,-0.15,-0.12,1.7,-8.6,4.51,0.01,-0.09,-0.07,1.74,-8.38,4.38,0.0,-0.08,-0.06,1.69,-8.22,4.46,-0.09,-0.05,0.05,1.66,-8.45,4.38,-0.08,-0.07,0.07,1.48,-8.41,4.73,-0.05,-0.2,0.06,1.47,-8.66,4.12
0.87,1.58,-3.69,25.81,3.25,7.14,0.33,-2.16,1.27,11.24,-0.16,17.84,0.83,-4.37,2.07,-1.02,-11.01,8.86,0.74,-3.12,1.36,-11.34,-13.44,5.41,0.78,-2.75,0.95,-11.15,-13.88,4.82,0.87,-2.01,0.3,-9.7,-13.21,2.77,0.54,-0.74,0.05,-6.32,-11.14,3.03,0.19,-0.31,0.06,-4.13,-9.46,3.25,0.12,0.12,0.5,-0.62,-8.15,2.62,-0.0,0.41,0.72,0.24,-8.69,3.39,0.07,0.23,0.36,1.76,-9.37,2.88,0.18,0.44,-0.01,2.25,-8.27,3.12,0.02,0.43,0.24,2.78,-8.71,4.63,-0.01,0.11,0.06,2.21,-9.13,5.24,0.0,-0.17,-0.1,1.78,-8.33,4.66,-0.05,-0.32,0.14,1.68,-9.03,3.57,-0.09,-0.17,0.02,1.56,-9.3,3.1,-0.08,0.01,-0.02,1.6,-8.52,3.1,-0.09,-0.03,0.1,1.91,-8.69,3.37,0.06,-0.08,0.06,1.99,-8.37,2.7,-0.06,0.16,0.22,1.95,-8.45,3.34,-0.04,0.1,0.31,1.97,-8.9,3.59,-0.12,-0.04,0.24,1.91,-8.61,3.67,0.04,-0.11,0.25,1.69,-8.7,3.29,0.1,0.0,0.28,1.42,-8.78,3.69,-0.06,-0.12,0.32,1.02,-9.21,3.64,0.26,-0.24,0.11,0.82,-9.21,3.22,0.01,-0.04,0.1,0.78,-9.24,3.28,0.02,-0.02,0.01,0.79,-9.18,3.32,-0.03,-0.05,-0.12,1.12,-9.05,3.06
-0.11,-5.7,3.63,-15.14,-12.02,4.51,0.43,-5.36,1.69,-17.09,-14.18,-5.27,-0.17,-1.17,0.81,-11.81,-13.66,-1.97,0.3,-0.6,-0.24,-5.33,-11.12,0.85,0.18,0.4,-0.6,0.52,-5.88,4.16,-0.16,0.18,0.09,1.81,-6.15,5.7,0.03,-0.48,0.16,1.92,-7.59,2.32,0.14,-0.18,0.32,1.92,-8.08,1.49,0.18,0.08,0.35,1.96,-8.72,3.01,0.29,-0.01,0.36,1.97,-8.81,3.43,0.29,-0.01,0.32,1.78,-9.64,4.45,0.25,-0.11,0.04,1.6,-9.2,4.92,0.26,-0.29,-0.07,1.29,-8.89,4.8,0.53,-0.27,-0.23,1.15,-8.3,4.11,0.59,-0.08,-0.15,1.41,-8.05,3.74,0.44,0.03,0.05,1.38,-8.22,4.43,0.27,-0.35,0.26,1.41,-9.19,4.32,0.12,-0.4,0.2,1.51,-9.5,3.17,-0.03,-0.24,0.15,1.49,-9.49,2.9,-0.06,-0.01,0.04,1.72,-9.38,3.11,-0.16,-0.03,0.07,1.87,-9.21,3.81,0.07,-0.16,-0.2,1.85,-8.85,3.49,0.04,-0.04,-0.13,1.81,-8.33,3.63,0.04,-0.03,-0.05,1.78,-8.32,4.26,-0.02,-0.02,0.09,1.71,-8.24,3.76,-0.13,0.19,0.33,1.55,-8.15,3.7,-0.47,0.21,0.59,1.38,-8.92,4.0,-0.42,0.07,0.34,1.36,-9.21,3.98,-0.1,-0.09,-0.01,1.36,-9.03,3.71,-0.1,-0.11,-0.03,1.46,-8.67,3.35
1.19,-1.76,-0.62,19.89,5.71,15.78,0.88,-3.26,2.96,4.1,2.52,18.04,0.22,-3.75,3.45,-12.82,-12.65,12.59,0.94,-3.49,1.11,-17.82,-16.31,3.33,0.46,-1.54,0.33,-14.11,-14.19,2.82,0.14,-0.49,-0.18,-9.53,-10.6,5.5,-0.02,-0.48,-0.39,-3.63,-10.06,3.13,0.01,-0.03,-0.5,-1.14,-7.68,3.22,0.0,-0.18,-0.07,0.33,-7.5,2.58,0.16,-0.28,0.01,1.18,-7.91,0.97,0.36,0.32,0.06,1.95,-7.53,1.38,0.26,0.65,0.24,2.64,-8.5,4.72,0.23,0.5,0.15,2.47,-8.11,6.31,0.21,0.01,0.15,1.99,-8.5,5.75,0.08,-0.1,0.21,1.5,-8.78,4.81,0.04,-0.11,0.2,1.2,-9.01,3.81,0.05,-0.06,0.2,1.17,-9.0,3.73,-0.09,0.02,0.11,1.67,-8.98,3.57,0.01,0.08,0.02,1.98,-8.69,3.56,-0.03,0.25,0.03,1.99,-8.42,4.47,-0.12,0.07,0.02,1.89,-8.54,4.57,0.03,-0.07,-0.05,1.62,-8.18,4.04,-0.07,-0.06,0.06,1.9,-8.07,4.26,-0.03,-0.36,0.18,1.79,-8.34,4.58,-0.18,-0.46,0.23,1.75,-8.76,4.13,-0.19,-0.43,0.17,1.59,-8.99,3.43,-0.08,-0.21,0.09,1.72,-9.03,3.38,0.0,-0.13,0.02,1.7,-8.8,3.45,-0.0,-0.03,0.05,1.69,-8.7,3.22,-0.06,0.15,0.09,1.6,-8.88,3.52
-0.33,-2.39,5.1,-9.14,-5.8,15.11,0.43,-4.29,2.1,-18.14,-14.74,5.16,-0.23,-2.67,1.65,-16.83,-15.44,0.36,-0.11,-0.89,0.22,-13.45,-12.03,5.33,0.12,-1.56,-0.79,-8.97,-8.7,2.35,-0.07,-0.82,-0.45,-4.78,-7.56,-2.14,0.01,0.76,-0.03,-1.59,-7.1,1.18,0.18,0.85,0.18,0.12,-8.13,4.12,0.36,0.13,-0.04,0.65,-8.05,2.63,0.31,0.56,0.03,1.24,-7.5,3.45,0.25,0.62,0.22,1.1,-8.05,5.88,0.29,0.0,0.31,0.59,-8.67,5.08,0.08,0.27,0.24,0.57,-9.37,4.6,0.12,0.27,0.09,0.75,-9.48,5.26,0.12,0.02,-0.01,0.62,-9.47,4.74,0.04,0.03,-0.05,0.69,-9.33,4.31,-0.09,0.0,-0.01,0.68,-9.24,4.16,-0.15,-0.07,-0.1,0.99,-9.22,3.83,0.02,-0.1,-0.13,0.92,-8.64,3.66,-0.08,0.01,-0.09,0.87,-8.66,3.93,0.08,0.05,-0.14,0.83,-8.29,4.17,0.04,-0.04,-0.1,0.73,-8.21,4.37,0.1,-0.2,-0.07,0.51,-8.14,3.82,0.02,-0.04,0.06,0.49,-8.11,3.55,-0.0,0.08,0.27,0.42,-8.39,3.9,0.12,-0.09,0.31,0.4,-8.27,4.1,0.21,-0.27,0.39,0.19,-8.18,3.75,-0.11,0.09,0.5,0.23,-9.03,3.95,0.03,0.11,0.23,0.21,-9.32,4.33,0.11,-0.01,0.04,0.23,-9.37,4.26
1.85,-0.67,-1.82,10.42,7.58,2.15,1.03,-0.47,-0.48,12.35,9.41,-3.93,2.29,0.54,-1.0,11.14,14.61,-2.87,3.53,1.02,-0.7,6.36,28.95,3.77,4.08,1.0,3.9,-3.53,22.41,14.33,3.65,0.24,8.07,-2.27,-10.65,17.22,3.28,-1.32,5.01,5.83,-33.47,5.23,2.46,-1.17,1.5,6.94,-29.54,0.3,1.95,-0.33,-0.93,6.31,-16.84,0.09,0.51,-0.26,-0.45,6.25,-8.96,1.61,0.1,-0.38,-0.35,6.98,-6.29,0.53,-0.11,-0.05,-0.36,7.82,-2.96,1.59,-0.13,0.03,-0.3,8.28,-2.58,1.2,-0.15,0.1,-0.25,8.43,-2.3,0.91,-0.06,0.08,-0.25,8.7,-2.69,0.96,0.04,0.1,-0.23,9.05,-1.89,1.12,0.02,0.15,-0.08,9.12,-2.5,1.68,0.09,0.08,-0.15,9.24,-2.51,1.93,0.27,-0.03,-0.14,9.56,-2.62,1.42,0.21,0.0,-0.07,9.78,-3.34,1.49,0.45,-0.12,-0.46,9.74,-2.27,1.18,0.28,-0.2,-0.23,9.64,-2.4,1.54,0.13,-0.4,-0.07,9.48,-2.44,-0.16,0.06,-0.05,0.01,9.33,-1.84,0.44,0.0,0.05,0.15,9.09,-1.81,1.3,-0.06,-0.16,0.08,9.19,-1.98,1.0,0.11,-0.19,0.01,9.19,-2.12,0.78,-0.02,-0.1,0.02,9.52,-2.12,0.9,-0.07,-0.23,-0.02,9.65,-2.61,0.65,0.04,-0.19,-0.2,9.66,-2.43,0.12
3.57,1.82,-0.27,0.63,33.73,5.72,2.94,2.17,5.79,-1.7,9.43,18.64,3.74,-0.61,4.86,5.12,-26.0,13.69,2.59,-1.06,2.02,10.68,-31.52,5.96,1.85,-1.18,-0.89,10.27,-17.02,-2.17,0.55,-0.04,-0.36,8.3,-6.1,-1.51,0.19,0.42,0.24,8.41,-5.06,2.82,0.15,-0.03,0.1,8.38,-2.7,2.76,0.11,-0.16,0.06,8.19,-1.29,0.87,0.02,0.16,0.0,8.79,-1.5,0.46,0.12,0.09,-0.14,8.96,-0.7,1.04,0.14,0.05,-0.03,9.14,-1.0,0.91,0.16,0.12,-0.03,9.51,-1.76,1.31,0.16,0.19,-0.15,9.6,-1.27,2.01,0.1,-0.04,-0.12,9.65,-0.79,1.77,0.01,0.15,-0.02,9.91,-0.92,1.63,0.01,0.09,-0.0,10.09,-1.12,1.8,0.06,0.01,-0.01,10.17,-0.74,1.48,0.03,-0.03,-0.01,10.02,-0.91,1.47,0.18,0.01,0.03,9.65,-0.62,1.76,0.23,-0.08,0.01,9.69,-0.78,1.37,0.26,0.05,0.02,9.62,-0.25,1.19,0.24,0.02,0.07,9.83,-0.64,1.51,0.08,-0.04,0.1,9.68,-0.84,1.46,0.07,-0.05,-0.0,9.72,-0.94,1.35,-0.02,-0.01,0.02,9.57,-1.05,1.82,0.05,-0.25,-0.18,9.58,-0.76,1.45,0.01,-0.22,-0.12,9.64,-0.5,0.83,0.01,-0.06,-0.09,9.72,-0.71,1.05,-0.02,0.05,-0.0,9.74,-0.48,0.76
1.27,-0.41,-1.71,10.96,7.4,-2.05,1.57,0.08,-2.65,9.22,17.04,-1.72,2.32,0.76,-2.07,5.94,25.73,-0.5,2.39,1.92,0.98,2.45,23.98,9.4,3.72,1.66,3.32,0.05,10.06,17.34,2.57,0.54,6.26,6.07,-23.55,16.75,3.03,-2.12,2.26,9.15,-23.31,2.73,2.24,-0.87,0.67,8.58,-16.72,-0.25,1.6,0.5,0.22,7.91,-10.16,4.72,0.64,-0.11,0.89,8.16,-9.85,4.35,0.18,-0.41,0.12,8.51,-6.41,0.16,0.14,0.15,-0.41,8.69,-2.9,1.23,-0.13,0.07,-0.3,9.14,-1.53,1.68,-0.2,-0.07,-0.18,9.16,-0.5,0.62,-0.05,0.22,-0.1,9.55,-0.9,1.31,-0.13,0.14,-0.04,9.68,-1.48,1.92,-0.06,-0.01,-0.08,9.78,-1.73,1.99,0.05,-0.05,-0.17,9.73,-1.47,1.32,-0.19,-0.02,-0.09,9.76,-1.14,1.67,-0.21,0.03,0.03,9.88,-1.18,1.52,-0.19,-0.09,0.06,10.03,-1.4,1.08,-0.21,-0.07,0.01,9.72,-0.95,1.01,-0.1,-0.07,0.0,9.69,-1.17,1.3,-0.09,-0.12,-0.04,9.71,-0.98,0.78,0.0,-0.0,-0.05,9.53,-0.83,0.9,0.05,0.03,0.03,9.41,-1.08,1.1,0.08,-0.01,0.07,9.38,-1.48,1.12,0.18,-0.01,-0.03,9.31,-1.13,1.55,0.0,0.0,0.0,0.0,0.0,0.0,0.0,0.0,0.0,0.0,0.0,0.0
3.71,-1.08,4.02,7.86,-27.28,6.32,3.01,-0.8,1.57,10.93,-26.06,0.67,2.11,-0.16,-0.46,8.93,-10.91,0.69,1.18,-0.22,0.26,7.61,-8.05,1.53,0.5,-0.35,0.46,7.72,-6.8,1.14,0.4,-0.07,-0.11,7.99,-3.7,1.11,0.14,-0.03,-0.03,9.04,-2.16,1.12,0.11,-0.05,-0.01,9.32,-2.04,0.85,0.18,0.01,-0.04,9.65,-1.65,0.53,0.16,0.04,-0.05,9.72,-1.78,0.55,0.14,0.04,-0.11,9.67,-1.6,0.61,0.09,0.04,-0.21,9.56,-1.65,1.27,-0.03,0.11,-0.18,9.65,-1.31,1.37,-0.04,0.12,-0.07,9.75,-0.77,1.71,-0.08,0.04,0.08,9.89,-1.45,1.2,-0.1,0.01,-0.04,10.22,-1.51,1.42,-0.06,-0.03,-0.13,10.07,-1.11,1.17,-0.07,-0.06,-0.1,9.83,-1.06,0.99,0.05,-0.1,-0.28,9.47,-0.55,0.55,-0.06,-0.01,-0.13,9.41,-0.56,0.73,0.03,0.01,-0.06,9.21,-0.8,0.94,0.06,0.03,-0.04,9.22,-0.44,0.93,0.03,0.04,0.12,9.02,-0.16,1.18,-0.08,-0.03,0.28,9.52,-1.45,1.27,0.03,-0.03,0.09,9.67,-1.48,1.21,0.08,0.03,0.1,9.81,-1.39,0.73,0.07,0.07,0.14,10.03,-2.03,0.56,0.13,0.13,-0.0,10.1,-1.69,1.04,0.03,0.12,0.01,10.0,-1.68,1.45,0.02,0.07,-0.01,9.95,-1.58,1.44
1.95,0.24,-1.65,4.26,26.68,5.67,2.92,0.38,2.48,1.02,21.46,8.38,3.33,0.3,5.56,3.29,-7.73,10.0,3.5,0.02,4.85,6.68,-20.35,9.43,3.1,-0.83,0.76,9.42,-16.94,2.81,2.13,-0.79,-0.19,9.54,-11.69,1.13,1.48,-0.49,-0.44,9.21,-8.28,0.42,0.62,0.08,0.23,9.48,-7.04,2.63,0.4,0.09,-0.04,9.47,-5.38,2.56,0.17,0.03,-0.06,9.85,-2.38,1.85,0.12,0.04,0.02,9.72,-2.32,1.43,0.16,0.02,-0.13,9.69,-1.21,1.24,0.06,-0.1,-0.01,9.74,-1.12,1.14,0.07,-0.11,0.02,9.52,-1.67,0.84,0.22,-0.03,-0.2,9.29,-1.19,1.19,0.16,-0.09,-0.17,9.21,-1.0,0.88,0.16,-0.04,-0.05,9.22,-1.36,0.77,0.11,0.08,-0.05,9.62,-1.37,1.1,0.06,0.12,-0.09,9.7,-1.0,1.33,0.04,0.08,-0.08,9.73,-1.03,1.36,0.07,0.04,-0.08,9.7,-0.67,1.11,-0.06,0.01,0.03,9.7,-1.03,1.24,-0.0,0.07,-0.06,9.61,-0.77,1.55,0.04,0.03,-0.05,9.6,-0.73,1.41,0.12,0.08,0.06,9.53,-0.69,1.46,0.03,0.08,0.16,9.53,-0.89,1.63,0.07,0.06,0.2,9.57,-1.18,1.75,0.04,0.02,0.19,9.51,-0.97,1.11,-0.06,0.06,0.22,9.64,-1.58,1.17,-0.02,0.1,0.04,9.8,-1.78,1.38
3.0,0.66,1.23,2.25,16.82,6.53,3.24,0.84,4.24,1.93,3.65,10.58,3.68,0.31,4.5,3.87,-7.79,10.58,2.94,-0.74,2.48,9.36,-19.59,5.48,2.39,-1.01,1.17,9.56,-16.83,2.34,1.19,-0.67,0.15,10.12,-11.66,-0.23,0.76,-0.15,-0.47,9.14,-6.36,0.94,0.22,0.15,-0.32,8.74,-2.4,1.49,0.02,0.27,0.06,8.92,-2.2,2.17,0.14,0.03,0.03,9.26,-1.28,1.35,0.08,-0.0,0.11,9.46,-1.59,1.15,0.15,-0.04,0.02,9.54,-2.1,0.87,0.04,0.03,-0.09,9.83,-2.41,0.89,-0.02,0.04,-0.25,9.77,-1.92,1.12,-0.15,0.13,-0.2,9.87,-1.45,1.34,-0.22,0.13,-0.23,9.94,-0.99,1.87,-0.22,0.03,-0.3,9.89,-0.23,1.9,-0.07,-0.04,-0.3,9.7,0.35,1.38,0.01,-0.08,-0.18,9.53,0.27,0.74,0.07,-0.08,-0.17,9.5,0.29,0.7,0.0,-0.02,-0.07,9.56,0.09,0.78,0.06,-0.03,0.01,9.57,-0.29,1.31,0.04,-0.01,0.11,9.64,-1.03,1.13,0.01,0.05,0.01,9.76,-0.9,1.48,-0.01,-0.05,0.03,9.77,-0.95,1.06,-0.02,0.01,0.02,9.92,-1.08,0.94,-0.06,0.09,0.01,9.94,-1.23,1.28,-0.09,0.02,-0.12,9.86,-0.56,1.57,-0.08,-0.06,-0.08,9.71,-0.45,1.18,-0.01,0.06,-0.09,9.7,-0.27,1.53
2.5,0.38,0.65,5.05,13.92,5.34,2.79,0.33,3.12,4.31,6.01,7.41,2.34,-0.44,3.61,6.17,-5.63,6.1,2.28,-0.42,1.71,9.72,-13.85,3.81,2.38,-0.29,0.53,10.1,-10.16,1.99,1.35,-0.17,0.57,10.25,-10.24,1.43,1.21,-0.18,-0.16,9.35,-6.56,0.74,0.7,0.04,0.02,9.19,-4.55,1.72,0.36,0.09,0.03,9.19,-2.89,1.69,0.05,0.15,0.18,9.58,-1.61,1.7,-0.02,0.09,0.19,9.86,-1.64,1.56,-0.09,-0.03,0.11,9.92,-1.48,1.21,-0.07,-0.02,0.03,9.87,-1.23,0.58,-0.03,0.03,-0.15,9.68,-0.68,1.02,-0.15,0.03,-0.1,9.67,-0.65,1.1,-0.09,0.07,-0.16,9.57,0.28,1.22,-0.04,0.13,0.03,9.74,0.0,1.52,-0.05,0.1,0.04,9.94,-0.35,2.03,0.03,-0.1,-0.02,9.94,-0.03,1.44,-0.03,-0.1,0.04,9.84,-0.01,0.77,0.05,0.02,0.02,9.78,-0.28,0.99,0.16,-0.02,-0.03,9.56,-0.38,1.0,-0.04,-0.06,0.02,9.66,-0.34,1.02,0.08,0.04,0.03,9.58,-0.38,1.09,0.11,-0.01,0.0,9.73,-0.63,1.26,0.07,-0.0,0.06,9.76,-0.76,0.92,0.05,0.08,0.05,9.7,-0.42,1.06,-0.07,0.03,0.23,9.85,-1.25,1.32,-0.1,-0.08,0.12,9.81,-1.01,0.81,-0.02,0.07,-0.01,9.74,-0.42,1.05
-0.31,1.33,-2.37,9.31,5.57,1.73,0.13,1.25,-1.45,9.55,7.95,3.68,0.55,0.69,-0.27,9.38,8.83,4.83,1.68,0.21,0.33,8.15,10.42,4.71,1.99,0.4,1.09,6.89,11.12,4.91,2.69,0.88,2.25,3.73,10.68,6.73,2.9,1.22,3.19,1.18,6.23,9.6,2.3,0.63,5.2,2.17,-6.92,11.79,2.28,-0.69,4.49,4.2,-13.34,7.95,2.02,-0.88,2.8,7.21,-16.25,3.68,1.81,-0.59,1.67,8.2,-13.97,2.16,1.15,-0.21,0.97,8.24,-9.69,2.82,0.3,-0.09,1.09,8.78,-10.14,3.38,0.38,0.07,0.18,8.52,-6.18,4.07,0.1,0.03,-0.12,8.25,-4.25,4.21,-0.02,-0.05,-0.15,8.25,-3.66,4.13,0.08,-0.14,-0.35,8.06,-2.13,2.99,-0.01,-0.01,-0.1,8.3,-2.97,3.21,0.01,0.03,-0.08,8.25,-3.1,3.57,0.05,-0.1,-0.1,8.39,-3.06,3.03,-0.1,0.01,-0.05,8.7,-3.05,3.07,0.01,0.1,-0.1,8.72,-3.08,4.08,-0.07,-0.11,-0.13,8.8,-2.65,3.69,-0.02,0.01,-0.13,8.62,-2.49,3.17,0.07,0.04,-0.19,8.76,-2.21,3.34,-0.01,-0.06,-0.01,8.85,-2.77,3.26,0.11,-0.03,-0.14,8.93,-2.6,3.32,0.19,0.04,-0.15,8.84,-2.61,3.42,0.2,0.02,-0.16,8.73,-2.54,3.72,0.15,-0.1,-0.22,8.68,-2.39,3.79
2.32,0.38,-1.94,6.61,24.06,7.03,2.37,0.34,2.99,2.44,17.42,10.62,2.69,-0.1,4.41,4.27,-1.86,10.87,2.78,-1.0,2.95,6.07,-13.53,5.37,2.42,-0.94,1.95,6.98,-15.24,2.43,1.8,-0.8,0.36,6.99,-10.85,-0.26,1.25,-0.25,0.04,6.95,-6.64,-1.0,0.81,0.27,0.17,7.48,-5.28,1.0,0.33,0.05,0.22,8.4,-4.37,1.29,0.14,0.08,0.16,9.04,-2.97,0.66,0.13,0.24,-0.01,9.42,-1.66,1.13,-0.02,0.07,0.03,9.74,-0.88,1.14,0.07,0.12,-0.06,9.81,-0.74,0.74,0.07,0.15,-0.15,9.92,-0.66,1.06,-0.02,0.15,-0.17,10.21,0.12,1.54,0.03,0.14,-0.06,10.25,-0.34,2.26,0.32,0.03,-0.21,10.19,0.43,1.58,-0.01,-0.01,0.02,9.99,0.44,1.56,0.03,-0.01,0.02,10.02,0.36,1.23,-0.01,-0.05,0.04,10.13,-0.43,1.14,0.06,-0.1,-0.18,9.97,0.51,0.69,0.03,-0.03,-0.04,9.67,0.64,0.84,-0.0,-0.03,0.06,9.65,0.24,1.64,0.19,-0.26,-0.06,9.5,-0.02,1.21,0.18,-0.19,-0.08,9.55,0.35,0.91,0.28,-0.06,-0.04,9.45,0.34,0.77,0.43,-0.02,-0.04,9.76,-0.18,1.12,0.46,-0.13,-0.14,9.99,0.21,0.79,0.19,-0.12,-0.05,10.08,-0.07,0.98,0.19,-0.07,-0.12,9.86,0.44,0.58
0.6,0.29,-2.79,9.12,12.49,1.7,1.76,0.86,-3.5,5.1,26.03,3.91,0.0,0.0,0.0,0.0,0.0,0.0,0.0,0.0,0.0,0.0,0.0,0.0,3.24,0.12,10.06,-11.94,6.99,24.89,2.75,-1.99,9.85,-1.63,-35.16,11.91,3.49,-2.63,1.84,4.15,-34.3,-1.7,2.53,-0.7,-0.59,5.96,-21.31,-4.09,1.4,0.37,-0.42,6.28,-10.91,2.71,0.45,-0.12,0.34,7.15,-10.97,3.68,0.21,-0.07,-0.28,7.84,-7.12,2.39,0.06,0.23,-0.73,8.38,-2.94,2.28,-0.06,0.22,-0.37,8.57,-1.34,3.0,-0.02,0.02,0.01,8.87,-2.03,2.28,0.09,0.17,-0.15,9.05,-2.12,2.05,0.18,0.13,-0.06,8.89,-1.79,2.55,0.27,0.05,-0.03,8.92,-2.52,2.43,0.25,0.13,-0.1,8.9,-2.03,2.63,0.18,0.16,0.05,9.26,-2.1,2.86,0.1,0.09,0.23,9.57,-2.73,3.11,-0.02,-0.04,0.21,9.64,-2.99,2.67,-0.0,0.03,0.09,9.65,-2.66,2.51,0.0,0.02,-0.02,9.54,-2.53,3.09,-0.06,-0.18,0.02,9.5,-2.34,2.42,0.03,-0.09,-0.0,9.37,-2.28,1.86,0.04,0.06,-0.01,9.1,-2.2,2.89,0.08,-0.21,-0.05,8.7,-2.22,1.89,0.1,-0.01,-0.03,8.38,-1.9,1.76,0.14,0.13,0.02,8.24,-1.76,2.32,0.15,0.04,0.07,8.46,-1.96,1.99
2.51,-0.09,0.63,5.5,23.92,4.53,3.17,0.63,4.39,0.63,14.97,10.93,4.02,0.12,5.85,-0.72,-1.53,13.39,3.29,-0.87,4.64,3.53,-20.58,10.29,3.06,-1.2,1.81,6.12,-21.36,4.92,2.53,-0.85,0.14,6.83,-16.75,2.6,1.24,-0.44,0.25,6.71,-11.58,2.17,0.74,-0.1,0.32,7.0,-9.02,2.33,0.34,0.27,-0.01,7.42,-6.69,3.18,0.18,0.22,-0.2,7.78,-5.12,3.42,0.23,0.14,-0.29,8.09,-3.52,2.6,0.19,0.12,-0.17,8.42,-3.11,2.27,0.11,0.07,-0.04,8.82,-3.56,2.54,0.12,0.02,-0.05,8.75,-3.26,2.23,0.12,0.19,-0.03,8.94,-3.12,2.43,0.14,0.14,-0.06,9.09,-3.35,3.25,0.02,0.03,-0.06,9.12,-3.43,3.61,0.06,-0.03,-0.1,9.3,-3.21,3.08,0.15,-0.04,-0.09,9.08,-3.48,3.23,0.07,-0.21,-0.23,9.14,-3.09,2.68,-0.03,-0.18,-0.2,9.03,-2.62,2.45,0.02,-0.17,-0.15,9.07,-2.5,2.09,-0.04,-0.02,-0.06,8.87,-2.7,2.37,0.06,0.03,-0.13,8.98,-2.36,2.78,-0.02,-0.05,-0.06,8.92,-2.51,2.53,0.08,0.06,-0.06,8.88,-2.44,2.97,0.06,-0.04,-0.01,8.87,-2.59,2.86,-0.02,-0.1,0.1,8.82,-2.58,2.31,0.01,0.01,0.13,8.89,-2.42,2.4,0.07,-0.05,0.36,8.82,-2.97,2.53
3.04,0.09,1.98,3.75,15.75,9.45,3.97,0.14,3.87,2.74,3.27,9.09,3.42,-0.13,4.13,5.76,-12.11,8.26,3.07,-0.77,2.29,8.88,-17.21,3.04,2.22,-0.59,0.57,9.51,-13.86,0.17,1.39,-0.36,0.32,9.47,-10.16,0.18,0.64,-0.31,0.27,8.76,-6.66,0.77,0.22,-0.28,0.28,8.96,-5.38,0.35,0.05,-0.24,0.11,9.04,-3.42,-0.31,-0.12,-0.07,0.02,9.13,-1.93,-0.58,-0.06,0.07,-0.15,9.12,-1.12,-0.12,-0.06,0.07,-0.15,9.35,-0.32,-0.06,-0.06,0.09,-0.07,9.57,-0.77,-0.09,-0.1,0.11,-0.06,9.8,-1.47,-0.07,-0.15,0.13,-0.14,10.01,-1.89,-0.28,-0.28,0.18,-0.14,10.04,-1.33,0.31,-0.25,0.19,-0.15,9.9,-0.13,0.53,-0.2,0.19,0.04,9.64,0.64,0.48,-0.11,0.04,0.04,9.99,0.0,0.26,-0.03,0.03,-0.07,10.09,-0.18,0.3,0.07,-0.01,-0.09,9.99,0.36,-0.05,0.05,-0.02,-0.01,9.68,0.0,0.07,0.1,0.0,0.03,9.64,-0.11,0.12,0.13,-0.02,-0.04,9.63,-0.2,0.44,0.2,-0.06,0.14,9.65,0.08,0.22,0.09,-0.03,0.3,9.62,-1.04,-0.25,0.12,-0.0,0.08,9.81,-1.31,0.05,0.11,-0.01,0.0,9.87,-1.12,0.18,0.02,0.0,0.08,9.96,-0.97,0.05,-0.01,0.04,-0.02,9.92,-0.55,-0.01
2.98,0.4,0.46,6.23,22.37,3.95,4.19,1.55,2.13,-0.73,22.68,10.16,3.64,2.01,7.52,-2.81,-1.38,16.96,3.74,0.71,7.0,1.45,-26.03,18.02,3.37,-2.77,0.72,7.49,-24.37,6.62,2.52,-2.17,-0.13,7.17,-16.1,-0.49,1.41,-0.48,0.33,7.47,-12.49,-0.13,0.7,-0.07,0.05,7.73,-8.25,2.74,0.0,-0.2,0.15,7.46,-5.9,2.24,0.09,-0.02,-0.28,7.54,-4.0,1.67,0.13,0.12,-0.32,8.06,-2.31,1.35,-0.01,0.13,-0.03,8.73,-2.95,1.45,0.06,0.1,-0.14,9.11,-3.46,0.97,0.11,0.33,-0.26,9.3,-2.85,2.08,0.04,0.21,-0.15,9.32,-2.24,2.67,0.02,0.14,-0.0,9.52,-2.26,2.73,-0.06,-0.01,-0.18,9.73,-2.17,3.22,-0.13,0.02,-0.08,9.49,-2.08,2.44,0.0,-0.05,-0.15,9.37,-1.73,1.96,0.08,-0.02,0.02,9.01,-1.85,1.34,0.06,0.08,-0.02,9.19,-2.25,1.52,0.12,0.16,-0.11,9.36,-2.08,1.97,0.19,0.09,-0.09,9.35,-1.58,2.43,0.14,-0.0,0.01,9.41,-1.75,2.73,0.12,-0.09,0.09,9.41,-1.84,2.46,0.09,-0.08,0.08,9.39,-2.24,2.48,0.14,-0.2,0.05,9.26,-2.44,2.17,0.03,-0.17,0.03,9.33,-2.61,2.02,-0.04,-0.14,-0.02,9.36,-2.56,1.72,-0.14,-0.07,-0.01,9.31,-2.35,1.73
1.6,-0.27,-1.42,9.55,8.65,3.02,1.5,-0.54,-1.02,8.28,13.27,2.3,2.35,-0.24,-0.43,4.7,18.61,3.74,3.23,0.6,1.57,-0.54,19.47,7.23,3.06,1.15,5.25,-0.04,-1.48,10.8,3.4,0.16,4.18,5.0,-14.13,9.49,2.77,-0.65,2.19,9.63,-17.76,3.64,2.0,-0.4,0.03,10.49,-12.43,-0.21,1.44,-0.05,-0.17,9.78,-6.96,0.2,0.47,0.09,0.36,9.87,-7.05,1.2,0.32,0.15,-0.06,9.85,-4.33,1.26,-0.01,0.13,-0.14,9.53,-1.41,2.01,-0.19,0.04,0.04,9.25,-0.59,1.94,0.07,0.01,-0.03,9.31,-0.27,1.55,0.26,0.04,-0.13,9.28,0.35,1.13,0.26,0.03,0.02,9.31,0.48,1.26,0.2,-0.03,0.05,9.55,0.08,0.81,0.2,0.09,-0.02,9.61,0.14,0.92,0.16,0.08,0.12,9.88,0.28,1.2,0.03,0.1,0.09,10.99,-0.5,1.06,0.02,0.09,0.04,9.77,0.35,1.63,0.02,-0.03,0.3,9.57,-0.18,1.57,0.18,-0.1,0.23,9.73,-0.31,1.55,0.33,-0.31,0.19,9.77,-0.71,1.02,0.16,-0.2,-0.01,9.78,0.07,0.49,0.24,-0.16,0.02,9.99,-0.11,1.08,0.21,-0.27,0.11,9.89,-0.42,0.89,0.32,-0.17,-0.02,10.0,-0.84,0.57,0.26,-0.05,-0.09,9.76,-0.49,0.67,0.18,0.07,-0.01,9.65,-0.3,1.0
0.79,0.54,-1.9,1.17,20.16,0.99,3.46,2.11,-1.07,-3.22,29.82,1.21,3.67,3.97,3.9,-3.28,23.19,7.69,2.52,1.16,7.9,4.81,-14.71,17.18,2.51,-1.08,4.03,11.79,-29.82,8.75,2.82,-0.16,-0.42,12.76,-16.67,2.02,1.86,0.05,-0.58,10.95,-7.59,3.65,0.69,-0.17,0.69,9.08,-6.59,3.43,0.55,-0.04,0.28,9.01,-5.78,2.9,0.49,0.0,-0.01,9.3,-2.81,1.94,0.15,-0.18,0.47,9.57,-1.61,1.5,0.08,-0.2,0.33,9.87,-1.7,0.08,0.1,0.02,0.16,10.12,-1.58,0.96,0.21,-0.13,-0.03,9.74,-0.69,0.88,0.21,-0.06,0.05,9.46,-0.66,0.81,0.17,0.0,0.03,9.47,-1.4,1.8,0.39,-0.22,-0.27,9.51,-0.6,1.04,0.28,-0.02,-0.11,9.4,-0.63,0.67,0.06,0.12,-0.0,9.91,-1.05,1.2,0.04,0.04,-0.09,9.82,-0.33,0.96,-0.11,0.1,0.14,9.72,-0.14,0.81,-0.09,0.1,0.19,9.68,-0.66,1.26,-0.02,-0.1,0.0,9.72,-0.55,0.85,0.06,-0.1,-0.14,9.71,-0.4,0.8,0.15,-0.1,-0.19,9.53,0.36,0.55,0.06,-0.02,0.05,9.57,-0.3,0.83,0.19,0.01,0.01,9.43,-0.46,0.86,0.36,-0.0,0.0,9.33,-0.22,1.43,0.44,-0.08,0.04,9.02,-0.05,0.98,0.34,0.0,0.08,9.33,-0.1,0.72
2.34,1.87,1.58,3.94,14.66,6.75,2.76,2.16,3.61,4.62,3.33,11.76,2.95,0.32,3.96,7.91,-13.79,11.07,3.38,-0.96,1.42,9.46,-13.5,4.03,2.63,-0.73,1.16,8.96,-13.62,1.11,2.16,-0.26,0.6,8.7,-10.85,1.27,1.6,-0.21,0.39,8.53,-8.46,1.58,0.77,-0.02,0.26,8.55,-5.68,1.76,0.36,0.08,0.25,8.96,-5.61,1.88,0.26,0.14,-0.24,9.4,-2.9,1.16,0.06,0.15,-0.17,9.64,-2.3,1.1,-0.11,0.08,-0.11,9.71,-1.91,1.11,-0.08,0.09,-0.23,9.88,-1.64,1.2,-0.03,0.12,-0.3,9.69,-0.91,1.41,-0.08,0.09,-0.27,9.67,-1.2,1.68,-0.02,0.07,-0.35,9.57,0.03,1.77,-0.09,0.03,-0.01,9.71,-0.41,1.52,-0.05,0.05,-0.01,9.87,-0.82,1.64,0.01,0.01,-0.06,9.89,-0.68,1.75,0.04,-0.06,-0.04,9.74,-0.97,1.48,0.06,-0.09,-0.1,9.53,-0.99,1.22,0.01,-0.0,-0.06,9.53,-0.89,1.19,-0.0,0.11,-0.04,9.51,-0.99,1.49,-0.01,0.04,-0.05,9.7,-0.84,1.65,0.01,0.11,-0.01,9.5,-0.7,1.57,0.02,0.06,0.03,9.67,-1.09,1.5,0.08,0.13,-0.06,9.65,-0.9,1.6,0.15,0.09,-0.09,9.68,-1.0,1.86,0.11,-0.0,-0.09,9.69,-0.56,1.71,0.05,-0.03,-0.02,9.87,-0.99,1.65
3.09,-0.34,3.98,7.02,-15.26,7.89,2.65,-1.07,2.55,9.25,-17.85,1.73,2.25,-1.09,0.64,8.56,-11.29,-1.28,1.73,-0.63,0.69,7.62,-7.93,-1.26,0.34,0.24,0.74,9.2,-8.37,1.97,0.34,0.24,-0.26,9.17,-4.05,2.62,0.15,0.08,-0.24,8.87,-1.32,2.36,0.05,-0.14,-0.03,9.16,-1.05,0.81,0.06,-0.05,0.03,9.56,-1.56,0.42,0.08,0.14,-0.18,9.56,-1.39,0.93,0.03,0.02,-0.21,9.69,-0.81,1.18,0.0,0.1,-0.05,9.64,-0.74,1.21,0.0,0.24,0.02,9.75,-1.09,1.92,0.05,0.09,-0.05,9.8,-1.18,1.93,0.01,0.01,-0.05,10.07,-0.93,1.44,-0.02,0.02,0.01,9.87,-0.82,1.18,-0.01,-0.02,-0.03,9.82,-1.0,1.39,0.08,-0.06,-0.07,9.64,-0.5,0.83,0.05,0.04,-0.05,9.53,-0.47,1.09,0.04,0.09,-0.03,9.53,-0.55,1.59,0.04,0.03,0.05,9.51,-0.7,1.54,-0.02,0.05,0.09,9.77,-1.25,1.67,0.04,0.03,0.01,9.76,-1.0,1.28,0.02,0.04,0.05,9.74,-1.24,1.59,0.11,0.02,0.01,9.8,-1.18,1.33,0.09,-0.04,0.01,9.78,-1.08,1.64,0.1,-0.05,-0.01,9.54,-0.97,1.79,0.23,-0.12,-0.06,9.4,-0.92,1.84,0.36,-0.13,-0.07,9.38,-0.55,1.4,0.44,-0.01,-0.09,9.39,-0.63,1.44
1.77,0.21,-1.19,7.18,17.96,3.39,4.18,1.07,-0.9,3.71,17.13,2.72,4.72,1.73,-0.2,4.27,7.18,2.36,4.27,3.07,-0.43,7.44,2.65,7.25,2.25,2.27,1.45,8.51,-1.14,10.41,1.55,1.67,1.51,9.15,-5.13,9.83,1.66,0.84,0.66,8.87,-3.52,6.09,1.18,1.25,0.41,7.26,-1.0,5.49,-0.03,0.64,0.73,8.94,-1.72,7.38,0.07,-0.11,0.49,9.22,0.74,5.13,-0.21,-0.19,0.68,9.41,1.47,2.77,-0.19,0.29,0.35,10.2,1.18,2.77,-0.39,0.02,0.01,8.74,2.27,3.99,-0.18,-0.39,-0.1,8.91,2.79,2.72,-0.15,0.19,-0.33,8.42,4.08,2.79,-0.79,0.19,-0.1,8.29,3.15,4.67,-0.04,0.15,-0.09,8.03,3.38,4.07,0.14,0.33,-0.04,8.84,3.52,4.24,0.26,0.45,-0.19,8.37,3.68,4.65,0.2,0.25,-0.21,8.59,3.64,4.24,-0.05,0.03,-0.47,8.61,3.5,3.64,0.33,0.54,-0.89,8.56,4.2,3.55,0.36,0.8,-1.02,7.79,3.86,4.21,0.58,0.83,-1.32,7.95,5.07,3.93,0.2,0.81,-1.68,6.86,6.26,3.48,-0.33,0.89,-1.48,6.82,6.65,3.87,-1.21,0.78,-1.34,6.16,5.35,5.77,-0.32,0.55,-1.11,4.91,5.71,5.09,-0.3,0.39,-0.28,4.99,5.34,5.58,0.01,0.37,-0.04,5.37,5.65,6.37
2.21,1.03,0.57,1.8,18.76,10.93,3.16,1.64,2.0,3.6,3.44,11.37,3.08,0.73,2.65,10.35,-6.92,8.91,3.24,1.68,2.61,11.95,-10.01,7.28,2.06,-0.02,1.5,9.96,-10.84,6.0,2.3,0.3,0.18,8.62,-7.61,3.03,0.65,0.44,0.72,8.01,-4.28,5.03,0.44,-0.55,1.24,7.95,-5.01,4.8,0.23,-1.1,0.85,9.33,-4.37,1.71,0.6,-0.35,-0.29,10.28,-2.36,0.95,0.27,0.1,-0.24,9.31,1.03,1.86,-0.05,-0.2,0.16,9.57,0.76,1.92,-0.04,0.04,0.1,9.76,0.46,1.96,-0.02,0.22,-0.15,9.29,0.45,2.69,-0.05,0.15,0.04,9.15,1.24,2.55,-0.21,0.17,0.08,9.31,0.48,3.01,-0.27,0.08,0.04,9.26,1.06,3.18,-0.26,0.05,0.1,9.55,0.89,3.31,-0.2,0.06,-0.04,9.35,1.4,3.51,-0.23,-0.03,0.05,9.24,1.74,3.37,-0.38,-0.1,0.05,9.67,1.33,3.56,-0.03,-0.05,-0.02,9.48,1.06,2.95,-0.06,-0.03,-0.04,9.26,1.13,3.04,-0.09,-0.1,0.05,9.38,0.61,2.93,-0.01,-0.0,-0.04,9.17,0.74,3.06,-0.05,-0.02,0.0,9.22,0.78,3.12,-0.03,-0.04,0.05,9.31,0.79,2.86,-0.04,-0.02,0.07,9.42,0.5,2.96,0.04,0.01,-0.03,9.33,0.72,2.98,-0.06,-0.06,-0.0,9.45,0.84,2.92
0.93,-1.1,-1.06,8.88,1.23,-0.49,0.57,-1.23,-0.95,9.44,1.67,-2.89,-0.46,-0.32,-1.2,10.38,1.95,-4.03,-0.71,0.03,-2.4,10.43,5.44,-3.45,-0.75,0.48,-4.93,4.9,17.33,-3.62,1.99,3.86,-5.01,-9.49,40.06,3.7,1.77,5.41,5.88,-14.5,22.19,33.46,3.51,-1.27,11.21,0.92,-28.68,26.65,3.73,-3.57,5.19,14.12,-38.38,3.82,3.53,-0.66,-2.36,9.73,-18.38,-5.77,1.74,0.37,-0.64,6.82,-6.93,0.5,0.74,-0.41,1.11,7.59,-8.36,1.99,0.3,-0.3,0.85,8.22,-7.97,1.55,0.27,-0.08,0.05,7.65,-3.62,0.35,-0.04,-0.12,0.29,8.19,-1.98,-0.62,0.04,0.06,0.1,8.94,-2.24,-1.31,0.0,0.34,-0.13,9.22,-1.68,0.09,-0.06,0.19,-0.13,9.42,-1.43,0.49,0.05,0.21,-0.04,9.32,-0.76,0.09,0.15,0.44,0.1,9.47,-1.43,1.12,0.23,0.13,0.09,9.87,-1.66,1.05,0.03,0.1,0.19,10.29,-2.1,0.28,0.09,0.28,-0.2,10.29,-1.59,1.31,-0.12,0.03,-0.07,10.2,-1.53,1.32,-0.07,-0.04,-0.09,9.92,-1.56,0.78,0.01,-0.0,-0.21,9.93,-0.98,0.5,-0.12,0.09,-0.05,9.68,-0.76,0.85,-0.32,0.08,0.18,9.45,-0.72,1.06,-0.27,0.06,0.31,9.46,-1.28,0.7,-0.3,0.23,0.46,9.87,-1.75,1.18
-0.35,0.03,-2.76,10.29,6.46,2.68,0.27,-0.38,-2.87,8.65,11.29,1.21,0.46,-0.14,-2.17,5.74,15.25,0.69,1.34,1.1,-2.14,0.97,24.64,4.69,2.75,2.05,0.02,-2.55,24.05,11.81,3.83,2.22,4.23,-2.42,9.71,19.76,4.03,-0.05,6.51,4.67,-13.27,19.64,3.45,-2.83,2.41,16.61,-27.97,-4.97,2.57,-0.83,-0.36,13.37,-17.11,-7.14,1.5,0.59,-0.49,7.83,-4.64,0.33,0.48,-0.46,0.77,7.3,-5.16,-0.79,0.19,0.09,0.59,7.39,-3.08,-0.07,0.13,0.21,0.37,7.49,-0.38,0.56,-0.05,0.1,0.5,8.44,0.04,-0.95,0.04,0.28,0.43,9.37,-0.43,-1.19,0.11,0.35,0.19,10.0,-0.89,-0.48,-0.04,0.18,0.13,10.33,-0.6,-0.41,-0.05,0.2,0.09,10.4,-0.26,-0.14,0.04,0.36,0.03,10.4,-0.22,0.5,-0.18,0.18,0.12,10.4,-0.26,1.18,-0.09,0.17,0.08,10.32,0.0,0.8,-0.03,0.12,0.08,10.39,-0.87,0.96,0.05,-0.13,-0.07,10.21,-0.35,-0.1,0.01,-0.01,-0.05,10.21,-0.39,-0.23,-0.02,-0.02,-0.13,9.87,-0.21,-0.05,-0.08,-0.03,-0.08,9.82,-0.28,0.05,-0.01,-0.05,-0.11,9.44,0.18,0.27,-0.0,-0.0,-0.0,9.56,0.05,0.15,-0.01,-0.06,-0.02,9.58,-0.31,0.47,0.02,-0.07,-0.01,9.71,-0.08,0.06
3.11,0.16,2.14,4.66,1.86,5.48,2.37,-0.3,2.94,9.88,-10.45,3.98,2.21,-0.66,1.68,13.12,-14.26,0.73,1.62,-0.34,-0.27,12.7,-11.07,-0.55,1.15,-0.11,-0.97,10.68,-6.76,-0.28,0.85,0.01,-1.24,8.7,-0.77,-0.26,0.37,-0.03,-0.61,9.75,2.85,-1.24,-0.12,0.33,0.71,10.75,-0.35,0.42,0.04,0.4,0.36,10.6,-0.75,1.69,0.11,0.07,0.14,9.43,-0.18,1.74,0.07,-0.14,0.14,9.38,-0.19,0.66,0.03,-0.01,0.01,9.65,0.0,0.14,0.13,0.0,-0.12,9.58,0.93,0.33,0.17,-0.02,0.09,9.64,0.81,0.04,0.04,0.11,0.28,9.96,-0.06,0.28,0.08,0.29,0.11,10.04,-0.02,0.98,0.07,0.17,0.13,10.04,-0.04,1.4,-0.05,0.01,0.07,9.95,0.36,1.21,0.12,0.02,0.1,9.68,0.69,0.88,0.07,0.03,0.31,9.63,0.31,0.83,-0.1,0.03,0.26,9.92,-0.52,1.08,0.16,-0.03,-0.06,9.8,0.09,0.68,0.1,0.05,0.05,9.62,0.21,0.77,-0.13,0.03,0.13,9.88,-0.27,1.24,0.09,-0.02,-0.04,9.92,-0.09,0.85,0.03,0.03,0.03,9.73,0.0,1.04,-0.01,-0.0,0.04,9.81,-0.02,0.98,0.05,0.01,0.02,9.8,0.03,0.98,0.01,-0.02,0.03,9.75,-0.06,0.84,0.01,0.02,0.01,9.67,-0.18,0.82
1.68,0.1,-1.63,5.65,19.45,2.75,3.54,0.63,-0.46,2.16,13.52,5.84,3.51,1.01,2.63,5.91,-0.46,6.95,2.76,0.5,2.94,11.29,-14.3,6.69,3.3,-0.34,0.37,11.33,-12.49,1.87,1.76,0.02,0.52,10.55,-9.66,0.63,1.05,0.2,0.38,12.17,-6.77,-0.41,0.28,0.18,0.19,11.94,-4.55,-0.18,0.07,0.44,0.17,11.06,-2.4,0.73,0.2,0.09,-0.14,9.41,-0.07,1.68,-0.2,-0.15,0.22,9.12,0.27,0.5,-0.19,0.09,0.27,9.71,0.02,0.37,-0.13,-0.04,0.23,10.39,-1.25,0.71,0.04,-0.03,-0.16,10.17,-0.5,0.37,-0.05,0.15,-0.07,9.99,-0.26,0.6,-0.16,-0.06,-0.07,9.75,-0.32,0.92,-0.12,-0.12,-0.14,9.85,-0.03,0.39,0.0,-0.02,-0.21,9.76,0.39,0.3,-0.02,0.0,-0.09,9.47,0.7,0.53,-0.01,-0.11,-0.03,9.64,0.36,0.5,0.2,-0.07,-0.14,9.53,0.37,-0.08,0.04,0.16,-0.06,9.66,0.03,0.44,0.08,0.05,-0.05,9.89,-0.14,0.94,-0.02,-0.08,0.03,10.05,-0.14,0.44,-0.01,0.03,0.05,9.92,-0.29,0.39,0.04,0.01,-0.02,9.97,-0.22,0.73,-0.04,-0.05,0.04,9.78,0.0,0.33,-0.08,-0.0,0.04,9.81,0.05,0.46,0.04,-0.03,-0.06,9.8,0.0,0.64,0.05,-0.1,-0.04,9.8,0.16,0.45
0.05,0.74,-3.41,4.34,20.82,2.98,2.6,1.61,-1.54,-0.24,21.0,7.22,2.31,1.61,4.93,3.12,5.0,9.97,3.07,0.96,4.94,10.37,-14.24,8.0,2.89,-0.38,2.16,14.33,-19.95,2.43,2.12,-0.68,0.59,11.98,-13.36,0.21,1.11,-0.54,0.27,9.35,-8.85,0.05,0.66,-0.49,-0.1,8.6,-6.41,-0.1,0.31,-0.24,-0.29,8.35,-1.65,0.14,0.23,-0.01,-0.17,8.94,-0.85,0.88,0.15,-0.16,-0.09,9.29,-0.2,0.75,0.27,-0.26,-0.15,9.3,0.21,-0.24,0.24,-0.01,-0.15,9.3,0.26,0.31,0.4,0.03,-0.15,9.32,-0.17,0.87,0.28,-0.07,0.05,9.42,-0.93,0.47,0.35,0.14,0.02,9.55,-1.25,0.91,0.27,0.13,0.02,9.82,-1.59,1.11,0.21,-0.05,-0.03,9.96,-1.05,0.27,0.12,-0.01,0.03,10.01,-0.96,-0.02,0.16,0.11,-0.04,10.09,-0.68,0.43,0.07,-0.07,0.02,9.74,0.04,0.28,-0.02,0.02,0.13,9.81,0.09,0.28,-0.09,0.09,0.2,9.64,0.17,1.0,-0.04,0.01,0.32,9.61,-0.65,0.78,0.24,0.17,0.15,9.78,-0.78,0.72,0.2,0.18,0.12,9.87,-1.11,1.07,0.12,0.04,0.13,9.91,-1.44,0.97,0.14,0.0,-0.06,10.01,-1.26,0.5,0.15,0.07,-0.08,9.99,-1.26,0.93,0.08,0.03,-0.09,9.87,-0.92,0.89
-1.28,1.03,-3.14,7.55,11.06,-1.03,0.42,2.86,-1.5,0.63,29.63,6.37,2.24,1.3,4.85,-1.15,17.97,14.08,4.9,0.02,5.33,0.76,0.32,11.3,3.47,0.14,5.13,9.98,-20.66,7.53,2.59,-0.88,1.7,13.53,-22.95,5.26,1.5,-1.4,0.03,11.82,-16.14,0.98,0.71,-0.82,-0.36,9.79,-9.82,0.73,0.29,-0.49,-0.67,8.6,-5.63,1.63,0.1,-0.5,-0.66,8.06,-1.29,1.08,-0.03,-0.23,-0.39,8.51,0.4,0.94,-0.2,-0.13,0.01,9.14,-0.33,1.21,-0.13,-0.23,0.03,9.08,-0.33,0.84,-0.06,-0.07,0.05,9.6,-0.65,0.51,-0.08,0.14,-0.11,9.63,-1.05,1.62,0.1,0.06,-0.34,9.54,-0.35,1.5,0.03,0.09,-0.26,9.54,-0.32,1.55,0.12,0.1,-0.1,9.87,-1.11,1.54,0.1,0.03,-0.26,10.05,-0.78,0.81,0.0,0.07,-0.26,9.94,0.0,0.87,-0.09,0.09,-0.16,9.81,0.35,1.16,-0.1,0.05,-0.1,9.72,0.46,1.52,-0.12,-0.01,-0.02,9.69,0.34,1.42,-0.02,0.08,-0.02,9.79,0.37,1.3,-0.07,0.03,-0.01,9.76,0.0,1.99,-0.01,-0.14,-0.04,9.64,0.22,1.31,-0.0,0.04,0.05,9.69,-0.18,0.98,0.06,0.05,0.01,9.52,-0.1,1.39,0.06,-0.04,0.1,9.52,-0.43,1.12,-0.01,0.14,0.12,9.2,-0.55,1.34
0.81,0.73,-1.71,3.4,20.72,3.64,0.0,0.0,0.0,0.0,0.0,0.0,0.0,0.0,0.0,0.0,0.0,0.0,0.0,0.0,0.0,0.0,0.0,0.0,0.0,0.0,0.0,0.0,0.0,0.0,0.0,0.0,0.0,0.0,0.0,0.0,0.0,0.0,0.0,0.0,0.0,0.0,0.0,0.0,0.0,0.0,0.0,0.0,0.0,0.0,0.0,0.0,0.0,0.0,0.0,0.0,0.0,0.0,0.0,0.0,0.0,0.0,0.0,0.0,0.0,0.0,0.0,0.0,0.0,0.0,0.0,0.0,0.0,0.0,0.0,0.0,0.0,0.0,0.0,0.0,0.0,0.0,0.0,0.0,0.0,0.0,0.0,0.0,0.0,0.0,0.32,0.1,0.08,8.6,-1.19,0.18,0.18,-0.0,0.03,9.34,-0.29,-0.17,0.14,0.15,0.03,9.73,-0.34,-0.21,0.0,0.0,0.0,0.0,0.0,0.0,0.0,0.0,0.0,0.0,0.0,0.0,0.0,0.0,0.0,0.0,0.0,0.0,0.23,0.16,0.22,9.68,-0.02,0.31,0.0,0.0,0.0,0.0,0.0,0.0,0.0,0.0,0.0,0.0,0.0,0.0,0.0,0.0,0.0,0.0,0.0,0.0,0.0,0.0,0.0,0.0,0.0,0.0,0.0,0.0,0.0,0.0,0.0,0.0,0.0,0.0,0.0,0.0,0.0,0.0,0.0,0.0,0.0,0.0,0.0,0.0,0.0,0.0,0.0,0.0,0.0,0.0
0.86,0.89,-1.56,3.54,21.85,4.23,3.58,1.41,1.32,-1.49,26.28,8.66,5.43,1.13,6.81,-5.96,7.09,14.45,3.8,0.72,6.32,5.12,-19.59,11.64,4.61,-0.92,2.33,10.52,-20.8,6.56,2.22,0.09,1.72,13.09,-19.16,1.78,1.78,0.15,-0.05,13.28,-15.78,1.94,0.67,0.38,-0.66,10.51,-6.47,1.51,0.37,0.21,-0.36,9.74,-3.04,2.39,0.47,-0.03,-0.2,9.94,-1.3,1.29,0.27,-0.19,0.13,9.28,-0.77,1.15,0.16,-0.19,0.2,8.88,-1.13,0.88,0.21,-0.01,0.15,9.0,-1.19,0.78,0.24,0.23,0.09,9.31,-1.23,1.96,0.18,0.1,0.29,9.6,-1.16,2.23,0.09,0.02,0.35,10.06,-1.93,1.8,0.13,0.03,0.25,10.11,-2.16,1.41,0.2,0.02,0.13,9.95,-1.94,1.34,0.18,-0.03,0.11,9.68,-1.39,1.31,0.03,0.05,0.28,9.6,-2.23,1.63,0.14,0.05,0.09,9.4,-1.87,1.67,0.05,-0.01,0.12,9.36,-1.79,1.63,0.06,0.02,0.18,9.54,-1.95,1.63,0.06,0.03,0.08,9.6,-2.19,1.7,0.09,0.02,0.02,9.52,-1.77,1.57,-0.03,0.03,0.11,9.55,-1.92,1.79,0.02,0.04,0.08,9.37,-1.7,1.76,-0.09,0.04,0.2,9.25,-1.72,1.7,-0.22,0.02,0.33,9.65,-2.78,1.98,0.01,-0.03,-0.02,9.62,-2.26,1.69
0.67,1.11,-2.24,5.33,20.29,5.26,4.05,2.33,0.96,-0.71,31.73,12.59,1.83,-0.23,8.35,-3.47,2.31,19.13,5.94,-1.89,4.11,0.77,-13.12,4.12,3.93,-0.24,3.51,12.09,-25.87,-0.93,2.82,0.27,0.82,11.44,-22.01,1.66,1.22,-0.29,0.04,10.2,-15.48,0.41,0.45,0.28,-0.89,10.01,-7.64,0.16,0.27,0.48,-1.14,10.06,-2.12,1.75,0.05,0.27,-0.88,10.13,1.59,1.88,-0.01,0.09,-0.24,10.06,1.63,1.34,0.23,-0.03,-0.08,9.47,0.57,1.19,-0.03,-0.33,0.05,8.98,-1.08,0.84,-0.06,-0.27,0.06,8.95,-0.98,0.46,-0.08,0.18,0.11,9.4,-1.31,1.32,0.03,0.22,0.06,9.89,-1.18,2.2,-0.08,-0.1,0.04,10.45,-0.95,1.96,-0.0,-0.1,0.03,10.4,-0.66,1.15,-0.06,-0.07,-0.05,9.9,-0.99,1.41,-0.07,-0.22,-0.07,9.36,-0.46,1.05,-0.05,-0.14,0.08,9.17,-0.17,0.73,-0.07,0.09,0.13,9.31,-1.0,1.05,0.05,0.07,0.08,9.42,-0.57,1.01,-0.04,0.1,0.13,9.66,-0.3,1.13,0.04,0.16,0.22,9.57,-0.7,1.49,0.23,0.13,0.15,9.42,-0.63,1.6,0.19,0.08,0.19,9.31,-0.34,1.7,0.15,0.01,0.36,9.43,-0.75,1.39,0.21,0.08,0.38,9.81,-1.67,1.39,0.21,0.09,0.3,9.78,-2.06,1.39
1.32,0.97,-2.87,2.83,20.28,4.65,6.75,1.35,-0.18,-2.88,15.5,6.65,3.25,1.85,3.34,4.92,-2.03,8.38,0.89,-0.03,4.01,14.32,-17.45,11.19,2.94,-0.17,0.21,12.47,-10.74,4.69,0.96,0.16,1.32,11.74,-10.31,5.69,0.52,-0.38,0.42,11.96,-9.45,3.92,0.44,-0.24,-0.33,11.16,-4.34,1.13,0.29,0.33,-0.31,9.5,-0.14,2.2,-0.04,0.01,-0.08,9.28,-0.22,2.16,-0.01,-0.02,-0.19,8.91,1.28,0.44,-0.11,0.24,0.06,9.37,1.01,0.76,-0.2,0.13,0.08,10.25,0.31,1.6,-0.34,-0.11,0.05,10.39,0.48,1.5,-0.26,0.03,0.04,10.31,0.26,1.85,-0.09,-0.02,-0.2,10.02,0.61,3.01,-0.16,-0.27,-0.14,9.87,1.48,2.56,-0.35,-0.32,0.12,9.97,0.69,2.11,-0.03,-0.25,-0.17,9.79,0.66,1.74,-0.02,-0.2,-0.23,9.65,1.0,1.62,-0.05,-0.22,-0.1,9.19,0.92,1.68,0.01,-0.24,-0.14,9.05,1.12,1.17,-0.08,-0.06,-0.04,9.21,1.11,0.97,-0.05,-0.0,-0.0,9.42,0.93,1.07,-0.06,0.0,-0.03,9.76,0.55,1.46,-0.02,0.01,-0.04,9.64,0.99,1.44,-0.09,0.04,0.07,9.74,0.52,1.86,-0.01,-0.05,-0.04,9.67,0.7,1.73,-0.03,-0.03,-0.04,9.62,1.08,1.34,-0.08,0.05,0.02,9.6,0.95,1.56
-0.56,0.47,-2.6,6.39,12.9,2.2,0.5,0.84,-2.29,3.76,21.4,4.85,2.45,1.0,2.89,4.96,6.06,7.84,3.34,0.49,3.2,7.76,-5.24,6.11,3.08,0.38,1.74,10.61,-9.1,1.49,2.04,0.22,1.81,11.41,-11.25,0.67,1.4,0.1,0.99,11.32,-9.49,0.87,1.08,-0.12,-0.2,10.22,-4.44,-0.25,0.45,0.04,0.12,10.3,-2.77,0.09,0.28,0.02,-0.11,9.94,-1.24,0.25,0.36,-0.06,-0.27,9.25,0.71,-0.24,-0.02,-0.01,0.27,9.54,-0.22,-0.2,-0.06,0.11,0.12,10.12,-0.81,0.19,0.2,0.12,-0.27,10.09,0.03,0.47,0.0,0.14,-0.05,9.95,0.13,0.91,-0.09,0.12,0.1,10.03,-0.35,1.19,0.03,-0.01,-0.05,9.99,-0.04,0.86,-0.02,-0.07,-0.07,9.86,0.52,0.61,0.01,0.02,0.07,9.83,0.23,0.34,-0.07,-0.01,-0.05,9.79,0.23,0.93,-0.01,-0.08,-0.08,9.53,0.66,0.5,-0.02,0.07,0.2,9.65,0.12,0.39,0.04,0.12,0.17,9.95,-0.3,0.71,0.15,0.07,-0.01,9.73,0.09,0.55,-0.05,0.07,0.11,9.89,-0.4,0.56,-0.07,0.09,0.08,9.99,-0.69,0.72,0.01,0.02,-0.08,9.58,0.03,0.54,-0.15,0.11,0.14,9.62,0.28,0.57,-0.1,0.19,0.07,9.93,-0.25,1.19,0.12,0.09,-0.07,9.93,0.45,1.41
2.96,0.09,1.49,7.0,7.41,3.6,3.19,0.58,2.64,5.55,1.88,5.06,2.39,0.28,3.88,9.59,-11.5,3.72,2.55,-0.35,1.64,10.75,-12.81,1.11,2.2,-0.47,0.16,9.71,-8.72,-0.74,1.11,-0.15,0.17,9.97,-7.33,-1.27,0.76,0.11,-0.12,10.32,-5.11,-0.99,0.44,0.2,-0.27,10.5,-3.79,-0.86,-0.01,0.25,-0.28,10.33,-2.52,0.0,0.02,0.07,-0.43,9.87,-1.4,0.57,0.0,-0.16,-0.31,9.31,-0.17,-0.21,-0.32,-0.02,0.02,9.67,-0.61,0.05,0.0,0.07,-0.04,9.91,-0.8,0.07,0.01,0.07,-0.16,10.01,-0.41,0.17,-0.04,0.05,0.03,9.81,-0.8,0.16,-0.09,0.01,-0.1,10.03,-0.77,0.17,0.0,-0.01,-0.16,9.84,-0.43,-0.05,-0.16,0.01,-0.02,9.66,-0.12,0.11,-0.13,0.06,-0.02,9.64,-0.55,0.13,0.03,0.03,-0.12,9.68,-0.12,0.0,0.01,0.05,0.03,9.66,-0.01,-0.14,-0.0,0.22,0.09,9.86,-0.89,0.4,0.01,-0.01,-0.04,9.98,-0.44,0.65,0.1,-0.09,-0.0,9.86,-0.22,0.24,0.04,-0.02,0.15,9.89,-0.99,0.49,0.06,-0.2,-0.01,9.96,-0.61,0.51,0.06,-0.33,-0.05,9.92,-0.61,0.08,0.01,-0.03,0.0,9.8,-0.69,-0.14,0.13,0.01,-0.15,9.85,-0.76,0.35,0.14,-0.16,-0.2,9.77,-0.19,-0.02
2.63,0.76,2.13,0.71,15.54,8.88,3.91,-0.25,5.26,1.88,-2.95,6.13,3.33,0.09,3.04,9.98,-15.54,2.47,3.06,0.32,1.08,10.73,-13.16,2.88,0.0,0.0,0.0,0.0,0.0,0.0,0.0,0.0,0.0,0.0,0.0,0.0,0.0,0.0,0.0,0.0,0.0,0.0,0.0,0.0,0.0,0.0,0.0,0.0,0.0,0.0,0.0,0.0,0.0,0.0,0.0,0.0,0.0,0.0,0.0,0.0,0.0,0.0,0.0,0.0,0.0,0.0,0.0,0.0,0.0,0.0,0.0,0.0,0.0,0.0,0.0,0.0,0.0,0.0,0.0,0.0,0.0,0.0,0.0,0.0,0.0,0.0,0.0,0.0,0.0,0.0,0.0,0.0,0.0,0.0,0.0,0.0,0.0,0.0,0.0,0.0,0.0,0.0,0.04,0.09,0.09,9.69,-0.09,0.16,0.06,0.07,0.03,10.09,-0.19,0.77,-0.03,0.04,0.06,10.34,-0.45,0.89,0.08,-0.02,0.03,10.06,-0.75,0.89,0.03,-0.14,-0.15,9.69,0.01,0.48,-0.12,-0.09,-0.03,9.66,0.02,0.51,0.01,-0.05,-0.02,9.53,0.03,0.31,0.01,-0.03,-0.03,9.58,0.35,0.14,0.02,0.05,0.07,9.66,0.03,0.43,0.09,-0.0,0.11,9.65,0.21,0.12,0.0,0.09,0.29,9.86,-0.39,0.64,0.11,0.04,0.2,9.87,-0.59,0.64,-0.02,0.08,0.2,9.87,-0.81,0.49
2.53,1.21,1.57,3.78,15.62,6.67,3.57,0.96,2.96,2.57,7.13,7.95,3.92,1.17,3.69,4.89,-2.78,6.34,1.66,0.63,3.73,11.34,-17.39,6.85,2.76,-0.07,-0.01,10.8,-13.48,3.97,1.57,-0.1,0.31,10.43,-9.56,2.25,0.33,-0.22,0.49,11.36,-8.55,2.49,1.01,-0.23,-1.19,10.3,-3.66,1.48,0.38,-0.39,-0.88,9.99,-0.64,1.05,0.15,-0.46,-0.25,9.27,-0.39,0.94,-0.07,-0.58,-0.1,8.87,-0.37,0.07,-0.06,-0.35,-0.05,9.06,-0.46,-0.3,0.04,-0.0,-0.12,9.48,-0.58,0.33,-0.03,-0.06,-0.18,9.69,-0.01,0.71,-0.01,0.03,-0.09,9.93,0.24,0.96,0.03,0.04,0.05,9.96,0.07,0.51,-0.04,0.09,0.05,10.09,-0.71,1.25,0.07,-0.04,-0.18,9.69,0.27,0.72,0.04,0.08,0.03,9.54,0.29,1.15,0.13,0.05,0.32,9.6,0.21,1.32,0.06,0.01,0.49,9.74,-0.53,1.16,-0.18,0.06,0.38,9.93,-0.8,1.26,-0.11,-0.02,0.18,9.94,-0.78,1.25,0.02,-0.01,-0.01,9.76,-0.65,1.23,-0.02,-0.04,-0.01,9.68,-0.62,1.27,-0.01,-0.09,0.03,9.73,-0.8,1.18,0.01,-0.12,0.02,9.77,-0.69,1.03,-0.04,-0.07,0.06,9.93,-0.86,0.93,-0.01,-0.09,-0.04,9.84,-1.06,1.21,0.1,-0.06,-0.15,9.8,-0.68,0.88
1.77,1.61,2.13,1.51,20.03,3.65,3.84,1.89,3.54,-0.95,13.34,7.78,5.07,2.02,3.2,1.82,-1.93,10.21,2.38,1.39,3.3,9.86,-13.01,11.46,2.62,-0.09,1.79,10.15,-12.45,7.11,1.55,-0.33,1.41,10.45,-11.74,4.38,1.01,-0.31,0.94,11.07,-10.84,3.18,0.63,-0.07,-0.02,12.3,-7.19,0.77,0.13,0.15,-0.14,10.73,-3.02,1.35,0.01,-0.01,-0.28,9.68,-1.2,1.83,-0.04,-0.14,-0.15,8.77,-0.01,1.51,-0.17,0.03,-0.01,9.03,0.03,1.63,-0.02,0.19,-0.02,9.48,-0.3,2.12,0.04,0.09,-0.02,9.75,0.36,2.46,-0.01,0.02,0.19,9.91,-0.41,2.5,0.13,0.03,0.12,9.72,-0.59,1.97,0.08,-0.0,0.12,9.73,-0.9,1.82,0.01,0.03,0.17,9.59,-0.81,1.66,0.01,0.08,0.19,9.32,-1.06,1.74,0.06,0.17,0.11,9.35,-1.05,1.75,-0.02,0.21,0.14,9.53,-0.97,2.07,0.03,0.2,0.14,9.66,-1.1,2.63,-0.03,0.06,0.12,9.7,-1.05,2.61,-0.23,-0.09,0.2,9.63,-0.86,2.61,-0.27,-0.23,0.33,9.46,-1.05,2.14,-0.29,-0.17,0.36,9.54,-1.5,1.99,0.1,-0.06,0.01,9.51,-1.48,1.96,0.1,0.03,0.01,9.41,-1.0,1.87,-0.11,0.02,0.12,9.54,-1.43,2.21,0.08,0.05,-0.0,9.54,-1.25,2.14
4.35,0.02,-1.58,0.88,31.52,2.43,5.8,0.74,3.23,-5.57,21.46,2.7,3.75,2.08,5.35,-3.04,0.35,10.96,3.53,2.33,5.27,8.5,-19.76,11.04,3.17,0.19,1.28,12.17,-17.42,6.64,1.97,0.05,1.05,9.13,-11.86,3.43,0.41,0.32,1.66,10.4,-15.24,3.68,1.1,0.4,-0.6,11.02,-8.73,2.33,0.2,0.18,-0.54,10.16,-1.45,2.02,0.22,0.13,-0.16,9.66,-0.6,1.75,0.41,-0.01,-0.08,9.48,-0.88,1.65,0.24,-0.13,0.08,9.13,-0.58,1.55,0.07,-0.04,0.33,9.37,-1.98,1.81,0.29,0.12,0.02,9.19,-1.39,1.83,0.19,0.16,0.14,9.44,-1.1,2.08,0.01,0.06,0.29,9.94,-1.6,1.99,0.03,0.01,0.24,9.86,-1.69,1.86,0.11,-0.02,0.17,9.52,-1.83,1.82,0.08,-0.0,0.15,9.42,-1.78,1.73,0.02,0.05,0.14,9.32,-1.78,1.86,0.09,0.08,0.08,9.48,-1.8,2.19,-0.01,-0.01,0.12,9.53,-1.85,2.17,-0.02,0.01,0.11,9.47,-1.91,2.12,0.03,0.03,0.06,9.46,-2.01,2.17,0.0,0.01,0.03,9.37,-1.74,1.9,0.02,0.07,0.04,9.41,-2.08,2.01,0.01,0.03,0.0,9.43,-1.87,2.05,0.02,0.03,0.02,9.35,-1.83,1.95,-0.05,0.07,0.03,9.46,-1.88,2.27,0.03,0.01,-0.05,9.44,-1.83,2.4
3.34,0.6,-1.09,5.8,27.97,3.0,0.0,0.0,0.0,0.0,0.0,0.0,6.27,1.03,8.41,-4.12,12.49,6.05,4.74,1.29,6.61,1.11,-27.85,15.06,2.46,-1.94,-0.37,10.87,-30.86,9.01,1.59,-2.34,-3.13,7.64,-14.05,-1.01,-0.22,-0.1,-2.21,7.35,-5.45,3.56,0.27,-0.63,-1.65,7.6,-0.83,2.82,0.19,-0.3,-0.52,7.6,1.54,-1.35,-0.35,0.52,0.64,10.31,-2.48,0.76,0.41,0.11,0.06,10.62,-3.24,0.62,0.25,-0.14,-0.05,9.55,-2.62,-0.06,-0.21,0.23,0.13,9.16,-2.83,0.7,-0.18,0.12,0.06,9.44,-2.69,1.23,0.01,0.07,-0.09,9.75,-2.03,0.47,-0.05,0.37,-0.17,9.98,-1.64,0.9,-0.2,0.23,-0.14,10.32,-1.69,1.55,-0.15,-0.1,-0.2,10.17,-1.73,0.92,-0.26,-0.06,-0.15,9.86,-2.18,0.61,-0.37,0.16,-0.33,9.55,-2.16,1.04,-0.22,0.03,-0.43,9.34,-1.46,1.05,-0.42,0.09,-0.27,9.48,-1.11,0.28,-0.36,0.28,-0.25,9.71,-1.23,0.96,-0.22,0.13,-0.29,9.61,-0.51,1.46,-0.17,-0.07,-0.17,9.49,-0.24,0.84,-0.14,0.09,-0.04,9.58,-0.43,0.91,-0.12,0.05,-0.1,9.74,-0.52,1.33,-0.03,-0.05,-0.01,9.66,-0.57,0.83,-0.13,0.04,0.14,9.77,-1.29,0.82,-0.01,0.09,0.02,9.58,-1.19,0.89
-0.96,0.32,-2.17,9.41,1.37,0.22,-1.05,0.38,-2.19,9.16,3.86,1.17,-0.71,0.19,-1.78,9.02,5.18,1.18,-0.56,-0.03,-1.22,8.68,7.81,1.43,-0.24,-0.02,-1.04,6.96,12.4,2.01,0.78,0.37,-1.21,2.5,23.06,4.32,3.69,1.15,0.93,-6.92,28.49,8.56,5.1,1.64,4.1,-7.82,7.93,9.09,3.77,1.37,6.11,15.17,-26.59,6.51,3.37,0.03,1.41,18.6,-18.4,0.43,2.26,0.72,0.89,15.49,-13.53,2.08,0.69,0.04,0.42,13.02,-10.42,2.59,0.6,-0.33,-0.79,9.43,-1.88,-0.28,-0.18,0.21,-0.1,8.09,0.81,0.22,-0.09,0.34,-0.15,8.75,2.18,0.69,-0.15,0.14,0.08,9.17,1.69,0.28,-0.4,0.1,0.45,9.88,-0.25,0.1,-0.38,0.15,0.15,10.3,-0.58,0.3,-0.38,0.25,0.0,10.07,-0.13,1.25,-0.35,0.18,-0.04,10.03,0.29,1.56,-0.26,0.03,-0.15,9.91,0.5,1.14,-0.39,-0.11,-0.11,9.83,0.79,0.87,-0.58,-0.17,0.05,10.06,0.47,0.88,-0.19,0.04,-0.18,10.09,0.47,1.4,0.02,0.12,-0.29,9.84,1.12,1.91,-0.19,-0.12,-0.05,9.8,0.83,1.68,-0.15,-0.18,-0.0,9.8,0.51,1.07,-0.01,-0.08,-0.07,9.65,0.62,0.75,-0.03,-0.01,-0.04,9.63,0.64,0.73,-0.14,-0.1,0.03,9.69,0.45,0.74
0.12,1.16,-2.71,4.37,20.43,2.73,2.49,1.93,0.26,0.94,34.05,8.03,2.72,0.89,6.06,-6.38,12.73,13.69,3.83,0.35,5.45,-3.76,-7.06,8.31,3.14,0.06,3.33,10.92,-23.25,3.18,3.01,0.49,2.01,11.03,-18.91,4.36,1.47,-0.23,0.55,13.57,-18.05,3.55,1.09,-0.27,-0.68,11.07,-8.68,1.25,-0.01,-0.21,-0.07,9.42,-2.67,2.18,0.06,-0.29,-0.19,9.63,-2.02,2.51,0.15,-0.34,-0.23,8.28,0.76,1.32,-0.18,-0.25,0.45,9.0,-1.1,0.71,-0.05,-0.1,0.19,10.28,-2.45,0.29,0.18,0.15,-0.19,9.25,-1.13,1.78,0.09,0.14,-0.1,9.09,-1.2,2.45,0.14,0.11,-0.03,9.54,-1.2,2.31,0.17,0.12,0.05,10.05,-1.86,2.18,0.25,0.11,-0.17,9.85,-0.55,1.81,0.18,0.08,-0.05,9.57,-0.55,2.13,0.19,-0.04,0.03,9.44,-0.75,2.2,0.07,-0.13,0.19,9.33,-0.67,1.83,-0.27,-0.15,0.57,9.37,-0.83,2.2,-0.42,-0.33,0.85,9.52,-1.76,1.62,-0.32,-0.28,0.55,9.57,-2.04,1.51,0.15,0.05,0.17,9.58,-2.1,1.41,0.17,0.02,0.12,9.42,-2.03,1.64,-0.03,-0.11,0.14,9.41,-2.06,1.86,0.06,-0.12,0.03,9.6,-2.24,1.68,0.14,0.01,-0.01,9.42,-2.06,1.73,0.1,0.02,-0.02,9.57,-2.03,1.78
2.83,0.64,4.65,-1.62,14.21,11.25,3.53,0.23,4.54,3.84,-13.34,7.07,2.59,-0.17,1.03,13.02,-17.41,1.24,1.28,-0.52,0.29,11.0,-14.65,0.61,0.4,-0.34,-0.14,9.98,-8.07,0.83,0.18,-0.32,-0.66,8.46,-1.74,0.27,-0.12,-0.03,-0.02,8.59,1.51,0.53,0.12,0.07,0.24,10.47,-1.6,1.0,0.19,-0.12,-0.15,9.2,0.47,0.02,-0.1,0.09,0.29,9.39,-0.62,-0.02,-0.06,0.24,0.1,10.13,-1.38,1.29,0.0,0.08,-0.13,9.93,-0.59,1.71,-0.04,0.1,-0.0,9.64,-0.01,1.51,-0.07,0.08,0.03,10.03,-0.3,1.45,-0.03,-0.1,-0.06,10.0,-0.09,1.0,0.0,0.02,-0.04,9.78,-0.03,0.73,0.08,0.02,-0.05,9.68,0.16,0.86,0.01,-0.04,-0.07,9.61,0.19,0.86,0.02,0.08,-0.02,9.46,0.47,1.09,0.1,0.02,0.02,9.99,0.28,1.94,-0.04,-0.23,0.07,10.06,0.01,1.81,-0.07,-0.13,0.09,10.01,-0.28,1.07,0.09,0.06,-0.02,10.13,-1.0,1.71,0.05,-0.21,-0.17,9.79,-0.3,1.36,-0.03,-0.07,0.0,9.34,0.42,0.57,0.02,0.04,0.07,9.58,-0.05,1.03,0.05,-0.04,0.01,9.88,-0.09,0.55,0.08,0.09,0.03,9.59,0.03,0.8,0.08,0.08,0.0,9.81,-0.06,1.59,-0.01,-0.13,0.08,9.83,0.04,1.19
0.37,0.31,-3.79,4.9,19.7,2.29,3.55,1.98,-1.55,-1.55,40.06,3.78,2.59,1.04,5.78,-7.96,15.4,14.19,3.59,0.33,6.17,-1.7,-12.04,8.17,3.23,0.4,2.33,15.24,-24.02,4.33,2.45,0.21,1.27,10.62,-15.4,3.58,1.0,0.01,0.88,11.97,-13.76,2.12,0.93,0.34,-0.54,10.74,-5.65,2.31,0.56,0.34,-0.15,9.04,-0.39,1.42,0.18,0.19,0.38,10.23,-0.77,1.7,0.13,0.01,0.15,10.37,-0.71,1.69,0.02,-0.05,0.13,9.69,-0.14,1.28,-0.09,-0.0,0.12,9.69,-0.45,1.7,0.14,0.15,0.11,9.4,-0.19,2.13,0.11,0.18,0.18,9.37,-0.19,2.31,0.04,0.19,0.26,9.79,0.06,2.57,0.3,0.08,0.23,9.54,0.58,1.9,0.31,0.14,0.37,9.54,0.31,1.92,0.24,-0.02,0.44,9.69,-0.41,1.92,0.22,-0.04,0.44,9.65,-0.73,1.61,0.26,0.07,0.44,9.73,-1.86,1.99,0.11,-0.03,0.3,9.66,-1.71,2.0,0.09,-0.06,0.25,9.54,-1.35,1.65,0.05,0.08,0.32,9.71,-1.77,2.03,0.08,0.03,0.17,9.81,-1.79,2.16,0.07,-0.03,0.07,9.82,-1.42,1.99,0.01,0.01,0.1,9.57,-1.6,2.11,-0.02,-0.01,0.04,9.44,-1.22,2.07,0.0,-0.02,0.07,9.47,-1.31,1.97,0.06,-0.02,0.01,9.39,-1.11,1.94
1.81,0.86,1.62,4.75,20.12,8.18,3.65,0.45,2.55,1.89,15.57,11.47,5.39,0.46,2.78,1.27,-5.7,7.35,2.15,0.43,3.78,8.17,-18.11,6.39,2.56,0.08,1.08,9.78,-15.24,4.42,0.81,-0.38,1.21,10.65,-13.16,1.46,0.67,0.05,0.53,10.47,-10.62,2.43,0.63,-0.26,-0.06,10.26,-6.2,1.66,-0.14,-0.03,-0.22,9.64,-2.77,2.5,0.05,0.11,-0.16,9.23,-0.81,2.2,-0.36,-0.16,0.04,9.98,-0.68,1.56,-0.1,-0.13,0.13,9.76,-0.71,1.24,0.11,0.04,0.14,9.66,-1.71,2.14,0.04,-0.06,-0.07,9.67,-1.23,2.31,0.05,-0.22,-0.07,9.33,-0.25,1.35,0.08,0.0,0.0,10.03,-0.51,1.32,0.27,0.16,-0.13,9.59,0.33,2.6,0.34,0.02,0.19,9.4,-0.37,2.43,0.08,-0.06,0.42,9.6,-1.52,2.34,0.22,-0.13,0.15,9.85,-1.98,1.75,0.27,-0.04,0.04,9.86,-1.64,1.41,0.02,0.03,0.12,9.97,-1.86,2.16,0.24,-0.09,-0.15,9.76,-1.15,1.83,0.23,-0.04,-0.05,9.3,-0.34,1.45,0.18,0.08,0.09,9.5,-0.83,1.8,0.21,-0.06,0.03,9.63,-0.66,1.72,0.24,-0.02,0.12,9.68,-1.05,1.46,0.08,0.03,0.1,9.69,-1.45,1.92,0.12,-0.03,0.04,9.63,-1.17,1.51,0.07,0.05,0.16,9.62,-1.61,1.58
0.27,0.53,-3.31,4.39,24.91,9.25,4.02,0.36,1.8,-4.79,39.48,15.79,2.91,-0.28,7.3,-7.59,-5.92,12.63,5.64,0.19,4.83,6.68,-30.28,1.04,4.04,0.8,0.71,12.07,-17.71,-0.31,2.02,1.19,1.35,11.02,-17.39,5.15,1.02,0.39,0.22,12.89,-12.58,4.54,0.7,0.0,-0.76,10.57,-3.42,3.63,0.04,-0.25,-0.29,8.89,0.5,1.36,0.06,-0.12,-0.06,9.34,-0.29,0.68,0.16,-0.07,-0.06,9.79,-0.12,0.71,-0.04,-0.06,0.18,9.75,-1.27,0.83,0.08,0.22,-0.06,9.7,-0.85,2.59,0.09,0.09,-0.15,9.35,-0.06,3.21,0.05,-0.08,0.05,9.52,-0.41,2.5,0.18,0.01,0.03,10.3,-0.5,1.7,0.06,0.08,0.17,10.42,-1.16,1.98,0.13,0.04,0.05,9.66,-1.2,2.37,0.14,-0.06,-0.01,9.06,-0.89,2.46,0.03,-0.21,0.1,9.09,-1.37,1.86,0.02,-0.13,0.09,9.2,-1.08,1.2,0.08,-0.01,0.11,9.67,-1.06,1.16,-0.06,-0.02,0.09,9.64,-0.91,1.39,-0.17,-0.13,0.09,9.42,-0.73,1.21,-0.03,0.08,0.13,9.22,-0.9,1.25,-0.15,0.15,0.19,9.4,-1.11,1.89,-0.23,-0.02,0.23,9.69,-1.35,1.76,-0.23,0.0,0.22,9.64,-1.45,1.69,-0.3,0.03,0.2,9.82,-1.72,1.98,0.05,0.08,-0.01,9.61,-1.34,1.78
-0.73,-0.31,-2.57,9.14,4.64,-1.64,0.63,1.99,-6.37,-3.41,34.71,0.83,1.12,3.56,1.78,-16.73,40.06,19.01,2.14,0.42,9.12,-10.21,1.4,17.21,2.83,-0.23,7.98,5.81,-38.38,8.64,3.43,0.19,0.69,18.3,-35.29,0.27,2.45,0.59,-1.64,10.04,-5.96,5.0,0.77,0.0,0.66,7.66,-7.26,5.56,0.33,-0.24,0.37,7.82,-5.14,4.34,0.32,-0.12,0.13,7.43,1.14,2.42,0.09,0.12,0.81,8.87,-2.26,2.96,0.03,-0.08,0.41,9.72,-2.41,2.11,0.2,0.13,-0.1,9.45,-0.46,2.14,0.18,0.35,-0.09,9.41,-0.02,3.32,0.18,0.14,-0.09,9.49,-0.81,4.24,0.26,0.07,-0.21,9.3,-0.03,3.5,0.11,0.18,0.06,9.22,-0.14,3.68,0.09,0.05,0.04,9.23,-0.58,3.65,0.16,0.04,-0.03,9.4,-0.08,3.29,0.19,-0.04,0.06,9.18,0.49,3.4,0.13,-0.14,0.24,9.13,0.49,2.56,-0.12,-0.07,0.44,9.66,-0.89,2.44,0.01,0.2,0.01,9.42,-0.06,2.84,0.05,0.36,-0.03,9.36,-0.13,4.53,0.14,0.01,-0.03,9.27,-0.06,4.48,0.17,-0.18,-0.04,9.62,-0.5,3.75,0.27,-0.13,-0.1,9.3,0.0,3.1,0.16,-0.06,-0.02,9.33,0.0,2.85,0.11,-0.02,0.06,9.33,-0.08,2.76,0.01,0.02,0.11,9.35,-0.59,3.28
0.22,0.96,-4.25,0.84,22.15,1.42,1.97,3.67,-1.24,-12.88,40.03,6.91,0.71,1.96,8.95,-8.18,5.6,19.47,3.39,0.16,7.14,7.39,-27.91,10.81,2.82,-0.29,4.21,16.11,-28.68,2.13,2.35,-0.61,-0.25,12.86,-15.26,-0.41,1.02,-0.3,-0.54,10.69,-9.92,3.05,0.44,-0.21,-0.58,7.02,-3.43,5.62,0.15,-0.24,-0.22,6.99,-0.54,4.41,-0.1,-0.13,0.27,8.49,-0.73,2.99,-0.11,0.02,0.34,9.51,-1.22,3.01,0.08,0.12,0.04,9.1,0.72,3.27,0.09,-0.13,-0.0,9.33,1.77,2.1,0.05,0.08,0.06,9.13,3.59,2.88,0.02,0.08,0.41,9.46,1.57,3.71,0.13,-0.08,0.49,9.63,-0.04,3.39,0.39,-0.12,0.38,9.47,-0.56,2.7,0.42,-0.05,0.43,9.16,-0.49,2.87,0.42,-0.01,0.46,8.9,-1.77,2.44,0.34,0.11,0.27,9.11,-1.45,2.84,0.2,-0.01,0.23,9.31,-1.28,2.96,0.21,-0.04,0.18,9.32,-1.0,2.39,0.14,0.0,0.14,9.44,-0.84,2.61,0.05,-0.01,0.17,9.37,-0.86,3.12,0.14,-0.05,0.11,9.54,-0.84,2.61,0.1,0.01,0.05,9.24,-0.76,2.69,0.11,0.1,0.06,9.15,-0.47,2.56,-0.02,0.12,-0.02,9.27,-0.73,3.43,0.09,0.01,-0.05,9.36,-0.74,3.53,0.05,0.02,-0.03,9.46,-0.8,3.29
-0.27,-0.52,-2.42,6.7,8.45,3.27,0.96,1.29,-3.86,-4.66,36.6,5.74,0.6,1.59,8.03,-15.07,38.0,17.04,3.71,-0.08,9.73,-9.54,-5.19,19.24,2.61,-1.01,6.99,6.8,-37.6,11.62,3.05,-0.89,0.54,15.1,-30.44,-3.28,2.08,-0.27,-0.96,11.85,-16.44,-0.43,0.83,-0.44,-0.7,7.23,-6.93,3.47,0.21,-0.34,0.07,6.69,-3.35,3.99,0.25,-0.13,0.03,8.55,-2.31,3.42,0.14,-0.1,-0.03,9.24,-1.4,2.9,0.14,-0.1,-0.06,9.09,-0.97,2.87,0.11,-0.11,-0.09,9.07,-0.49,2.5,0.16,-0.14,-0.09,9.09,-0.39,1.86,0.12,0.01,-0.02,9.28,-0.53,2.54,0.07,-0.04,-0.09,9.69,-0.47,3.08,0.07,-0.03,-0.05,9.7,-0.54,3.38,0.13,-0.0,-0.03,9.52,-0.58,3.22,0.29,-0.03,-0.21,9.18,0.22,2.93,-0.03,-0.09,0.12,9.25,-0.15,2.51,0.01,-0.01,0.07,9.44,-0.7,2.48,0.0,-0.03,0.03,9.56,-0.78,2.21,-0.08,-0.02,-0.09,9.55,-0.44,2.72,-0.2,-0.05,-0.02,9.39,-0.22,2.64,-0.14,-0.05,0.0,9.39,-0.3,2.87,-0.03,-0.13,-0.03,9.38,0.01,2.47,-0.11,-0.02,0.05,9.67,-0.65,2.98,-0.03,-0.07,-0.09,9.39,-0.3,2.25,-0.15,0.01,-0.03,9.39,-0.28,2.2,-0.15,0.09,-0.02,9.3,-0.02,2.08
1.67,2.18,-4.51,-3.44,38.38,9.45,3.42,1.81,3.2,-8.82,40.06,15.35,2.85,-0.44,9.03,-1.75,-14.58,14.55,3.85,-0.43,5.54,10.34,-35.14,7.97,3.26,-0.76,1.21,14.76,-32.83,3.82,1.58,-0.73,-0.04,9.62,-11.65,0.68,0.66,-0.33,0.27,8.25,-9.85,1.32,0.23,-0.13,0.15,7.62,-4.78,3.15,0.14,-0.05,0.01,7.69,-1.71,2.84,0.19,0.09,0.14,8.06,-0.43,2.39,0.09,0.08,0.16,9.71,-1.63,1.86,0.11,0.26,-0.02,9.82,-1.05,2.2,0.12,0.23,0.01,9.66,-0.38,3.36,0.05,0.09,0.12,9.56,-0.69,3.15,0.08,-0.03,0.05,9.58,-0.66,3.2,0.08,-0.08,0.04,9.44,-0.77,3.23,0.07,-0.07,0.03,9.39,-1.16,2.82,0.07,-0.1,-0.0,9.38,-1.04,2.41,-0.1,-0.1,0.04,9.34,-0.84,2.29,-0.05,-0.07,0.02,9.32,-1.09,2.36,0.01,0.03,0.01,9.35,-1.08,2.51,0.03,0.02,-0.02,9.41,-1.17,2.87,-0.05,-0.08,0.03,9.33,-1.38,2.62,0.09,0.04,-0.03,9.24,-1.04,2.43,0.06,0.07,-0.01,9.19,-1.1,2.9,0.06,-0.06,-0.07,9.22,-0.79,2.48,-0.03,-0.01,-0.0,9.34,-0.52,2.31,0.04,0.13,0.01,9.61,-0.7,2.73,0.06,0.05,-0.01,9.52,-0.59,2.64,-0.03,0.05,0.05,9.7,-0.86,3.04
