-1.8,-1.59,0.27,-0.54,0.94,8.52,-2.6,-2.03,0.2,1.01,-1.87,7.45,-1.08,-0.89,0.08,0.99,-2.07,8.65,-0.71,-0.03,-0.76,0.55,-2.22,8.41,-1.08,0.79,-1.4,0.7,-2.28,8.89,-1.11,1.69,-0.85,-0.15,-3.11,8.97,0.09,1.1,-0.46,0.02,-3.8,8.82,0.34,-0.42,-1.04,-0.45,-3.69,9.9,-0.1,-0.79,-0.99,0.52,-3.25,9.3,-0.11,-0.79,-0.47,0.57,-3.11,8.39,0.14,-0.93,-0.72,1.41,-3.11,8.8,0.15,-1.27,-1.24,0.64,-2.84,7.75,-0.19,-1.6,-0.97,2.05,-4.23,6.88,-0.84,-0.54,-0.36,3.58,-3.15,10.92,-0.11,-0.76,-0.39,1.56,-2.66,9.37,-0.06,-1.32,-0.84,2.65,-2.69,7.93,-0.05,-1.34,-0.89,1.88,-3.71,8.78,0.13,-1.53,-1.26,3.92,-2.4,8.12,-0.02,-1.01,-1.18,5.64,-2.7,8.56,-0.63,-0.36,-0.43,5.1,-2.93,8.47,-0.58,-0.44,0.33,4.45,-2.86,7.85,-0.45,-0.68,0.29,4.85,-3.41,8.03,-0.55,-0.72,0.12,5.11,-3.74,7.92,-0.57,-0.49,0.37,5.07,-3.96,7.9,-0.69,-0.28,0.39,5.11,-3.74,6.98,-0.39,-0.18,0.05,5.08,-3.72,6.84,0.13,-0.15,0.04,4.62,-4.16,7.06,0.16,0.07,0.01,5.29,-4.4,7.14,-0.19,0.15,-0.21,5.77,-4.78,7.87,-0.16,-0.01,-0.32,5.12,-4.28,7.79
-2.24,-0.47,1.31,5.55,-7.18,6.98,-2.73,-0.72,1.48,4.82,-7.7,6.18,-2.04,-0.75,1.51,4.25,-7.12,4.66,-2.24,-0.59,1.37,3.78,-7.49,3.57,-3.07,-0.89,1.45,3.58,-8.47,3.07,-2.53,-1.33,1.76,3.2,-7.92,2.66,-2.8,-0.97,2.24,3.35,-8.01,1.21,-3.7,-0.12,2.11,4.14,-10.7,0.86,-2.42,0.48,0.62,3.44,-10.29,1.12,-1.97,0.39,-1.19,3.13,-10.87,0.55,-0.88,0.14,-3.12,3.75,-9.78,0.82,0.36,-0.52,-4.54,2.23,-10.37,0.39,1.47,-1.37,-4.62,2.11,-9.46,-1.37,0.57,-2.91,-2.05,4.0,-3.77,-3.61,-0.9,-2.06,-2.43,3.8,-8.25,-1.44,-0.06,0.17,-3.11,6.26,-7.58,-0.16,3.51,0.58,-3.4,6.59,-5.84,-0.88,3.84,0.64,-3.2,7.53,-5.6,-2.01,3.37,1.21,-3.77,8.46,-3.97,-2.66,2.06,1.49,-3.5,8.8,-3.19,1.0,2.74,1.0,-3.42,9.34,-1.6,0.41,3.23,0.63,-3.4,9.92,-0.4,0.78,2.33,0.03,-3.8,9.94,0.47,1.58,3.8,-0.2,-4.05,8.63,2.87,0.38,2.25,-0.41,-3.04,10.97,5.96,-0.24,0.71,-0.66,-2.72,9.39,5.21,1.73,2.48,-0.13,-2.45,8.53,6.52,0.39,1.29,-0.45,-1.84,8.4,7.13,-0.39,-0.16,-0.87,-1.64,8.91,4.51,-0.76,-0.86,-0.45,-2.86,8.4,5.09,-0.05
0.21,-1.02,-2.84,6.47,6.47,0.59,-1.01,-1.24,-3.37,4.7,7.53,-0.54,-1.22,0.01,-2.72,4.26,9.02,2.45,-4.43,2.56,-1.56,5.23,7.28,2.02,-3.34,1.5,-0.49,2.29,6.57,2.38,-3.8,-2.06,-1.58,2.97,6.03,4.69,-2.04,-1.31,-1.75,2.69,8.62,4.08,-2.95,-0.73,-1.07,2.77,9.54,5.19,-2.79,0.67,-0.58,2.24,9.11,5.16,-4.99,0.35,-0.76,1.61,8.55,5.09,-6.63,0.88,-1.64,2.31,0.16,8.47,-0.37,2.18,0.19,0.68,4.47,7.31,-4.58,2.21,0.63,2.22,4.2,10.81,-4.35,1.79,1.1,-0.06,2.54,10.9,-0.66,-0.74,1.52,-1.22,1.72,10.04,0.14,-2.17,0.96,-0.37,2.6,9.47,0.81,-2.89,2.28,2.24,0.58,8.84,-0.8,-1.46,1.08,3.04,-0.52,8.67,-0.27,-1.36,0.19,3.21,0.0,9.68,-0.42,-1.53,0.25,4.09,0.61,9.16,-0.63,-1.5,0.51,4.92,-0.62,9.34,-0.1,-1.35,0.16,3.98,0.82,8.53,0.09,-1.73,0.7,6.26,-0.84,7.42,0.15,-2.29,-0.28,5.79,-1.1,7.67,-0.22,-2.47,0.19,6.75,0.41,6.52,-1.33,-2.12,0.72,7.47,-0.47,6.2,-0.84,-1.42,0.49,7.53,-0.65,6.14,0.02,-1.25,0.52,7.88,-1.28,7.74,1.16,-0.04,-0.13,8.4,-0.54,5.86,2.83,1.54,-0.56,7.11,-0.27,4.61
3.93,4.04,-1.4,7.02,1.05,5.25,2.84,4.92,-1.27,5.52,2.69,6.77,1.82,3.66,-0.16,2.74,4.52,7.94,2.05,1.38,0.55,2.11,3.57,10.01,1.87,0.39,0.57,4.61,4.99,7.38,2.36,1.18,-0.13,4.69,4.09,6.53,3.83,2.67,-0.63,3.36,5.21,7.58,4.9,1.31,-1.16,1.03,4.61,11.02,5.04,-0.34,-0.83,0.82,7.26,5.31,5.05,0.09,-0.27,1.27,9.29,1.43,2.36,0.26,0.64,1.96,10.12,0.91,0.54,0.11,0.57,1.99,8.11,2.08,0.98,0.19,0.57,2.08,8.28,1.29,0.63,0.17,1.17,2.16,8.41,1.93,0.83,-0.27,0.76,3.28,7.44,1.6,0.97,0.01,0.14,3.67,7.75,1.16,1.56,0.16,-0.05,2.8,8.19,1.28,3.07,0.25,-0.22,2.51,7.96,-1.05,2.94,0.15,0.24,2.6,9.62,-1.51,1.44,0.26,0.93,2.57,8.31,-2.85,1.47,0.5,1.39,1.18,7.54,-2.99,2.48,1.2,2.66,1.95,8.4,-2.07,0.89,1.98,4.11,6.58,10.59,-4.29,-0.93,1.57,1.32,7.51,5.91,-2.7,-0.67,1.97,-0.44,6.06,6.43,-1.19,-1.64,1.6,-0.18,5.27,7.58,-1.32,-3.62,0.62,0.55,6.05,6.42,0.77,-3.25,0.73,0.94,5.42,7.96,0.16,-5.32,0.48,2.05,6.68,5.63,2.81,-3.57,0.55,1.77,6.97,5.07,2.56
-3.51,1.05,1.45,7.26,4.9,4.0,-2.59,0.24,1.26,7.64,3.29,6.26,-2.25,-0.46,-0.29,6.71,0.75,3.8,-2.14,0.18,-1.09,8.31,3.32,4.12,-1.44,1.44,-1.28,6.09,3.73,4.68,-0.93,2.94,-1.51,6.47,4.69,6.02,-1.16,3.2,-0.87,4.82,4.7,6.19,-5.83,4.02,0.16,5.22,-1.54,9.71,-1.72,4.68,1.41,1.23,-0.87,9.92,0.6,1.33,1.02,1.87,0.95,10.23,0.32,0.14,1.73,2.73,0.39,8.87,0.4,1.29,1.42,1.73,2.47,8.78,-1.55,1.58,0.76,0.79,1.43,9.22,-2.79,0.32,0.68,0.75,-1.02,10.66,-2.5,-0.2,1.04,1.59,-1.3,10.47,-2.83,-1.05,1.63,2.42,-2.06,10.64,-1.68,-1.02,1.05,3.03,-2.25,10.14,-3.23,-0.22,1.24,2.26,-5.66,10.4,-3.41,0.49,2.18,2.38,-4.06,8.48,-0.64,-0.66,0.91,2.86,-6.66,8.5,-1.41,-1.54,-0.12,3.21,-6.91,7.28,0.99,-0.88,0.49,-0.3,-5.38,9.14,-0.51,-1.53,-0.11,3.86,-6.78,6.98,-1.4,-1.6,-1.71,4.64,-7.77,6.72,-0.39,-0.74,-3.06,3.59,-8.64,7.49,0.72,-0.29,-3.66,4.5,-6.82,8.37,-0.75,-0.87,-4.57,2.37,-6.06,8.54,-0.7,-1.68,-5.21,3.35,-3.37,7.48,-1.66,-2.29,-3.91,5.92,-2.17,6.71,-2.08,-2.17,-2.5,7.4,-2.37,4.72
-2.51,-1.88,-1.78,6.55,-2.82,4.64,-2.58,-1.18,-1.29,7.39,-3.61,3.75,-3.11,-0.76,-1.94,8.98,-3.88,3.83,-3.26,0.04,-2.0,7.83,-4.72,4.22,-0.7,1.32,-1.49,7.37,-4.35,5.24,1.22,2.0,-1.13,8.84,-1.97,4.4,0.74,2.1,-1.76,6.68,0.24,6.19,1.28,1.9,-1.28,6.2,-0.59,6.43,1.48,1.32,-0.94,7.03,1.46,7.49,1.77,0.39,-1.57,6.42,1.77,7.47,3.07,0.3,-1.29,6.02,2.49,6.95,2.52,0.25,-1.6,6.06,4.89,4.83,1.43,0.38,-1.36,5.46,5.13,5.5,0.92,0.36,-0.56,4.94,5.62,6.67,1.24,0.07,-0.03,5.41,5.73,6.28,0.8,-0.2,0.46,5.92,5.53,5.27,0.65,-0.24,0.54,5.98,4.63,6.24,0.45,-0.34,0.74,6.97,4.84,4.95,-0.69,-0.74,1.2,7.08,4.99,5.98,-2.45,-1.99,2.74,6.33,5.46,5.5,-4.79,-3.44,5.79,6.75,2.26,3.27,-5.53,-3.87,6.31,7.79,-2.14,2.06,-3.74,-2.96,4.65,8.65,-5.18,0.75,-1.25,-1.4,2.53,9.17,-6.74,-0.58,0.11,-0.06,0.71,8.88,-6.71,-0.05,0.15,-0.08,0.33,8.2,-4.91,1.18,-0.34,-0.43,0.99,8.31,-5.25,1.05,0.15,-0.23,0.7,9.15,-6.41,1.29,1.21,0.15,-0.13,9.08,-6.11,1.45,1.93,0.43,-0.71,8.89,-5.0,1.57
1.85,0.4,-0.98,8.8,-4.61,2.17,1.64,0.46,-0.84,8.13,-3.79,2.03,0.78,0.21,-0.5,8.57,-3.27,2.15,0.11,0.25,-0.17,8.47,-3.54,2.06,-0.46,0.26,0.09,8.4,-3.69,2.09,-0.87,0.33,0.42,8.13,-3.82,2.54,-0.73,0.3,1.22,8.27,-4.27,3.24,-0.63,0.17,1.32,8.35,-4.69,3.44,-0.31,0.1,1.4,8.31,-4.84,3.88,0.02,-0.48,2.1,8.04,-5.75,3.21,-0.21,-0.74,2.23,8.21,-7.37,2.73,0.21,-0.57,1.55,7.43,-7.22,3.35,0.63,-0.85,1.16,6.82,-6.57,2.83,0.21,-1.31,1.64,6.51,-6.97,2.42,0.18,-1.37,1.88,7.12,-9.48,1.88,0.46,-1.19,1.59,6.11,-8.81,2.08,0.33,-1.4,1.16,5.78,-8.68,1.95,0.64,-1.42,0.96,5.54,-10.17,0.32,0.34,-0.77,0.28,6.54,-10.24,-0.16,0.45,-0.24,-0.41,5.38,-9.49,1.61,0.25,-0.72,-0.43,5.52,-8.54,1.1,0.28,-0.65,-0.38,5.58,-8.25,1.05,0.45,-0.31,-0.58,6.26,-7.97,0.95,0.44,-0.14,-0.85,6.09,-7.68,1.13,-0.05,-0.18,-0.57,6.33,-7.49,1.48,-0.31,-0.38,-0.06,6.7,-7.72,1.48,-0.2,-0.36,0.05,6.86,-7.99,1.07,-0.44,-0.36,-0.11,7.58,-8.98,0.33,0.01,0.08,-0.96,7.15,-9.15,1.0,0.69,0.24,-1.68,6.78,-6.88,0.76
1.28,0.31,-2.02,7.53,-4.69,1.03,-0.33,-0.29,-0.42,7.16,-3.74,1.15,-1.12,-0.41,0.73,8.44,-6.82,0.19,0.47,0.27,-1.45,8.85,-7.86,0.91,0.3,0.15,-1.85,8.19,-5.58,0.71,-1.0,-0.43,-1.11,8.12,-4.53,0.18,-1.22,-0.34,-0.33,8.19,-4.71,0.06,-0.58,-0.01,-0.43,8.44,-4.62,0.47,0.03,0.23,-0.37,8.41,-3.6,0.06,-0.19,0.37,0.1,8.81,-4.14,0.55,-0.19,0.28,0.12,9.25,-4.46,0.71,0.1,0.28,-0.06,9.24,-4.21,0.43,-0.05,0.35,0.09,9.32,-4.64,1.29,-0.02,0.08,0.09,9.28,-4.68,1.46,-0.11,-0.04,0.3,9.12,-4.86,0.67,-0.01,0.08,0.15,9.4,-5.55,1.0,0.66,0.42,-0.63,9.18,-5.29,0.85,0.74,0.35,-1.0,9.07,-4.44,0.57,0.22,0.14,-0.63,8.68,-3.88,1.29,-0.56,-0.23,0.1,8.53,-3.71,0.96,0.18,0.27,-0.36,9.95,-5.66,0.98,0.93,0.51,-1.32,9.4,-4.68,1.09,0.51,0.25,-1.09,8.78,-2.67,1.63,-0.51,-0.25,0.07,8.96,-3.05,1.35,-0.13,-0.01,-0.13,9.5,-3.85,1.14,0.22,0.16,-0.44,9.12,-2.69,1.29,-0.39,-0.16,0.23,8.95,-2.31,1.4,-0.79,-0.29,0.58,9.47,-3.83,1.02,0.18,0.27,-0.44,9.78,-3.93,1.52,0.01,0.03,-0.13,8.66,-1.37,1.86
-1.23,-0.81,1.87,9.15,-3.48,1.14,-0.27,-0.25,0.64,10.67,-6.73,0.48,0.92,0.38,-1.27,10.09,-5.69,0.47,0.82,0.39,-1.25,8.69,-3.1,0.6,0.06,0.06,-0.33,8.77,-3.17,1.2,0.17,0.08,-0.37,9.53,-4.03,0.92,0.34,0.3,-0.64,9.52,-3.04,0.78,-0.27,0.03,0.0,9.21,-2.11,1.76,-0.37,-0.11,0.35,9.5,-2.69,1.43,-0.09,0.08,-0.05,9.89,-3.14,1.42,0.06,0.04,-0.16,9.55,-2.51,1.64,-0.14,-0.05,0.14,9.37,-2.65,1.26,-0.11,0.01,0.06,9.61,-3.2,1.2,-0.12,-0.02,0.02,9.51,-3.12,1.31,-0.17,0.04,-0.02,9.69,-3.37,0.67,-0.77,0.27,-0.33,9.97,-3.21,0.23,-2.47,0.07,-0.12,8.75,-2.02,0.56,-3.16,-0.82,1.49,8.74,-2.31,2.48,-1.66,-1.0,1.27,10.98,-5.96,0.13,-0.51,0.13,-0.64,9.98,-5.2,-0.41,0.25,0.39,-1.21,9.16,-3.71,-0.01,0.86,0.47,-1.04,8.79,-3.08,0.1,0.78,0.35,-0.87,8.78,-2.29,-0.11,0.54,0.52,-0.69,9.91,-3.55,-0.33,1.08,1.26,-1.48,10.15,-3.68,-0.2,1.55,1.91,-2.4,8.94,-0.5,1.68,0.15,1.27,-1.57,8.45,0.94,2.91,-1.23,-0.01,0.47,8.48,0.98,4.08,-1.67,-1.25,1.84,10.27,-2.01,2.41,-0.62,-0.52,0.77,11.0,-3.11,0.75
-2.59,-1.38,1.97,8.98,-2.53,2.16,-3.23,-2.52,2.99,9.26,-4.44,0.18,-2.6,-2.17,2.46,10.05,-6.54,-1.21,-0.82,-0.36,0.49,9.63,-5.65,-0.75,-0.16,0.01,-0.12,8.83,-4.34,-0.45,-0.27,-0.12,0.1,8.8,-4.04,-0.27,0.0,-0.14,-0.1,8.99,-4.09,-0.63,0.49,0.22,-0.44,9.13,-3.93,-0.53,1.03,0.54,-0.66,9.18,-3.79,-1.22,1.17,1.01,-1.2,9.34,-5.08,-0.83,1.96,1.89,-2.52,10.03,-4.34,-1.07,1.56,2.62,-3.09,9.09,-3.07,0.86,1.34,2.45,-2.58,9.54,-2.04,2.12,1.35,2.31,-2.37,9.25,-1.78,2.62,2.0,2.47,-2.09,8.78,-0.12,3.31,1.79,2.4,-1.51,6.99,1.65,5.27,0.81,1.65,-0.83,8.09,1.17,5.27,1.12,1.76,-0.76,7.98,2.09,5.29,0.31,1.44,-0.27,7.62,2.77,5.89,-1.23,-0.14,0.62,7.01,1.38,7.48,-1.12,-1.1,1.29,8.15,0.84,6.37,-0.63,-0.54,1.17,9.11,-0.35,4.69,-1.19,-0.51,0.94,7.91,-1.26,5.52,-0.72,-0.76,0.78,8.61,-1.28,4.98,-0.5,-0.54,1.1,8.07,-0.85,3.97,-0.39,-0.56,1.29,8.56,-1.3,4.49,0.09,0.19,0.97,9.3,-1.64,3.46,0.3,0.86,1.0,8.45,-2.39,4.49,2.74,1.34,0.33,7.95,-3.25,6.39,2.89,1.11,0.19,8.04,-1.53,6.78
3.66,0.51,0.14,8.99,0.8,5.15,1.4,0.21,-0.11,8.56,-0.1,5.48,1.4,0.06,-0.46,7.94,0.47,6.48,1.19,-0.19,-0.43,7.7,1.5,5.6,-0.22,-0.14,-0.25,8.09,1.0,4.93,0.18,0.21,-0.45,7.89,0.34,5.76,0.96,0.1,-0.69,7.02,1.54,6.01,0.39,0.01,-0.37,7.85,1.24,5.08,0.13,0.45,-0.58,7.19,2.38,5.35,-1.06,0.23,0.1,6.52,2.85,5.47,-2.57,-0.14,1.72,6.69,2.56,5.84,-4.68,-1.2,3.31,7.1,-0.54,5.43,-4.47,-1.3,3.35,8.08,-2.1,5.22,-1.85,-0.4,2.03,8.92,-4.5,5.22,0.87,0.31,0.28,8.28,-4.68,6.09,1.68,0.24,-0.52,7.69,-3.02,5.59,-0.01,-0.3,0.51,7.64,-2.31,5.25,-0.61,-0.47,1.28,8.2,-3.5,5.01,0.08,-0.44,1.32,8.27,-3.7,5.58,-0.0,-0.89,1.65,7.2,-4.54,3.73,0.0,0.0,0.0,0.0,0.0,0.0,0.0,0.0,0.0,0.0,0.0,0.0,0.0,0.0,0.0,0.0,0.0,0.0,0.0,0.0,0.0,0.0,0.0,0.0,0.76,0.01,-0.43,7.18,-5.11,3.82,0.96,-0.33,-0.48,7.38,-4.71,4.92,1.48,-0.32,-0.31,7.88,-4.17,5.01,1.17,-0.39,-0.03,7.53,-5.02,4.51,0.69,-0.43,-0.19,7.62,-5.05,4.89,0.8,-0.27,-0.32,7.73,-4.43,5.0
-1.81,0.15,1.9,7.47,-5.06,4.88,-1.86,0.59,1.69,7.93,-5.3,5.42,0.14,0.7,-0.45,7.21,-4.55,6.12,1.87,-0.07,-2.36,6.78,-3.64,5.53,1.36,-0.47,-2.25,8.21,-2.55,4.71,0.39,-0.55,-0.3,7.78,-2.08,4.51,-0.35,0.03,0.19,7.98,-2.35,4.9,-0.14,0.31,0.05,7.78,-2.62,5.1,0.39,0.08,-0.29,7.88,-2.57,5.22,0.27,-0.01,-0.22,7.84,-2.43,5.14,0.14,0.17,-0.06,8.04,-2.99,5.35,-0.21,0.42,-0.01,8.16,-3.07,5.67,-0.22,0.34,-0.16,8.05,-3.22,5.76,-0.13,0.22,-0.33,7.9,-3.36,5.49,-0.31,0.42,-0.48,7.93,-3.52,5.82,-0.25,0.53,-0.77,8.31,-3.89,6.0,1.22,0.47,-1.86,8.08,-3.88,5.77,1.22,0.19,-2.45,7.5,-1.58,6.96,3.0,-0.56,-5.0,8.35,-1.18,6.82,3.98,-0.28,-5.64,5.84,4.31,3.84,0.82,0.23,-2.47,5.28,6.04,4.86,-0.8,-0.46,-0.47,6.16,5.45,4.88,-0.69,-0.42,-0.35,6.19,4.61,4.67,-0.54,-0.18,-0.19,6.97,6.1,4.26,-1.82,-0.48,0.11,6.54,3.82,5.53,-1.73,0.12,0.45,6.65,3.05,6.38,-0.77,0.6,0.46,6.06,3.13,6.75,-0.08,0.08,0.75,6.77,2.33,5.99,-0.78,-0.09,1.01,7.76,1.96,6.32,-0.27,-0.09,0.4,7.11,1.83,6.26
-1.59,-0.89,1.38,8.04,0.68,5.47,-2.51,-1.31,2.24,8.09,-0.08,5.54,-2.74,-1.69,2.81,8.92,-1.91,4.58,-0.81,-0.81,1.32,9.03,-3.61,3.55,0.67,0.37,-0.29,8.91,-3.26,3.86,1.07,0.39,-0.78,8.63,-2.12,4.04,1.42,0.33,-0.95,9.0,-1.97,4.07,1.58,0.44,-1.04,7.63,-1.67,4.26,0.81,0.56,-0.56,8.13,-1.07,4.59,0.8,0.66,-0.51,8.58,-0.59,5.12,1.08,0.71,-0.93,8.26,-0.19,5.57,1.07,0.54,-0.87,8.21,0.56,5.55,0.77,0.56,-0.62,8.04,0.97,6.09,0.47,0.23,-0.29,8.15,1.06,6.02,0.61,0.15,-0.34,7.97,1.26,6.07,0.72,0.13,-0.36,7.93,1.27,5.62,1.16,0.33,-0.61,7.72,1.86,5.64,0.63,0.16,-0.38,7.39,2.25,5.43,-0.4,-0.24,0.18,7.28,2.32,5.78,-1.75,-0.74,1.39,7.49,2.18,5.52,-2.69,-1.2,2.44,7.73,0.42,5.41,-1.8,-0.68,2.05,8.87,-0.91,4.74,-0.3,0.18,0.22,8.61,-1.05,5.64,-0.32,-0.29,-0.05,7.85,-0.19,5.66,-0.43,-0.38,0.64,8.54,-1.3,4.71,0.24,-0.02,0.12,8.49,-2.08,4.89,0.52,0.21,-0.47,8.56,-1.7,5.05,0.37,0.23,-0.2,8.25,-0.78,5.0,0.04,0.14,0.16,8.15,-1.03,5.41,-0.77,-0.31,0.51,8.26,-0.55,5.68
-1.47,-0.78,1.23,8.32,-0.56,5.31,-2.32,-1.13,2.1,8.31,-1.5,4.88,-2.85,-1.39,2.84,8.64,-2.89,4.29,-2.11,-1.22,2.46,8.68,-4.77,3.38,-1.02,-0.7,1.55,8.62,-5.99,2.9,-0.1,-0.28,0.44,8.07,-5.61,2.68,0.46,-0.13,-0.14,7.81,-5.12,2.55,0.26,-0.14,0.09,7.65,-5.29,2.3,-0.09,-0.03,0.34,8.09,-5.57,2.67,0.12,0.09,0.02,8.38,-5.63,2.96,0.38,0.14,-0.39,8.21,-5.22,3.1,0.22,0.27,-0.62,8.57,-5.07,3.31,0.97,0.47,-0.82,8.61,-4.71,3.45,1.61,0.75,-1.69,8.2,-3.74,3.69,1.63,0.95,-1.98,7.6,-2.21,4.13,0.62,1.05,-1.35,8.41,-2.49,4.22,0.17,0.72,-0.23,8.11,-2.45,4.95,0.1,0.94,-0.05,8.59,-2.23,5.15,0.23,1.15,-0.17,7.91,-2.15,5.37,-0.48,0.44,0.29,7.99,-2.65,5.94,-0.71,-0.03,0.83,8.02,-2.78,5.63,-1.58,-0.53,1.39,7.8,-3.2,5.3,-2.36,-0.93,1.88,7.68,-4.16,4.8,-2.51,-1.17,2.2,8.11,-5.69,4.23,-1.49,-0.75,1.48,8.17,-6.87,3.85,-0.22,-0.34,0.19,7.53,-6.41,3.42,-0.35,-0.52,0.17,7.16,-5.87,3.05,-0.93,-0.79,0.71,7.16,-6.33,2.84,-0.81,-1.03,0.91,7.75,-7.39,2.5,-0.15,-0.73,0.21,7.23,-6.88,2.03
2.01,1.44,-0.32,7.02,-5.24,3.32,2.42,0.99,-0.62,7.53,-4.29,3.77,2.35,0.84,-0.26,7.25,-3.73,4.32,2.05,0.77,0.66,7.12,-3.63,4.71,1.32,0.87,1.12,6.3,-4.18,5.87,0.96,0.58,1.44,6.39,-4.09,6.47,1.31,0.43,1.95,6.06,-3.93,5.93,1.28,0.51,2.42,4.98,-4.13,6.31,1.43,0.48,2.85,4.23,-5.36,6.74,2.03,1.0,2.64,3.96,-6.83,7.11,1.51,0.99,2.14,3.6,-7.56,7.68,1.3,0.9,1.42,3.39,-7.97,7.99,1.54,1.13,0.88,1.54,-6.13,8.65,1.47,0.71,0.84,2.04,-6.01,8.99,1.43,0.58,0.58,1.48,-5.43,9.47,1.18,0.46,0.31,1.83,-5.43,9.8,2.81,-0.23,0.08,2.27,-4.55,9.32,3.39,0.13,-0.7,2.14,-2.26,9.38,2.98,0.24,-0.33,2.33,-1.06,9.45,2.44,0.39,-0.87,2.73,-0.36,10.51,2.76,0.1,-1.05,2.23,0.72,9.98,2.38,-0.57,-1.33,2.23,1.38,10.0,-0.53,-1.77,-1.08,2.0,1.89,11.09,-2.38,-3.43,-0.42,3.02,1.16,9.19,-2.34,-2.98,-1.46,3.59,-0.54,9.04,-0.79,-1.82,-2.54,6.44,-0.99,6.51,-1.06,-0.71,-2.54,5.2,-2.26,7.31,-0.54,0.05,-2.25,5.63,-1.79,7.68,-0.45,0.91,-2.75,3.98,-0.76,8.21,-1.56,0.18,-3.31,3.95,-0.38,9.81
0.67,-0.62,-3.99,2.22,0.31,9.92,1.22,-0.77,-3.71,2.47,2.65,9.01,0.84,-1.19,-2.91,3.01,2.82,8.63,0.76,-1.49,-3.1,4.77,3.06,7.22,0.86,-1.29,-3.51,4.88,3.8,6.73,-1.04,-0.32,-3.86,0.46,4.27,9.47,0.02,-0.04,-2.05,1.6,5.24,7.91,-0.34,-1.23,-1.25,2.44,7.2,6.88,-1.83,-1.32,-0.68,2.56,5.8,6.05,-3.42,0.75,1.22,3.07,1.68,8.42,-5.17,2.73,0.97,3.22,0.91,7.73,0.78,0.7,-1.3,1.85,2.35,11.08,-0.06,-0.72,-1.11,3.21,1.35,8.55,0.43,0.38,-1.91,1.61,0.4,9.43,-0.05,-1.08,-2.16,0.54,0.87,7.79,-0.44,-1.73,-2.24,1.88,0.45,8.78,0.17,-1.4,-2.92,1.52,2.27,8.13,0.15,-0.71,-3.35,1.63,2.16,10.22,-0.04,-1.66,-1.76,0.67,3.39,10.28,-3.33,-0.59,-1.93,3.81,2.18,9.11,0.41,0.79,-1.9,2.51,3.16,9.73,0.48,1.95,-0.75,1.83,1.96,8.95,0.18,2.39,-0.48,0.66,3.15,9.97,-1.02,1.28,-0.74,0.32,1.96,11.04,-0.32,-0.09,-0.44,-0.36,1.81,9.95,-0.49,-0.84,-0.1,1.85,0.87,9.64,-0.66,-0.77,-0.62,1.82,0.1,9.49,0.04,-0.69,-1.34,0.72,0.66,8.45,-0.53,-0.25,-1.67,1.94,1.55,8.46,-0.83,0.13,-1.68,0.18,1.66,8.42
-0.74,-2.12,-1.08,-0.48,0.47,12.48,0.88,-4.63,-0.78,0.39,1.22,10.59,-0.19,-4.54,-0.58,3.47,1.07,6.85,-0.45,-1.42,0.03,3.01,0.51,6.87,0.44,0.13,0.14,3.13,0.9,7.4,0.53,0.46,0.49,3.57,1.56,7.4,-0.43,-0.04,0.34,3.63,1.5,8.18,-0.2,-0.14,0.81,3.51,1.12,8.02,-0.39,0.07,1.06,3.69,0.52,7.42,-0.62,0.39,1.14,3.42,0.12,8.37,0.41,1.15,1.49,2.64,1.45,9.46,-0.01,1.06,2.26,1.91,0.89,8.65,-1.2,-0.27,2.51,1.99,-1.43,10.1,-0.38,-0.9,2.74,3.0,-2.19,11.38,0.55,-0.8,3.0,3.44,-1.9,9.75,-0.17,-1.07,3.21,4.15,-4.85,9.29,0.37,-1.26,2.36,4.44,-3.97,10.06,1.06,-1.3,2.49,4.54,-2.45,9.6,1.18,-1.32,2.85,5.08,-2.71,7.08,-1.06,-1.88,1.74,5.66,-4.21,7.21,-1.7,-3.35,0.63,5.31,-5.55,6.33,-1.26,-4.21,0.13,6.92,-5.03,4.86,-0.62,-3.22,0.63,8.3,-4.15,3.92,-0.63,-2.09,0.8,8.68,-3.69,4.87,-0.85,-2.25,1.31,7.75,-3.93,4.23,-1.56,-2.61,0.81,8.23,-5.59,2.71,-0.67,-2.21,0.67,8.16,-5.58,2.19,-0.52,-1.63,0.71,7.68,-5.52,1.33,-1.03,-1.62,0.95,8.22,-6.18,1.5,-0.78,-1.53,0.88,9.28,-7.29,0.47
1.99,1.21,-1.73,9.61,-8.38,-0.44,2.59,2.14,-2.21,9.53,-7.47,-0.35,3.26,3.38,-3.64,8.44,-7.6,0.76,4.64,4.48,-4.28,7.19,-4.84,1.42,4.83,4.61,-4.36,4.15,-1.59,4.05,4.24,2.84,-3.66,3.18,0.81,4.57,3.47,1.29,-2.4,3.9,3.68,5.3,2.18,0.17,-1.26,4.4,5.61,6.75,1.68,-0.27,-0.85,4.26,5.37,5.16,0.77,0.33,-1.04,7.12,6.26,4.86,1.45,0.92,-1.84,3.91,5.9,6.86,2.78,0.71,-1.64,3.41,6.92,6.92,2.99,-0.05,-1.13,3.14,8.62,5.83,3.62,-0.0,-0.49,3.27,9.58,2.75,2.54,0.42,0.29,3.2,9.13,1.51,1.01,0.91,0.63,3.77,8.81,1.64,0.65,0.78,0.96,3.56,8.21,2.64,1.85,1.4,1.31,3.61,7.8,2.22,0.09,1.44,1.59,4.91,8.32,1.42,-1.51,0.99,1.91,4.43,7.28,3.52,-1.77,1.17,2.22,4.8,7.81,3.2,-3.66,0.85,3.46,3.48,7.15,4.32,-4.01,0.22,4.41,6.81,2.67,4.35,-3.12,0.44,3.46,6.55,1.6,5.5,-3.34,0.06,2.88,6.91,0.7,5.89,-2.76,-0.07,2.79,7.06,-0.96,5.85,-2.05,0.24,2.4,7.22,-1.18,6.31,-2.36,-0.06,2.88,6.93,-1.73,6.9,-1.73,-0.7,3.09,7.26,-4.02,5.87,0.91,0.06,2.76,6.86,-4.92,5.48
0.74,0.79,1.74,6.53,-4.97,6.31,0.42,0.46,1.45,6.45,-4.62,7.36,0.2,0.09,1.41,5.92,-5.58,6.47,1.14,0.14,0.99,6.73,-6.05,6.04,1.42,0.5,0.71,5.71,-4.92,6.85,1.78,0.5,0.56,5.55,-3.84,7.27,1.9,0.14,0.84,5.44,-3.67,7.08,1.32,-0.42,0.94,5.46,-2.23,7.58,1.09,-0.35,0.86,5.94,-2.89,7.87,0.9,0.09,0.92,5.69,-3.15,7.54,0.91,0.36,0.81,5.43,-2.34,7.79,1.72,0.64,0.64,5.54,-2.56,7.62,2.84,1.1,-0.09,4.55,-1.71,9.01,3.81,0.85,-0.49,5.34,-1.49,8.74,3.45,-0.74,0.12,4.9,-1.41,9.0,3.45,-0.69,-0.38,4.79,0.33,8.42,2.69,-0.33,-0.35,4.72,1.39,8.59,1.05,-0.64,-0.0,5.34,2.02,9.82,1.49,-1.39,-0.52,6.04,1.3,9.28,-0.56,-2.1,-0.69,4.59,2.61,9.25,-1.02,-3.73,-1.37,7.75,1.7,6.73,-0.83,-2.79,-2.76,8.05,1.98,4.97,0.16,-2.02,-3.37,7.58,3.25,3.11,0.15,-1.07,-3.33,6.64,5.48,3.18,0.18,-0.17,-3.67,5.29,6.01,3.46,1.03,0.24,-4.54,2.59,7.39,4.37,2.85,0.56,-4.16,1.96,9.0,4.49,3.31,0.51,-2.71,2.25,9.25,3.28,1.27,0.47,-1.19,3.16,8.3,3.86,-1.12,0.25,-0.89,3.38,7.48,5.49
-4.53,1.13,1.36,3.59,6.35,7.52,-6.35,1.55,1.9,2.36,0.95,7.58,-2.32,0.71,1.0,0.49,3.11,9.31,-0.21,-0.41,0.14,3.62,3.82,7.99,0.04,-0.11,-0.71,2.77,3.25,7.86,-0.17,-0.34,-0.93,2.72,5.42,7.79,-1.23,-0.45,-1.15,2.03,4.88,7.54,-2.37,-0.34,-1.65,3.08,3.3,8.63,-3.12,0.95,-2.6,3.04,3.79,8.98,-5.57,2.1,-2.24,1.63,0.95,9.23,-4.44,2.17,-1.19,-0.5,-0.64,10.69,-0.26,-0.84,-2.14,1.24,0.09,10.99,-0.78,-2.16,-1.4,0.36,-0.1,8.91,-0.21,-3.26,-0.61,0.91,0.85,8.26,-1.0,-3.25,-0.91,3.52,2.16,9.33,-3.06,-0.88,-2.74,3.09,0.86,10.12,-2.98,-1.32,-1.88,3.25,-0.12,10.48,-2.59,-1.91,-1.28,3.34,-1.86,10.08,-1.75,-1.48,-1.93,4.62,-1.78,9.05,-1.63,-1.37,-1.87,4.08,-2.68,8.07,-0.82,-1.76,-1.43,4.76,-2.7,8.58,-0.58,-1.91,-1.54,5.43,-2.34,8.21,-0.75,-1.21,-1.64,6.21,-1.68,7.79,-0.58,-1.52,-0.91,6.82,-2.71,6.5,-0.09,-1.78,-0.28,7.06,-1.87,6.41,-0.53,-1.42,-0.15,7.65,-0.37,6.16,-0.02,-0.17,-0.15,7.01,-2.88,6.49,1.26,0.97,0.22,7.85,-2.05,7.69,1.41,1.0,-0.33,6.47,-0.12,5.71,1.58,0.69,0.32,5.66,-0.35,6.01
3.58,0.95,0.96,4.03,-1.84,4.71,2.5,2.68,0.74,5.28,0.13,5.61,1.2,1.27,1.32,6.62,2.83,5.69,-3.4,1.46,1.84,4.2,0.63,4.94,-3.57,2.74,2.24,2.8,-2.93,6.62,-5.07,2.43,2.31,3.62,-2.46,8.34,-3.56,1.97,2.4,2.18,-3.84,9.29,3.27,3.81,2.15,-0.57,0.03,4.88,1.53,5.06,1.27,-2.54,-3.73,16.31,-0.77,-0.99,0.27,0.62,-3.77,9.97,1.23,-0.35,0.26,2.09,-5.58,5.42,3.31,2.08,0.15,-1.28,-3.7,8.33,5.78,0.67,-0.51,-1.36,-2.39,7.94,1.46,-0.08,0.43,2.76,3.0,-4.6,0.47,-0.33,0.02,0.95,3.56,8.41,0.49,-0.02,0.02,0.48,1.45,8.86,-0.12,-0.05,0.01,0.45,-1.01,9.77,0.04,0.0,0.0,0.35,-0.43,9.8,-0.02,-0.01,0.0,0.35,-0.51,9.84,0.0,0.0,-0.0,0.34,-0.43,9.82,0.02,0.0,0.0,0.36,-0.93,9.9,0.3,0.07,0.01,0.28,-0.25,9.77,0.47,0.23,0.08,0.18,-0.87,10.17,0.42,0.46,0.26,0.0,1.2,11.01,-0.41,1.14,0.33,1.05,1.89,14.57,-0.99,2.3,0.85,-1.25,-0.39,19.3,-0.95,1.5,0.79,-5.04,-0.99,17.79,-0.75,-2.1,0.68,-2.74,0.18,18.67,-0.54,-4.69,0.31,-3.07,0.29,13.87,-0.68,-5.61,-0.08,-1.95,1.61,8.56
-0.54,-6.05,0.39,0.72,-1.86,2.22,1.98,-5.13,-0.19,1.54,-3.23,-0.3,0.9,-3.79,0.49,3.58,-2.22,-0.53,-0.41,-2.86,0.91,2.95,-0.4,1.3,-2.11,-2.21,0.03,6.22,-2.87,2.11,-1.92,-1.13,-0.21,8.19,-3.69,3.12,-1.93,-0.36,1.1,7.25,-2.31,2.8,-2.48,-0.24,1.65,7.27,-3.67,3.57,-2.0,-0.33,1.62,8.21,-4.34,4.99,-2.53,-0.56,0.77,8.73,-5.36,4.63,-3.57,-0.61,1.17,9.14,-5.74,3.93,-4.2,-0.73,0.92,7.44,-7.07,2.83,-3.55,-1.06,-0.75,8.2,-6.46,3.9,-1.75,-2.3,-2.25,7.45,-8.3,1.02,-2.71,-2.53,-3.12,8.48,-5.1,0.26,-1.03,-2.45,-1.83,8.32,-1.04,-2.38,0.43,-0.34,-0.79,7.83,-2.59,-2.2,0.59,0.62,-1.36,8.88,-2.3,-1.54,-0.07,0.55,-1.78,6.78,-3.06,-1.49,1.18,1.58,-1.48,7.58,-0.96,-2.73,0.01,2.87,-1.35,8.56,-1.95,-1.3,0.7,3.69,-0.27,6.87,-5.35,1.59,1.81,5.42,-0.04,7.07,1.1,5.17,-0.92,4.51,1.34,6.55,-4.73,7.03,-1.71,1.58,2.8,7.77,-5.3,3.89,-2.73,2.29,2.79,8.06,-6.03,5.42,-1.38,2.95,2.52,8.39,-7.64,8.0,0.63,3.48,1.46,3.82,-5.67,8.91,-0.76,2.67,1.83,6.73,-5.4,9.87,-0.03,1.97,2.0,5.62,-8.34,9.25
1.04,2.23,0.6,3.27,-7.49,11.63,0.79,0.45,0.14,3.48,-6.65,10.61,0.18,-0.34,-0.13,3.19,-5.52,7.47,-0.29,-0.03,0.04,1.99,-5.17,7.01,0.49,-0.19,0.58,4.03,-4.54,6.52,0.35,0.37,0.82,2.23,-4.27,9.64,0.89,-0.02,1.18,2.42,-5.85,13.95,4.07,-1.18,1.5,2.15,-3.22,13.73,4.67,-1.28,1.49,3.6,-1.12,9.62,3.32,-1.38,1.48,3.14,-0.12,7.73,1.32,-0.54,2.27,2.5,1.46,6.97,0.69,-0.35,3.9,1.37,-1.54,8.25,0.85,-0.3,3.81,3.61,-3.03,8.6,1.23,-0.47,2.85,1.25,-2.09,8.46,0.61,-0.91,3.02,0.42,-2.57,7.75,0.41,-0.3,3.7,0.66,-3.05,7.64,1.45,0.97,3.45,0.16,-4.97,9.48,0.59,1.09,2.95,-1.44,-4.4,9.07,0.73,0.98,2.64,-0.93,-5.74,9.25,1.25,1.17,2.37,-0.77,-4.41,10.08,0.86,0.97,2.16,-0.75,-3.94,10.04,0.98,0.84,2.27,-1.84,-2.08,10.04,0.04,1.23,1.69,-1.69,-3.02,10.19,0.57,0.97,1.12,-2.83,-3.13,12.06,0.86,-1.93,0.52,-0.22,-1.13,9.66,-0.42,0.18,0.5,-0.94,-2.18,11.09,0.42,0.53,0.17,-1.03,-1.33,9.86,-0.06,-0.28,0.22,-0.76,-1.19,9.5,-0.05,0.0,0.26,-0.62,-0.89,9.44,0.01,0.08,0.12,-0.7,-0.92,10.02
-1.55,-2.06,1.65,0.39,-3.7,8.28,-2.23,-2.52,2.04,1.26,-5.25,8.77,-4.64,-2.75,1.94,2.67,-6.72,9.36,-5.8,-2.54,1.99,2.09,-5.94,6.66,-5.3,-1.69,0.96,1.45,-6.91,5.34,-2.53,-0.77,-0.27,2.95,-5.7,2.84,-2.09,-0.31,-0.96,2.46,-7.09,3.15,-1.85,-0.36,-0.96,3.06,-7.59,3.4,-0.36,-0.46,-0.25,3.08,-8.53,3.01,-0.68,-0.56,0.03,3.23,-9.46,3.03,-1.42,-0.55,-0.05,2.18,-7.79,2.93,-2.28,-0.64,-0.59,2.48,-9.05,1.15,-1.29,-0.8,-1.26,3.56,-9.82,0.77,-0.51,-0.79,-2.08,3.44,-8.4,0.19,0.08,-0.56,-3.09,3.64,-7.27,0.61,-0.57,0.01,-4.05,6.11,-9.07,1.88,-0.88,0.47,-4.03,7.14,-8.4,0.94,-0.9,0.57,-3.53,7.84,-7.1,0.19,-0.46,0.31,-2.91,7.46,-5.83,-0.5,0.39,0.01,-2.74,7.48,-4.56,-0.94,1.76,1.29,-5.23,8.24,-4.03,-0.62,2.21,2.76,-7.16,8.87,-3.23,-0.1,4.25,3.83,-7.98,9.64,4.55,4.19,2.61,4.43,-6.32,8.35,4.82,4.58,1.3,3.94,-4.69,6.95,7.4,5.0,0.1,4.2,-3.64,5.93,6.74,7.28,-0.55,4.16,-1.92,2.0,4.06,4.36,1.47,-0.19,-2.85,4.58,7.15,6.86,-0.66,-0.44,-2.58,2.4,6.31,6.05,-0.58,-0.41,-2.55,2.69,6.23,5.87
-1.08,-0.45,-2.08,1.2,7.76,7.66,0.06,-0.51,-1.65,1.77,6.73,5.54,-0.38,-0.26,-1.47,-0.12,7.82,5.16,-3.64,-0.58,-1.56,0.12,7.86,5.48,-3.3,0.18,-1.79,0.53,6.03,8.08,-3.91,0.47,-1.59,-0.67,4.46,7.64,-4.14,0.75,-1.83,-0.58,1.41,8.23,-2.53,0.78,-2.75,-2.4,1.22,9.09,-3.14,0.58,-2.71,-2.18,-0.07,8.86,-0.63,-0.25,-1.33,-1.84,-0.5,11.68,2.32,-2.31,-1.25,-1.5,4.68,12.67,-2.3,-2.35,-1.6,1.09,1.63,8.63,-2.26,-1.61,-1.64,0.6,-1.27,11.34,-1.57,-0.83,-2.18,0.42,-2.38,10.52,0.19,-0.55,-1.51,-0.44,-1.94,9.91,0.37,-0.76,-1.21,0.25,-0.08,8.55,-0.37,-0.38,-1.45,0.33,-0.33,7.18,-1.54,0.39,-1.4,-0.01,0.21,7.37,-1.02,1.0,-0.62,-0.37,-0.99,8.2,-0.78,1.57,-0.27,-1.52,0.12,9.41,-1.44,1.63,-0.3,-3.15,-5.87,16.04,0.98,1.45,0.67,-2.63,1.88,9.72,-1.03,0.22,-0.0,-2.61,-1.25,10.75,-0.58,-0.54,0.14,-2.3,-2.59,11.98,0.72,-1.02,0.75,-2.15,-2.12,12.74,0.6,-0.82,0.88,-1.62,-2.33,13.82,0.62,-0.88,1.01,-2.39,-2.24,14.49,1.31,-1.57,1.53,-2.54,-2.04,13.91,1.04,-2.17,1.82,-2.2,-1.44,13.06,2.54,-4.8,2.05,-2.96,0.08,9.35
2.61,-7.28,2.36,-2.05,-0.7,8.03,2.73,-7.65,2.54,1.99,-1.22,4.95,4.02,-5.42,2.57,5.26,-1.68,1.65,3.67,-3.68,2.35,6.21,0.53,0.13,1.45,-2.51,1.82,7.69,-0.55,0.14,1.73,-1.66,1.8,7.98,-1.45,0.57,1.97,-1.01,1.66,8.7,-1.77,1.13,2.63,-0.84,1.54,8.94,-1.77,0.9,3.11,-0.68,1.38,9.34,-2.71,1.06,2.7,0.16,1.09,10.84,-1.16,0.51,2.6,2.06,-0.09,9.98,-2.06,2.39,4.09,3.35,-1.3,9.0,0.21,3.29,3.58,4.13,-2.17,8.68,1.46,4.79,3.17,4.62,-2.28,9.0,3.39,5.6,3.57,2.62,-2.01,5.55,5.52,6.55,2.58,1.47,-1.14,6.04,5.32,7.33,3.46,1.16,-0.07,6.88,4.87,5.24,4.42,2.12,-0.35,5.66,3.37,4.93,5.6,3.79,-0.21,5.37,8.7,4.3,1.49,1.59,0.27,4.53,5.73,6.26,2.67,1.31,1.0,6.29,6.63,4.02,2.5,1.65,0.54,6.34,5.82,3.43,1.56,1.15,0.36,6.69,5.92,2.4,-3.31,0.15,0.67,3.7,7.48,4.92,0.0,0.0,0.0,0.0,0.0,0.0,-10.28,0.14,7.17,5.01,4.52,4.0,-12.93,0.23,9.19,5.19,-0.68,5.69,-6.8,1.48,6.8,6.56,-5.83,6.4,-3.28,2.16,4.48,4.13,-7.01,6.86,0.32,1.48,2.45,3.31,-7.84,6.67
1.64,1.4,1.36,2.29,-7.89,6.36,2.27,1.48,1.26,0.33,-6.81,6.63,2.27,1.69,0.66,-0.38,-6.26,7.1,2.64,1.88,-1.18,0.29,-6.47,7.15,3.64,1.64,-1.94,0.19,-5.52,7.05,3.51,0.69,-1.1,-0.58,-2.56,6.9,2.6,0.31,-1.03,-0.51,-1.44,9.3,1.79,0.72,-1.29,0.66,-0.9,11.22,-0.34,1.95,-0.36,0.44,0.15,11.88,-0.11,2.06,0.15,-0.91,-1.17,11.84,2.46,0.31,-0.26,-1.5,-1.54,11.57,3.52,-0.39,-0.67,-0.99,0.21,11.62,5.04,-0.4,-0.79,-1.24,1.14,11.3,6.34,-0.71,-1.15,-0.18,1.08,10.26,6.69,-1.2,-1.79,0.49,2.32,9.69,3.58,-1.28,-1.52,-0.38,4.92,7.86,2.5,-0.87,-1.21,0.29,6.82,6.8,5.63,-0.48,-0.87,-0.9,9.43,5.63,6.66,-0.09,0.14,-1.16,11.84,5.51,0.23,0.46,2.27,-2.27,10.77,7.19,-1.87,-3.88,2.67,-1.24,2.72,3.65,-1.86,-7.58,-0.9,2.3,3.31,-1.26,0.5,-7.54,-1.38,2.91,9.65,1.14,-2.85,-5.22,-2.37,4.95,8.27,0.07,-2.81,0.89,-2.07,0.27,8.27,2.55,-2.38,2.48,-0.67,-0.75,8.84,4.65,-2.27,1.94,1.18,0.39,9.52,4.41,-5.36,-0.63,0.14,3.12,7.21,4.8,-7.35,0.73,-1.15,2.31,3.81,6.77,-5.47,2.35,-2.1,-1.66,-1.79,8.69
-1.78,1.58,-1.71,-2.52,-0.03,10.4,-0.17,-0.95,-0.22,-1.84,2.16,10.05,0.42,-3.1,-0.2,1.02,3.64,8.7,-1.25,-2.8,-1.11,2.42,2.77,8.45,-2.46,-1.78,-1.77,1.34,1.09,9.87,-1.93,-1.21,-1.99,1.5,0.53,10.17,-1.8,-1.07,-1.54,2.67,-0.14,10.25,-1.02,-0.68,-1.22,2.15,-0.84,10.48,-0.11,-0.42,-1.4,2.42,0.7,9.36,-0.03,-0.35,-1.03,2.21,1.6,9.04,-0.2,-0.23,-0.52,1.66,1.29,9.67,-0.3,-0.24,-0.04,2.32,1.36,9.29,-0.7,-0.47,-0.02,2.88,0.47,10.36,-0.27,-0.39,-0.31,2.51,-0.39,10.55,0.05,-0.64,-0.45,2.89,-0.39,10.87,0.42,-2.22,-0.8,2.56,-0.23,10.24,0.63,-3.11,-0.79,3.76,0.02,8.92,0.74,-3.3,-0.83,4.69,-0.15,7.49,0.8,-3.36,-0.86,4.62,0.12,6.66,1.41,-2.96,-0.93,5.56,1.02,5.75,1.17,-2.8,-0.72,6.35,2.18,5.39,0.44,-2.14,-0.09,7.22,2.72,4.81,0.14,-1.39,0.08,7.77,2.32,5.47,0.09,-0.5,-0.08,7.92,1.9,5.25,0.06,-0.28,-0.19,8.05,1.58,5.33,-0.05,-0.42,-0.04,8.09,1.56,5.32,-0.08,-0.74,-0.09,8.0,1.61,4.77,-0.19,-0.71,-0.05,8.88,1.88,4.73,-0.33,-0.29,0.02,9.12,1.79,4.14,-0.58,-0.13,0.01,9.02,1.41,4.62
-2.27,0.25,1.17,8.75,3.01,3.02,-3.41,0.49,1.84,8.57,0.85,3.53,-2.7,1.08,1.85,8.36,-0.5,4.81,-1.93,1.95,1.11,8.31,-1.59,6.05,-0.99,2.75,0.73,8.46,-1.35,6.75,-0.55,3.08,0.6,6.88,-2.01,7.0,-0.23,2.57,0.84,5.86,-2.04,8.11,-0.05,1.76,0.59,5.45,-2.44,8.37,0.3,1.27,0.39,5.37,-2.62,8.32,0.85,1.4,0.4,5.42,-2.62,8.55,1.46,1.66,0.33,4.35,-1.73,8.0,0.98,2.02,0.3,3.15,-2.18,7.79,0.94,2.22,0.94,2.95,-1.89,7.59,-0.31,1.7,2.42,3.05,-3.56,7.75,-0.24,0.1,2.75,2.87,-3.38,8.54,-0.72,-1.26,2.09,2.98,-2.81,7.57,-1.79,-2.9,0.48,3.47,-2.59,9.48,-2.97,-3.34,-0.67,4.52,-3.47,9.11,-1.73,-3.12,-1.04,5.51,-3.62,9.89,-0.24,-1.4,-1.22,5.99,-4.54,8.84,1.13,0.12,-1.19,6.52,-2.8,7.42,0.9,1.24,-0.41,6.32,-2.47,7.76,1.41,1.48,0.02,5.45,-3.46,8.17,2.49,1.78,0.57,4.68,-1.96,8.47,3.21,1.32,0.72,2.14,-1.25,9.27,1.86,-0.66,0.06,6.96,1.09,7.67,2.45,-0.29,-0.08,5.86,-0.77,9.23,4.56,0.32,-0.46,5.5,0.82,8.58,4.8,0.14,-0.56,4.48,2.59,7.12,3.97,0.31,-0.36,4.82,3.98,7.11
3.09,0.34,-0.24,4.12,4.31,6.91,3.76,0.67,-0.12,4.38,4.77,6.38,3.48,0.84,-0.58,3.68,6.09,5.35,2.52,0.62,-0.51,3.52,6.58,5.16,2.61,0.74,-0.49,2.98,7.14,5.4,2.81,0.51,-0.6,3.23,7.6,3.88,2.13,0.46,-0.53,3.51,9.07,3.77,2.09,-0.23,-0.02,2.94,7.89,4.02,2.73,-0.18,-0.33,3.51,8.27,3.09,3.31,-0.4,-0.12,2.26,9.48,1.21,1.3,-0.67,0.62,3.02,8.7,-0.12,-1.68,-0.93,1.02,3.11,8.82,1.6,-3.56,-1.7,1.88,3.04,8.67,1.6,-4.47,-2.06,2.49,3.9,7.04,1.5,-5.74,-1.95,3.27,6.06,5.13,3.37,-5.83,-2.02,3.91,6.51,3.99,4.45,-4.45,-1.37,3.83,8.63,3.39,5.77,-2.41,1.06,2.07,8.73,1.79,4.03,-1.6,0.58,1.63,7.44,1.77,5.5,-1.6,0.3,1.81,7.98,0.21,5.61,-2.15,0.34,1.65,7.69,-0.21,6.09,-2.0,0.03,1.52,7.83,-0.97,6.51,-2.07,-0.26,1.42,8.08,-1.04,6.3,-2.09,-0.53,1.76,8.33,-1.83,6.02,-1.15,-1.24,2.23,8.29,-4.44,5.29,-1.29,-1.37,2.53,7.36,-3.66,4.48,-2.11,-1.07,2.31,7.17,-4.26,4.01,-1.16,-0.79,2.32,7.83,-6.32,3.91,-0.49,-0.84,1.65,6.83,-6.36,3.17,-1.27,-0.9,1.33,6.86,-6.49,3.8
0.99,-0.5,2.16,6.31,-6.0,2.32,0.69,-0.54,1.96,5.33,-7.62,2.81,0.63,-0.31,1.13,5.53,-8.62,2.79,0.7,-0.19,1.23,5.42,-8.1,3.42,0.56,0.0,2.3,4.98,-7.48,3.58,0.54,0.27,2.77,4.09,-8.06,3.88,0.85,0.42,2.49,3.48,-7.88,5.39,0.99,0.14,2.35,2.45,-8.43,5.16,0.82,-0.42,2.29,0.93,-9.15,5.23,0.56,-1.06,1.98,0.98,-9.06,5.25,0.72,-1.22,1.51,-0.02,-9.81,5.04,0.88,-1.33,0.98,-0.66,-10.19,4.76,1.06,-1.18,0.58,-0.69,-9.16,5.07,0.88,-0.98,0.47,-0.86,-9.77,5.29,0.88,-0.79,0.24,-1.28,-9.96,5.53,1.51,-0.47,0.08,-1.01,-9.39,5.99,1.76,-0.28,0.29,-2.25,-8.74,6.39,0.64,-0.4,0.29,-1.04,-9.99,6.44,0.29,-0.63,0.32,-0.27,-8.81,7.31,0.07,-0.73,0.2,0.03,-8.11,7.37,-0.16,-0.53,-0.13,1.22,-7.93,6.81,-0.58,-0.26,-0.55,1.45,-7.67,6.3,-1.06,-0.04,-1.14,1.12,-8.18,6.59,-0.59,-0.04,-1.42,2.0,-8.26,6.25,-0.8,-0.02,-1.35,2.27,-8.12,5.79,-1.07,-0.03,-1.37,2.53,-8.27,5.79,-0.92,-0.05,-1.1,2.96,-8.41,5.5,-1.05,-0.0,-1.12,2.99,-8.42,5.2,-1.11,0.1,-1.54,3.24,-8.66,5.05,-0.86,0.23,-1.72,3.83,-8.41,4.91
-1.11,0.39,-1.62,4.46,-8.13,4.37,-1.29,0.47,-1.65,4.76,-8.03,4.14,-1.26,0.5,-1.99,5.35,-8.08,3.98,-0.86,0.34,-2.47,5.92,-7.47,3.98,-0.87,0.14,-2.56,6.7,-6.89,3.94,-0.7,-0.09,-2.67,7.17,-6.17,3.42,-0.4,-0.45,-3.2,7.41,-5.2,3.02,-0.43,-0.58,-3.28,8.57,-3.38,2.56,-0.44,-0.68,-2.6,9.0,-2.46,2.06,-0.44,-0.56,-1.7,9.14,-2.46,1.69,-0.43,-0.3,-1.61,9.47,-1.94,1.49,-0.17,-0.16,-1.69,9.37,-1.63,1.41,0.14,-0.15,-1.71,9.59,-1.53,1.29,0.57,-0.39,-1.94,9.59,-0.83,1.09,1.03,-0.51,-2.51,9.71,0.07,1.5,1.44,-0.32,-2.91,9.8,0.13,1.25,1.66,-0.3,-3.02,9.53,0.57,1.2,1.77,-0.37,-2.99,9.58,1.5,1.31,1.85,-0.36,-3.26,9.0,3.0,0.83,1.74,-0.17,-2.98,8.76,3.79,0.54,1.6,-0.11,-2.52,8.39,4.55,0.34,1.78,-0.33,-2.47,8.09,5.22,0.01,2.03,-0.38,-2.69,7.89,5.65,-0.44,2.1,-0.37,-2.74,7.13,6.53,-1.17,2.13,-0.44,-2.66,6.37,6.56,-1.03,1.98,-0.72,-2.79,5.72,7.24,-2.04,1.78,-0.78,-2.44,4.75,7.48,-2.92,1.52,-0.51,-1.93,4.24,7.55,-3.39,1.64,-0.42,-2.09,3.46,7.22,-3.95,1.41,-0.48,-2.48,2.03,7.02,-4.75
1.71,-0.24,-2.24,1.33,7.78,-5.43,1.57,0.01,-1.99,0.78,7.45,-5.62,1.14,0.51,-1.53,0.81,7.62,-6.06,0.77,1.06,-0.98,0.69,7.47,-6.03,0.38,1.48,-0.35,1.21,7.32,-5.72,0.42,1.49,0.01,1.91,7.01,-6.36,0.74,1.05,0.14,1.81,7.84,-5.96,0.74,0.98,0.37,2.4,6.81,-5.82,0.39,0.98,0.39,2.26,6.46,-6.26,0.25,1.0,0.46,1.38,6.81,-6.46,0.74,1.29,0.4,1.76,6.31,-6.31,0.69,1.74,0.13,3.43,5.33,-5.74,0.25,2.16,0.09,4.39,6.04,-5.72,0.4,2.59,-0.21,4.78,6.49,-4.92,0.34,2.76,-0.32,4.9,6.52,-4.45,0.09,2.94,-0.06,5.48,6.43,-3.8,-0.05,3.0,0.53,6.06,7.08,-3.2,-0.14,2.77,0.41,6.1,6.44,-2.6,-0.42,3.11,0.41,7.43,5.74,-2.12,-0.48,3.94,0.4,7.38,5.33,-1.55,-1.33,2.17,0.5,6.05,5.33,-4.41,-0.66,-1.38,0.53,7.74,5.74,-1.1,-1.35,-0.58,-0.04,7.28,4.91,-2.5,-1.2,-0.38,-0.11,7.29,4.93,-2.17,-2.03,0.01,0.07,7.25,4.45,-2.01,-3.81,0.48,0.33,7.43,4.2,-1.39,-2.77,0.66,0.23,7.24,4.13,-0.62,-1.03,1.33,-0.56,7.41,5.03,-0.29,-2.74,0.93,-0.51,6.56,5.7,0.0,-4.14,1.04,-0.03,7.13,4.86,1.83
-3.14,1.29,-0.11,6.49,5.16,3.67,-2.62,1.54,0.25,6.57,5.46,4.37,-2.98,1.31,0.38,6.15,4.26,5.44,-2.15,1.13,0.27,6.47,3.12,5.79,-1.87,1.33,0.33,5.03,3.41,5.9,-1.79,1.08,0.46,6.11,2.62,6.61,-0.89,1.35,0.48,5.83,1.76,8.01,0.46,1.4,0.19,4.9,1.43,9.71,1.29,0.74,-0.05,4.77,2.09,8.94,1.29,0.67,-0.19,4.82,1.78,8.74,1.25,1.14,-0.57,5.12,2.18,8.09,0.38,1.17,-1.16,4.5,3.37,9.01,-0.2,0.9,-1.58,3.91,3.92,9.14,-0.56,0.87,-1.32,2.85,4.77,9.83,-3.25,1.48,-0.67,3.11,2.96,9.6,-4.64,2.86,-0.02,3.09,1.21,9.77,-5.91,3.68,0.57,-2.86,-6.03,7.19,0.18,0.03,0.79,-1.21,-3.32,12.29,-1.5,-1.11,0.66,-0.35,-2.2,10.99,-1.97,-1.64,-0.37,2.11,-3.05,10.42,-0.99,-1.06,-0.52,2.51,-2.66,9.29,-1.56,-1.09,-0.79,2.22,-3.03,9.19,-1.8,-1.09,-0.82,2.38,-3.88,9.34,-1.02,-1.31,-0.7,3.19,-3.42,9.2,-1.17,-1.91,-0.76,3.28,-3.41,8.88,-1.65,-2.23,-0.98,4.22,-3.73,8.01,-1.43,-1.94,-1.11,5.16,-4.01,7.35,-0.88,-1.47,-1.12,5.56,-3.34,6.97,-1.09,-0.92,-1.11,5.84,-3.31,6.82,-2.02,-0.72,-1.02,6.29,-4.23,6.21
-2.51,-1.06,-0.81,6.17,-4.14,6.02,-3.05,-1.53,-0.9,7.15,-4.3,5.85,-1.96,-1.67,-1.06,8.06,-5.14,5.09,-1.35,-1.23,-1.07,7.41,-4.54,4.2,-0.49,-0.27,-1.22,7.69,-4.1,4.03,0.3,0.27,-0.67,7.86,-4.38,3.11,0.38,0.3,-0.84,7.1,-3.69,3.24,0.06,0.59,-0.87,9.07,-3.67,3.79,0.47,0.81,-0.64,9.59,-3.99,4.02,2.63,1.34,-1.03,8.6,-4.92,4.87,5.16,1.8,-1.67,7.17,-3.48,5.07,4.57,1.67,-2.67,6.61,-0.73,5.24,1.61,1.59,-3.04,6.83,1.64,6.4,-0.75,1.72,-2.33,5.74,2.02,7.25,-0.74,1.79,-1.6,6.27,0.87,6.4,-1.05,2.0,-0.74,5.31,2.28,7.23,-3.25,1.88,0.01,3.33,0.07,6.83,-1.02,1.37,0.16,5.45,1.16,8.5,-0.39,0.57,-0.14,4.53,0.24,7.51,-1.5,0.45,-0.25,3.94,-0.36,7.25,-2.06,0.71,0.23,3.56,-0.09,8.26,-2.7,0.34,0.67,3.26,-0.97,8.44,-3.58,0.14,0.51,3.91,-3.24,9.07,-2.99,0.19,0.21,3.92,-4.27,10.72,-1.69,-0.01,0.3,3.88,-4.15,10.36,-1.11,-0.25,0.37,4.11,-4.41,9.39,-0.76,-0.2,0.44,3.71,-4.58,9.21,-0.25,-0.18,0.52,3.39,-4.59,8.76,-0.74,-0.54,0.5,3.56,-5.41,8.15,-0.75,-0.66,0.23,3.55,-5.65,7.56
-2.0,-0.62,-0.75,4.54,-7.08,6.17,-2.26,-0.89,-0.97,6.25,-7.49,4.81,-2.57,-0.68,-0.96,6.6,-8.16,4.46,-3.22,-0.01,-1.06,6.28,-7.9,3.77,-2.62,0.04,-0.84,6.6,-8.08,2.9,-2.32,-0.03,-0.85,5.7,-8.35,2.28,-2.38,0.05,-1.1,6.98,-7.93,1.91,-1.88,0.11,-0.97,6.36,-7.35,1.67,-0.66,0.04,-0.35,7.37,-6.86,1.33,-0.29,-0.05,-0.03,7.24,-7.04,0.75,-1.05,0.11,-0.26,6.65,-7.27,0.65,-0.28,0.14,-0.36,7.43,-6.84,0.98,0.2,-0.05,0.13,7.27,-6.81,0.84,0.16,-0.02,0.35,7.24,-7.12,0.79,-0.19,0.19,0.08,6.81,-7.22,0.91,-0.4,0.06,-0.23,6.86,-7.31,1.21,-0.06,-0.06,-0.14,6.96,-7.42,1.12,0.51,-0.02,0.6,6.66,-7.11,1.61,-0.17,0.02,0.56,5.72,-7.37,1.18,-2.76,-0.18,0.26,5.64,-7.59,0.77,-2.12,-0.37,-0.51,8.88,-8.22,0.41,-0.4,-0.37,-0.73,7.49,-7.38,-0.2,0.41,-0.42,0.07,7.66,-7.29,-0.51,0.96,-0.47,0.62,7.25,-6.88,-0.64,0.42,-0.4,0.41,6.61,-7.13,-0.64,0.05,-0.45,0.03,6.07,-7.8,-0.18,-0.13,-0.69,-0.04,6.86,-7.63,-0.53,-0.82,-0.59,-0.28,6.12,-7.57,-0.44,-0.24,-0.38,-0.73,7.45,-6.91,-1.67,-0.34,-0.48,-0.55,8.76,-7.54,-2.73
-0.26,2.12,-0.8,7.26,-6.62,-1.44,-0.75,2.29,-0.04,8.1,-6.1,-1.11,-0.85,2.56,0.16,7.78,-5.79,-0.26,-0.93,2.52,0.38,7.69,-6.76,1.02,0.27,2.19,0.52,7.64,-7.67,2.07,0.39,1.5,0.34,7.73,-6.74,1.65,-0.1,1.14,-0.48,8.94,-5.32,0.55,-0.3,2.0,-2.38,7.45,-6.67,1.81,1.04,2.7,-2.84,7.82,-6.64,2.44,0.3,2.84,-2.59,7.97,-6.26,2.8,0.1,2.64,-2.93,8.16,-5.57,4.41,0.51,2.28,-4.16,7.62,-5.91,5.74,0.85,1.43,-5.45,7.8,-3.01,5.81,0.92,1.26,-5.12,8.39,-0.86,6.74,0.45,1.67,-3.67,8.18,0.39,6.79,-0.07,2.1,-2.85,6.62,0.76,6.61,-1.72,3.38,-1.79,6.97,2.3,6.13,-2.47,4.87,-1.06,4.67,0.42,7.87,-0.63,4.93,-0.86,-0.36,1.35,11.27,-0.23,0.08,-0.84,1.25,0.3,8.06,0.55,0.55,-0.99,2.62,2.26,9.03,-0.83,1.05,0.08,0.3,0.82,9.02,-0.38,0.31,0.05,0.91,0.73,8.75,-0.21,-0.06,0.1,1.7,0.75,9.21,-0.71,0.09,0.64,1.24,0.39,9.3,-0.93,-0.05,1.01,1.01,-0.47,9.27,-0.91,-0.59,1.06,2.09,-0.31,9.67,-1.31,-0.23,1.77,1.34,-0.55,9.59,-2.08,0.08,3.19,1.77,-1.21,9.16,-1.77,-0.33,2.77,2.53,-2.15,8.85
-1.59,0.08,2.3,2.34,-1.96,8.96,-2.67,0.03,3.1,1.36,-3.67,8.94,-2.46,-0.15,2.88,1.91,-4.83,8.76,-1.85,0.1,2.25,1.23,-5.06,8.78,-1.89,-0.14,2.15,0.09,-6.59,8.08,-1.53,-0.2,2.06,0.71,-7.55,8.04,-1.12,0.18,1.79,0.08,-6.95,7.54,-0.98,0.38,2.06,-1.73,-6.92,7.56,-0.49,0.12,2.78,-2.47,-7.56,7.05,-0.51,-0.2,2.82,-2.11,-9.42,6.99,-0.29,-0.37,2.89,-3.37,-8.21,7.32,0.0,-0.84,2.88,-2.63,-6.42,7.12,-0.66,-1.21,2.66,-1.35,-6.62,7.35,-0.69,-0.39,2.42,-1.93,-6.0,7.28,-0.99,-0.03,2.61,-4.07,-5.71,7.03,-1.62,-0.57,2.57,-3.54,-6.27,7.42,-1.07,-0.89,1.61,-4.21,-6.88,6.59,-0.64,-0.65,0.57,-4.08,-6.53,6.71,-1.46,-1.21,1.17,-3.37,-7.27,6.62,-1.01,-1.27,0.84,-3.79,-7.18,6.61,-0.92,-1.15,0.8,-3.83,-6.34,6.88,-1.75,-1.77,1.99,-3.81,-7.0,6.24,-1.55,-2.03,2.34,-3.77,-7.29,6.0,-1.86,-2.41,1.62,-3.8,-7.08,6.35,-2.2,-2.8,1.19,-2.81,-7.19,6.28,-2.33,-2.99,0.96,-3.2,-7.5,5.52,-2.32,-2.59,0.05,-2.19,-7.66,5.71,-2.07,-2.04,-0.53,-1.28,-8.33,5.82,-1.84,-1.78,-0.78,-1.37,-8.46,5.38,-1.48,-1.0,-0.77,-1.16,-8.14,4.57
0.97,1.25,-1.41,-0.2,-9.03,4.82,1.1,1.37,-1.91,0.19,-8.97,5.16,1.05,1.36,-2.02,0.63,-8.4,5.47,1.06,1.03,-1.45,0.3,-7.89,5.7,0.69,0.7,-0.93,0.64,-8.58,5.84,0.97,0.68,0.36,0.67,-8.24,5.8,0.39,0.38,0.68,-0.22,-8.62,6.26,-0.01,-0.18,-0.26,0.65,-7.4,6.37,-0.23,0.07,-0.68,1.56,-7.39,5.68,-0.29,0.92,-0.35,0.13,-9.04,6.19,0.07,0.75,-0.35,-0.41,-7.9,6.37,0.0,-0.16,-0.38,0.42,-7.95,6.98,1.04,-0.69,-0.41,0.56,-8.19,7.24,1.47,-1.68,0.49,0.06,-7.98,6.6,1.18,-1.4,0.94,0.8,-7.7,6.97,1.03,-0.71,0.94,0.55,-6.97,7.25,1.0,-0.85,0.7,0.6,-6.78,7.08,0.93,-0.48,0.83,0.5,-6.86,8.02,1.12,-0.45,1.06,0.59,-6.01,7.39,1.64,-0.5,0.85,0.38,-6.21,7.65,1.63,-0.27,0.78,0.29,-6.08,8.27,2.11,-0.18,0.72,0.18,-5.38,8.27,2.34,-0.55,0.55,-0.05,-4.18,9.33,0.93,-1.14,-0.14,0.7,-3.64,9.18,0.44,-1.06,-0.35,1.69,-3.26,8.92,0.02,-0.55,-0.1,1.68,-3.41,9.87,0.21,-0.03,-0.2,1.47,-2.91,9.69,0.54,-0.23,-0.04,1.2,-4.35,9.15,0.4,-0.3,-0.15,2.3,-3.65,9.54,0.46,-0.06,-0.27,2.63,-2.22,8.85
1.44,-1.21,0.84,1.78,-3.47,9.33,1.63,-1.56,1.12,2.59,-3.27,9.39,2.09,-1.71,0.87,3.52,-3.07,9.26,2.12,-2.08,0.64,3.51,-1.92,9.09,2.28,-2.09,0.55,4.68,-1.3,8.92,0.26,-0.41,0.68,4.52,-1.25,8.93,0.95,0.45,0.18,4.28,-0.56,8.54,0.2,-0.14,0.33,3.47,0.13,8.25,-1.14,-0.82,1.23,4.58,-0.39,8.82,-0.54,-0.56,1.22,5.42,-3.02,8.42,0.83,-0.33,0.8,4.96,-2.33,8.64,1.57,-0.35,0.66,5.23,-1.71,8.09,2.25,-0.45,0.64,5.38,-1.49,8.49,2.74,-0.14,0.42,5.43,-0.8,7.99,2.81,0.61,-0.22,5.24,0.28,7.98,2.68,0.8,-0.14,4.77,0.94,8.36,3.12,0.73,-0.02,4.18,1.66,8.41,4.23,1.08,-0.15,4.98,2.62,7.43,2.97,1.22,-0.32,5.26,4.96,6.11,0.59,0.43,-0.67,3.99,4.22,6.86,-0.09,0.24,-0.21,3.51,4.57,7.59,0.11,0.0,-0.21,3.34,4.32,7.9,0.64,0.16,-0.14,3.8,4.69,7.26,0.35,0.25,-0.19,3.97,4.72,7.37,0.19,0.13,-0.2,3.21,4.5,7.6,0.26,0.12,-0.24,3.38,4.44,7.74,0.38,0.01,-0.34,3.36,4.66,7.28,0.55,0.17,-0.26,3.23,5.33,7.17,0.39,0.09,0.05,3.01,5.27,7.47,0.21,-0.17,-0.07,3.08,4.7,7.42
-1.92,-0.66,0.68,4.41,8.14,-1.28,-2.74,-0.66,0.86,4.61,8.05,-0.57,-3.56,-0.39,0.83,5.13,7.18,0.48,-2.22,-0.59,0.54,6.02,7.35,1.23,-1.43,-0.39,0.61,6.05,7.0,0.97,-1.37,-0.03,0.66,6.17,6.91,1.18,-1.15,0.46,0.77,5.84,6.51,2.6,-0.64,0.64,0.67,6.08,6.39,2.38,-0.46,0.93,0.53,6.08,6.16,2.18,-0.46,1.44,0.33,5.81,6.09,2.75,-0.52,1.54,0.47,5.13,6.22,2.85,-0.84,1.66,0.94,5.22,6.37,3.04,-0.45,1.58,1.31,4.76,5.45,4.43,0.45,1.97,1.1,7.12,5.38,4.05,-0.11,1.91,0.4,5.22,5.84,5.22,0.08,2.4,0.57,4.8,5.68,5.94,-1.03,1.9,0.81,4.78,4.51,5.99,-1.29,2.31,0.83,4.07,4.14,6.29,-1.15,2.49,0.92,3.93,3.52,7.46,-1.02,2.2,0.8,3.61,3.46,7.77,-1.2,2.28,0.66,4.15,4.2,10.73,-0.62,0.93,1.05,3.0,3.03,10.69,-0.09,0.33,1.13,3.28,2.41,8.65,-0.0,0.67,0.65,2.84,2.07,7.93,-0.26,0.86,0.53,2.94,2.41,8.6,-0.39,0.59,0.63,3.65,2.77,9.52,-0.25,0.42,0.54,3.19,1.66,10.14,0.59,-0.02,0.19,2.32,1.42,8.96,0.68,0.57,-0.03,2.42,2.43,8.2,0.45,0.68,-0.25,1.88,3.08,8.81
1.52,-0.63,-1.04,0.84,5.94,7.71,2.09,-0.76,-0.64,0.98,6.1,7.21,2.33,-0.81,-0.55,1.36,5.61,6.99,2.02,-1.02,-0.9,1.01,6.31,6.92,0.92,-1.35,-1.1,0.89,7.56,4.92,-0.42,-1.43,-1.02,0.44,8.25,4.2,-1.85,-1.39,-0.73,0.64,8.03,4.28,-2.38,-0.77,-0.59,1.01,6.35,6.29,-0.72,-0.41,-0.67,1.43,5.99,7.09,0.0,-0.52,-0.57,0.87,6.36,7.19,-0.36,-0.75,-0.4,1.01,6.49,6.61,-0.48,-0.7,-0.43,0.97,6.23,6.86,-0.74,-0.67,-0.18,0.69,6.61,7.07,-1.03,-0.57,0.1,1.15,6.17,7.12,-1.12,-0.81,0.13,1.39,5.92,7.5,-1.89,-1.36,0.52,1.03,5.27,8.28,-1.46,-1.63,-0.2,3.91,4.36,7.68,-1.76,-1.08,-0.59,3.42,3.66,6.54,-1.24,-0.21,-0.86,2.57,3.91,7.75,-0.89,0.36,-0.69,1.61,4.2,8.76,-0.68,0.09,-0.39,2.07,4.32,8.67,-1.92,-0.1,-0.4,1.99,4.01,8.59,-3.2,0.44,-0.69,2.42,1.95,8.51,-2.99,1.26,-0.87,2.26,1.79,8.98,-2.67,1.56,-0.85,1.13,1.27,9.44,-1.79,1.44,-0.66,-0.14,-0.15,9.96,-0.9,0.31,-0.19,-0.03,0.7,9.98,-1.0,-0.25,-0.48,1.03,-0.36,9.83,-1.21,-0.09,-1.07,1.02,-0.65,9.59,-1.3,-0.02,-1.42,0.42,-0.97,9.21
-1.56,-0.45,-1.57,0.23,-1.84,9.27,-1.33,-0.86,-1.33,0.8,-3.03,9.65,-0.41,-1.12,-0.51,2.11,-3.46,10.49,-0.15,-1.01,-0.26,2.06,-2.97,10.15,0.28,-0.89,-0.39,1.97,-3.26,9.81,0.6,-0.86,-0.5,2.56,-2.21,10.2,0.54,-1.69,-1.03,3.21,-3.09,10.45,1.0,-3.71,-1.74,3.89,-2.0,9.73,1.55,-4.75,-1.78,4.08,-1.25,8.5,2.18,-4.94,-1.54,10.61,5.21,12.25,1.75,-1.13,-0.5,6.48,2.49,5.34,0.87,-0.49,0.04,6.29,1.37,5.25,-0.03,-0.0,0.58,7.03,0.26,6.1,0.15,0.37,0.4,7.02,0.0,5.96,0.5,0.91,0.28,6.18,0.93,6.98,0.09,0.74,0.23,6.94,1.07,8.52,0.3,-0.31,-0.1,7.06,0.13,9.12,1.13,-0.68,-0.33,6.72,1.14,7.86,1.19,-1.19,-0.33,6.79,2.04,6.86,0.62,-1.65,-0.63,7.14,1.51,5.87,0.57,-1.78,-0.92,6.57,1.95,4.47,-0.51,-1.08,-1.18,6.82,1.93,3.66,-0.83,-0.26,-0.87,7.45,2.67,4.71,-1.01,0.13,-0.39,7.47,2.38,5.62,-0.86,0.16,-0.91,7.2,2.16,6.13,-1.48,-0.03,-0.56,7.65,2.48,6.43,-1.28,-0.21,-0.44,7.34,1.71,6.46,-1.12,-0.06,-0.65,6.9,2.0,6.5,-1.44,0.03,-0.51,7.77,2.17,6.61,-1.57,0.5,-0.05,7.04,0.61,6.94
-2.5,0.13,1.24,3.62,-1.14,9.26,-1.14,-0.1,1.74,3.81,-2.0,9.12,0.63,-0.47,1.36,3.99,-1.42,8.41,0.39,-0.75,1.04,4.95,-1.64,8.25,-1.07,-1.34,0.82,4.96,-2.99,9.21,-0.01,-2.21,0.61,5.68,-2.97,8.47,-0.14,-2.92,0.26,5.49,-3.3,7.87,-2.09,-3.63,-0.76,6.71,-2.94,9.27,-1.19,-3.74,-0.67,8.9,-3.69,7.5,-0.52,-3.86,-0.25,9.59,-2.91,4.56,0.02,-3.77,-0.22,10.44,-2.83,3.22,1.08,-3.15,-0.69,9.58,-2.67,2.64,1.08,-3.16,-1.66,8.63,-1.6,1.24,1.06,-3.43,-2.65,7.86,-2.44,-0.06,1.27,-3.67,-1.84,9.51,-0.41,1.78,-1.03,-1.69,-0.18,6.6,0.89,-1.33,-0.56,-0.16,0.07,8.74,-0.75,-0.51,1.49,0.71,0.24,9.33,0.47,-1.39,1.41,1.46,0.15,10.3,0.27,0.98,0.74,0.18,-0.3,10.21,-0.41,-0.38,0.04,-2.06,-2.03,9.55,0.73,-1.64,-0.52,-2.33,-2.22,10.46,1.04,-2.07,0.05,-0.23,-2.21,11.43,1.8,-2.9,-0.55,1.56,-2.52,10.44,3.02,-2.24,0.84,4.33,-2.5,9.16,1.56,-1.27,0.82,5.35,-2.29,8.65,3.52,0.21,1.11,5.54,-2.15,7.85,4.96,1.6,0.52,4.59,-2.3,6.13,4.56,3.35,1.03,2.86,-1.98,4.99,5.17,4.18,0.34,0.23,-1.13,4.7,4.4,5.11
-0.35,-2.11,-1.06,6.19,6.36,3.23,-0.07,-2.26,-1.38,5.7,6.08,2.61,0.52,-2.76,-1.79,5.46,6.07,2.25,1.14,-3.35,-2.76,5.17,6.39,1.86,2.45,-2.24,-2.82,4.84,5.68,0.73,1.6,-1.03,-2.05,4.08,9.03,-1.33,-0.73,0.1,-2.33,4.3,9.4,-1.18,-1.14,0.9,-2.27,3.36,9.54,-0.4,-1.17,1.05,-2.07,2.22,9.07,0.7,-0.8,1.12,-2.03,1.42,8.52,1.05,-0.35,1.39,-2.1,0.43,8.86,1.08,-0.67,1.52,-2.4,-0.66,9.13,1.17,-1.14,0.41,-0.12,0.91,9.64,1.84,-0.75,0.51,0.11,0.15,9.46,1.98,-2.05,0.75,-0.41,-0.52,8.31,2.42,-2.12,1.06,-0.62,-0.92,8.57,2.76,-3.11,0.89,-1.1,-1.62,7.35,3.03,-4.45,0.44,-1.61,-1.88,4.47,3.57,-3.41,0.74,-1.43,-2.5,5.39,7.8,-0.1,-0.43,-0.91,-0.66,7.38,7.37,-0.71,-0.6,0.52,-2.45,8.38,6.32,-2.58,-0.93,0.56,-1.79,4.49,6.69,-0.9,-0.7,0.34,-1.82,5.36,7.67,-1.01,-0.56,0.3,-1.12,4.27,7.94,-0.38,-0.53,0.03,-1.71,4.28,7.87,0.09,-0.64,-0.46,-1.15,3.75,7.45,0.18,-0.55,-1.07,-1.28,5.13,8.16,-0.41,-0.47,-0.66,-1.21,6.17,7.73,-0.21,-0.34,-0.45,-1.8,6.51,7.53,0.26,-0.03,-0.14,-1.86,6.67,7.87
-1.51,-0.54,1.51,-1.13,4.22,7.8,-2.44,-0.62,2.42,0.64,3.38,7.75,-1.46,-0.32,3.0,1.02,1.77,10.03,2.03,0.21,1.89,1.68,2.98,8.92,1.22,0.46,0.94,0.28,6.09,10.32,0.06,-0.14,0.57,0.42,2.49,9.03,0.09,-0.36,0.61,1.06,3.16,9.57,-0.74,-0.01,0.76,1.74,3.29,9.13,-0.88,-0.28,0.46,2.05,3.17,8.93,-0.84,-0.33,0.38,1.83,2.72,8.89,-1.05,-0.4,0.3,2.2,1.78,9.21,-0.71,-0.33,0.49,2.45,1.74,9.89,-0.6,-0.07,0.48,2.51,1.66,9.66,-0.23,0.27,0.61,2.94,1.85,10.12,1.86,0.8,0.58,3.13,2.77,11.1,2.69,1.59,0.06,1.78,3.11,7.01,-1.24,0.31,0.46,0.37,3.04,7.41,-0.92,0.11,0.86,1.65,1.0,8.73,-0.64,0.02,0.27,1.81,1.08,8.53,-1.18,0.32,-0.1,2.16,1.94,8.0,-2.41,1.12,-0.03,1.53,0.83,8.34,0.14,1.33,0.9,1.19,0.15,9.29,-0.4,0.22,0.58,-1.48,0.41,14.52,0.28,-0.79,0.28,1.52,0.42,10.25,0.18,-0.46,0.29,0.83,1.38,8.46,0.8,-0.21,0.61,1.44,1.22,9.68,0.9,-0.13,0.59,1.32,1.3,9.44,0.3,0.18,-0.32,1.91,1.44,9.16,0.68,-0.17,-0.81,-0.67,0.79,10.05,0.52,-1.34,1.78,-0.64,1.49,9.84
1.83,-2.81,3.1,2.17,1.77,9.23,2.58,-3.29,2.56,4.0,1.85,8.89,3.32,-3.09,1.61,5.65,2.55,8.18,3.08,-2.12,0.43,6.17,3.74,7.29,2.18,-1.13,0.17,6.28,4.61,5.56,0.33,-0.24,0.78,5.64,4.91,5.24,0.07,0.31,0.93,5.68,4.52,5.56,-0.1,0.42,0.87,6.21,4.38,6.14,-0.36,0.27,1.03,6.28,4.28,6.04,-0.51,0.34,1.7,6.1,3.49,6.06,-1.12,0.7,1.81,6.35,3.01,6.41,-1.93,2.18,2.0,6.94,0.72,7.46,-1.55,2.47,1.66,6.93,-0.47,8.14,-0.5,1.09,0.42,4.94,1.4,7.79,-0.47,-0.26,-0.38,4.95,0.72,8.48,0.25,-0.1,0.41,4.45,1.21,8.56,0.38,0.11,0.94,5.63,1.12,7.82,-0.13,0.07,0.97,5.6,0.52,7.5,-0.35,0.05,0.94,5.34,0.31,7.76,-0.78,0.11,1.11,5.47,0.26,7.33,-1.3,0.09,0.78,5.48,-0.5,8.05,-0.22,0.1,0.46,5.76,-1.1,8.06,-0.03,0.27,0.44,5.4,-0.8,8.08,-0.1,0.57,0.64,5.37,-0.41,8.24,-0.11,0.2,0.54,5.27,-1.12,8.68,0.12,-0.01,0.29,4.96,-0.92,8.33,-0.08,0.13,0.23,4.59,0.07,8.24,-0.99,-0.04,0.09,4.82,-1.15,8.72,-0.92,-0.19,0.16,5.55,-1.81,8.13,-0.91,-0.32,0.03,5.96,-2.67,8.03
1.08,-1.03,1.78,6.32,-2.3,7.4,1.32,-1.33,2.16,6.3,-2.77,7.33,1.21,-1.32,2.19,6.14,-2.55,7.52,0.54,-1.1,2.35,5.93,-3.32,7.27,0.6,-1.13,2.56,5.56,-3.82,7.05,0.68,-1.14,2.58,5.05,-4.19,7.09,0.16,-1.15,2.04,4.71,-4.35,6.79,-0.49,-1.26,1.27,6.1,-5.55,6.64,0.83,-1.16,0.56,7.06,-6.69,5.97,2.27,-0.97,0.25,6.98,-3.3,5.82,0.89,-0.71,0.14,7.02,-3.5,6.02,0.65,-0.49,0.32,6.84,-4.01,6.2,1.75,-0.04,0.44,7.23,-3.56,6.42,1.2,-0.1,0.52,7.01,-3.42,6.34,0.66,-0.45,0.25,6.81,-4.13,7.05,1.55,-0.51,0.0,5.86,-3.57,6.3,1.84,-0.64,-0.01,6.42,-3.81,6.12,2.44,-0.74,-0.48,6.8,-3.54,6.4,2.99,-0.5,-0.91,7.67,-2.3,5.48,1.73,0.51,-0.63,8.53,-0.8,5.4,1.13,0.48,-0.54,7.32,-0.57,6.86,0.85,0.04,-0.63,7.49,-0.2,6.99,0.98,-0.04,-0.7,6.97,0.34,6.68,1.37,-0.02,-0.54,6.94,0.55,6.73,1.41,-0.14,-0.51,6.95,0.93,6.57,1.11,-0.22,-0.36,7.14,1.19,6.45,0.95,-0.1,-0.3,7.12,1.35,6.2,0.76,0.02,-0.36,6.74,1.78,6.26,0.51,-0.04,-0.44,6.82,2.35,6.4,0.33,-0.08,-0.24,7.43,2.53,6.59
-2.33,-1.65,0.97,9.78,1.4,5.27,-1.57,-0.95,0.5,8.0,1.81,3.93,-1.99,0.33,0.2,7.92,0.89,3.4,-0.58,-0.11,-0.62,7.84,1.22,4.66,-0.83,-0.48,-0.85,7.37,1.65,4.62,-1.15,-0.72,-0.68,8.56,1.62,4.41,-1.5,-0.82,-0.5,7.94,1.52,4.24,-2.22,-0.85,-0.74,8.21,1.14,4.41,-2.65,-0.61,-1.16,9.33,0.61,4.55,-2.01,-0.68,-1.46,9.03,0.63,4.45,-1.39,-0.46,-1.45,9.44,1.64,4.02,-0.64,-0.3,-0.73,9.49,1.66,3.53,-0.56,0.13,-0.4,8.66,1.77,3.26,-1.32,0.57,-0.59,9.23,1.62,3.49,-1.62,1.4,-0.5,7.83,1.5,5.33,-2.47,1.68,0.1,7.59,0.49,5.41,-2.84,1.19,0.03,8.07,-0.54,6.24,-0.8,0.28,-0.51,6.94,-0.43,6.84,-1.04,-0.14,-0.84,7.53,-0.21,6.44,-0.4,-0.27,-1.21,8.02,-0.34,5.72,-0.21,-0.24,-1.06,7.11,1.57,5.28,-1.64,0.01,-0.18,7.78,3.6,4.4,-2.87,-0.03,0.39,7.23,-0.78,6.81,-0.5,0.54,0.21,7.25,-0.11,5.93,-0.46,0.64,-0.0,7.54,-0.12,6.39,-0.26,0.55,-0.16,7.56,-0.08,6.82,-0.01,0.45,0.07,7.2,-0.32,7.19,-0.09,0.15,0.12,7.5,-0.42,7.09,-0.1,0.07,0.04,7.64,-0.73,7.08,-0.02,0.17,0.03,7.61,-0.8,6.95
-1.28,0.56,1.23,7.98,-1.21,6.64,-1.45,0.42,1.48,6.54,-2.65,6.55,-1.31,0.11,1.2,6.8,-4.14,6.49,-0.8,-0.09,0.9,6.52,-4.03,6.35,-0.67,-0.3,0.73,6.97,-4.25,6.26,-0.8,-0.38,0.77,7.29,-4.51,5.77,-0.85,-0.27,0.81,6.94,-4.54,5.28,-0.78,0.22,1.08,7.13,-4.95,5.6,-0.69,0.37,1.31,6.4,-4.58,5.7,-1.17,0.14,1.23,5.24,-5.57,5.95,-0.89,-0.1,1.24,5.18,-6.11,5.73,-0.5,-0.44,1.17,5.24,-6.34,5.36,-0.72,-0.71,1.08,5.44,-6.5,5.21,-0.64,-0.8,1.21,5.02,-6.85,5.24,-0.78,-0.91,1.52,5.29,-7.35,4.48,-0.68,-0.87,1.49,5.04,-8.21,3.94,-0.17,-0.5,1.42,4.73,-9.3,3.39,0.53,-0.32,1.27,4.58,-9.05,3.57,0.56,-0.31,1.14,4.63,-9.09,3.57,0.04,-0.35,0.78,4.46,-9.25,3.4,0.1,-0.24,0.51,4.1,-9.24,3.38,0.41,0.0,0.48,4.39,-8.95,3.62,0.03,0.09,0.1,4.07,-9.14,3.94,0.11,0.09,-0.19,3.99,-8.96,4.15,0.23,0.18,-0.25,3.99,-8.61,4.38,-0.12,0.13,-0.43,4.15,-8.38,4.42,-0.54,0.03,-0.51,4.26,-8.48,4.25,-0.63,0.32,-0.48,4.32,-8.45,3.63,-1.29,0.86,-0.33,4.39,-8.32,3.48,-1.64,0.87,-0.28,3.9,-8.86,3.35
-2.05,0.58,-0.56,4.48,-9.11,0.2,-2.33,0.77,-0.65,4.72,-9.32,-0.54,-1.85,0.99,-0.88,5.23,-9.2,-0.99,-1.12,1.31,-1.02,5.31,-8.69,-1.42,-1.05,1.35,-0.94,5.86,-8.46,-1.3,-0.92,1.37,-1.19,6.32,-8.27,-1.18,-0.53,1.2,-1.32,6.82,-8.28,-0.76,-0.22,0.81,-1.25,6.91,-7.58,-0.5,-0.12,0.56,-1.35,6.8,-7.33,-0.73,-0.45,0.7,-1.64,7.17,-7.46,-1.17,-0.43,1.06,-1.96,7.72,-7.03,-0.65,0.12,0.79,-1.83,8.41,-5.37,0.46,0.07,0.21,-1.33,8.72,-5.47,0.49,0.41,-0.14,-0.02,8.91,-5.19,-0.28,0.57,0.1,0.7,8.34,-4.92,-0.47,0.21,0.12,0.08,8.4,-5.6,-0.23,0.03,0.0,-0.09,8.74,-5.6,-0.03,0.06,0.63,-0.14,8.56,-5.37,-0.58,0.18,1.31,-0.37,8.49,-5.53,0.13,0.57,1.7,-0.51,8.81,-5.63,0.69,0.83,1.98,-0.69,8.48,-5.66,1.47,0.66,2.09,-1.31,8.1,-4.84,2.03,0.32,1.57,-2.36,8.03,-4.14,3.13,0.05,1.05,-2.38,8.56,-3.55,3.47,0.11,0.74,-2.1,8.56,-2.87,3.28,0.5,1.54,-2.15,8.86,-2.62,3.33,0.86,2.11,-2.31,8.45,-1.64,4.02,1.01,2.57,-2.48,8.43,-0.67,4.83,1.23,3.11,-2.66,7.54,0.27,5.41,1.32,3.9,-2.62,7.02,1.36,6.62
1.11,4.67,-2.22,6.25,2.58,7.5,0.6,4.19,-0.58,3.8,2.85,10.56,-0.2,0.61,0.09,2.52,1.59,8.66,0.63,-1.57,0.04,3.84,1.57,8.25,-0.04,-1.07,0.09,4.93,2.85,8.24,-0.4,0.06,0.33,4.98,2.0,7.81,-0.11,0.67,0.01,4.59,2.43,8.2,-0.1,0.16,0.03,4.51,2.27,8.3,-0.16,-0.06,0.04,4.65,2.26,8.24,-0.05,0.16,-0.02,4.91,2.12,8.53,-0.32,0.45,0.03,4.54,2.19,8.55,-0.78,0.54,0.26,4.31,1.84,8.76,-0.76,0.51,0.28,3.79,1.56,8.34,-0.67,0.31,0.32,3.83,1.3,8.7,-0.95,0.15,0.58,3.69,1.09,8.56,-1.36,0.12,0.92,3.87,0.85,8.66,-1.59,0.2,1.13,3.76,-0.25,8.96,-1.5,0.16,1.06,3.51,-0.45,8.92,-1.44,-0.17,1.12,3.99,-0.69,8.71,-1.82,-0.12,1.28,4.37,-1.78,8.95,-1.7,-0.13,1.21,3.98,-2.7,8.94,-1.28,-0.18,0.87,4.12,-3.13,8.75,-1.22,-0.24,0.77,3.73,-3.18,8.33,-1.27,-0.33,0.93,4.08,-3.77,8.21,-1.29,-0.41,0.93,4.04,-4.27,8.1,-1.11,-0.45,0.71,4.25,-4.68,7.9,-1.03,-0.47,0.69,4.03,-4.92,7.75,-0.88,-0.51,0.58,4.15,-5.41,7.63,-0.71,-0.53,0.44,3.9,-5.22,7.11,-0.45,-0.53,0.07,4.43,-5.4,7.19
1.14,-0.74,1.87,4.08,-6.2,7.46,1.01,-1.07,2.02,4.48,-6.08,6.95,0.63,-0.63,1.21,4.38,-6.9,6.96,0.62,-0.28,-0.32,3.75,-6.34,8.43,0.95,-0.85,-0.48,3.64,-5.42,7.61,0.53,-1.16,-0.43,4.91,-4.77,6.82,0.47,-0.82,0.03,5.6,-4.63,6.26,0.49,-0.37,0.16,5.42,-4.9,6.23,0.46,-0.01,0.1,4.94,-5.34,7.04,0.3,0.41,0.4,5.13,-5.01,6.78,0.34,0.92,0.54,4.45,-4.54,6.94,0.61,1.33,0.98,4.67,-6.24,8.74,1.75,1.31,0.36,4.02,-5.14,8.35,1.97,0.97,0.13,2.65,-3.61,8.67,1.47,0.37,0.25,2.56,-4.02,9.02,1.0,0.21,1.15,2.76,-3.19,8.79,0.87,0.25,1.56,2.88,-3.51,8.84,0.73,0.14,1.75,2.56,-3.0,8.65,0.47,-0.32,1.78,2.24,-3.47,8.98,0.27,-0.59,1.73,2.65,-3.72,9.36,0.14,-0.78,1.43,2.56,-3.46,9.11,-0.16,-0.85,0.83,3.07,-4.39,9.12,0.64,-0.96,0.68,2.9,-3.71,8.86,0.7,-1.37,0.36,3.01,-3.24,8.61,0.88,-2.04,-0.08,3.38,-3.47,9.06,1.2,-2.06,-0.18,4.11,-3.62,8.48,1.69,-1.83,0.14,4.75,-1.75,7.95,1.29,-1.8,0.34,5.09,-1.83,7.77,1.89,-1.52,0.46,6.0,-1.5,7.97,2.27,-0.97,0.46,6.17,-1.16,7.88
1.77,-1.31,1.17,5.85,-1.04,6.84,1.95,-1.03,1.04,7.49,-0.39,6.55,2.37,-0.89,1.04,7.63,-1.24,5.95,2.52,-0.74,0.78,7.51,-0.71,5.61,2.87,-0.13,0.63,6.64,-0.34,4.98,3.43,0.59,0.37,7.55,1.16,4.92,2.71,0.91,0.14,8.29,1.83,5.46,1.84,1.19,0.03,8.23,2.33,5.76,2.11,1.02,0.3,7.95,2.97,6.41,1.73,0.76,0.31,7.7,2.75,6.67,1.35,0.59,-0.48,7.53,2.68,6.21,1.15,0.22,-0.69,6.81,2.65,5.54,1.28,0.16,-0.81,6.47,3.37,5.46,1.88,0.14,-1.0,6.69,4.0,5.67,2.7,0.22,-0.89,5.76,3.93,4.65,3.36,0.26,-0.82,5.82,6.03,5.04,2.22,0.38,-1.34,5.49,6.22,4.57,2.3,0.35,-1.3,5.23,7.98,5.05,2.08,0.62,-0.37,4.82,7.46,3.45,0.58,0.29,-0.08,5.49,7.39,3.62,0.39,-0.48,-0.35,5.44,7.77,3.96,0.68,-0.39,0.11,5.7,8.23,3.35,0.11,0.3,-0.03,5.4,7.27,2.99,0.02,0.45,-0.76,5.48,8.18,3.18,-0.3,0.48,-0.58,4.43,7.55,3.27,-0.7,0.23,0.2,4.3,7.57,3.32,-1.16,-0.07,0.99,5.06,6.47,3.74,-0.9,-0.19,1.38,5.03,6.7,4.02,-1.7,-0.61,2.74,5.31,6.32,4.33,-1.69,-0.99,2.73,8.12,5.13,4.82
-0.98,-0.62,2.59,6.97,3.81,4.23,-0.94,-0.55,1.58,7.66,4.2,3.95,-1.77,-0.65,2.28,7.08,5.27,4.38,-1.3,-0.59,2.81,7.71,2.87,4.46,0.55,-1.21,2.8,9.22,1.0,3.15,-0.68,-2.01,3.08,9.34,0.72,3.14,-1.48,-2.19,3.09,9.06,-1.05,2.37,-1.45,-1.74,2.23,9.94,-1.36,1.8,-0.98,-1.14,2.13,9.41,-2.39,1.12,-0.87,-0.48,1.61,9.22,-3.06,0.93,-0.18,0.16,-0.41,9.9,-3.37,1.39,0.25,-0.04,-1.79,9.11,-2.87,1.36,0.61,-0.57,-2.55,9.07,-1.48,0.86,0.43,-0.53,-2.31,9.66,-0.53,0.67,0.47,-0.05,-1.89,10.21,0.33,0.76,-0.02,0.5,-0.26,9.7,0.26,0.67,-0.35,-0.04,1.51,9.04,0.24,1.58,-0.35,-0.71,2.51,10.07,-1.0,1.05,-0.27,-0.6,2.45,10.02,-2.15,0.75,-0.05,-0.27,1.75,9.8,-2.47,0.75,0.25,0.02,-0.02,9.8,-3.33,0.81,0.69,0.05,-1.77,9.53,-2.93,0.79,0.92,-0.29,-2.86,9.46,-1.95,0.82,0.81,-0.6,-2.7,9.56,0.35,0.34,0.45,-0.28,-1.35,9.69,0.94,-0.26,-0.28,0.14,1.32,9.62,0.33,0.42,-0.44,0.27,2.2,10.06,-0.19,0.57,-0.22,0.32,2.01,9.81,-1.06,0.75,0.12,0.18,1.36,9.6,-1.9,0.78,0.34,-0.1,1.31,9.38,-2.42,0.61
0.93,-0.36,-2.78,10.07,-3.31,-0.27,0.63,-0.68,-3.77,10.17,-1.85,0.0,0.24,-0.57,-4.13,10.43,-0.26,-0.52,0.44,-0.22,-4.34,9.67,0.46,-0.5,0.56,0.02,-4.26,9.09,1.96,-0.7,0.58,0.18,-3.59,8.73,3.55,-1.02,0.62,0.31,-2.96,7.95,4.15,-1.34,0.75,0.59,-2.51,7.54,4.74,-1.13,1.11,0.78,-2.7,7.1,5.67,-1.42,1.48,0.83,-2.9,6.21,6.13,-1.16,1.36,1.12,-2.65,5.78,6.73,-1.2,1.26,1.89,-1.84,5.47,7.38,-1.74,0.69,2.05,-0.76,4.93,8.39,-2.03,-1.9,1.51,0.42,4.93,7.41,-1.82,-3.26,-0.62,1.17,6.26,7.58,-0.51,-2.29,-0.6,1.03,6.5,7.03,-0.05,-1.43,-0.3,0.5,5.73,7.6,1.24,-1.89,-0.18,-0.48,5.64,6.01,1.77,-2.54,-0.41,-0.63,5.34,7.09,1.56,-6.39,-1.65,-0.55,4.63,7.19,2.05,-7.05,-2.89,-0.05,5.58,4.09,4.18,-3.62,-1.21,-1.23,8.29,4.91,3.17,-1.35,0.21,-1.08,8.37,5.94,2.93,-0.59,1.1,-0.65,5.04,5.11,5.55,-0.88,0.98,-0.78,5.5,5.89,7.17,-0.67,0.15,-1.61,6.76,6.88,5.6,-1.29,-0.08,-2.04,5.06,7.86,5.43,-3.58,0.24,-0.5,3.96,6.85,7.28,-3.74,0.63,0.8,3.72,5.15,9.11,-3.75,0.79,1.5,2.78,3.67,8.73
-5.17,0.02,2.48,2.95,1.05,8.42,-5.73,-1.29,2.44,3.93,-3.94,8.44,1.54,-2.67,2.02,5.16,-3.12,8.66,4.6,-3.98,1.84,6.23,-1.42,7.44,-3.0,-4.46,1.11,6.85,-3.35,4.37,-0.11,-4.83,1.39,8.35,-1.75,3.94,-1.76,-3.99,1.2,9.74,-2.14,1.93,-1.45,-2.18,1.17,8.82,-3.0,1.25,-1.67,-1.14,1.01,8.83,-3.17,0.62,-2.16,-0.12,0.28,9.43,-3.31,0.44,-2.65,0.06,-0.27,9.02,-3.5,1.57,-2.38,-0.2,-0.62,7.97,-3.48,1.48,-2.56,-0.68,-0.93,9.1,-3.04,1.36,-3.1,-1.13,-0.63,9.72,-2.47,0.21,-3.26,-1.07,-0.2,10.52,-2.65,-0.17,-2.41,-0.69,0.34,10.66,-2.86,-0.8,-1.59,-0.06,0.36,10.27,-3.77,-1.26,-0.56,0.77,0.14,10.3,-4.14,-0.7,0.15,1.65,-0.65,10.04,-4.03,0.12,1.44,2.32,-1.33,10.18,-2.81,0.31,2.47,2.84,-1.68,9.34,-3.3,2.14,5.47,2.23,-2.77,9.34,0.19,2.88,4.13,3.06,-3.2,8.86,-0.2,2.28,4.2,3.6,-2.95,7.69,3.0,4.09,4.09,3.55,-2.65,6.19,4.36,4.45,1.53,2.67,-1.7,5.12,5.01,5.46,1.09,2.28,-0.78,5.11,5.66,6.35,1.91,1.87,-0.09,5.11,5.45,4.47,0.71,-0.21,0.0,6.05,6.9,5.11,-1.04,-0.57,0.31,5.56,5.35,6.74
2.14,-0.05,0.99,6.48,4.85,5.46,2.11,-0.15,1.28,6.65,5.11,5.17,3.47,0.01,0.86,8.12,5.93,3.68,4.31,0.4,1.01,6.37,6.62,2.58,1.74,-0.18,2.12,7.09,7.61,-2.35,-2.34,-0.23,3.3,8.07,4.87,1.96,-1.43,0.33,3.66,8.45,3.61,3.73,-3.75,-0.41,4.49,7.61,2.52,3.54,-5.15,-1.75,6.11,8.09,-0.61,1.87,-6.52,-1.89,7.72,8.73,-2.88,1.35,-5.72,-1.68,6.3,8.76,-6.34,-0.38,-1.35,-0.16,2.92,7.5,-9.79,-1.03,0.01,0.37,1.24,7.65,-7.88,-0.29,0.43,-0.21,0.9,6.66,-7.06,0.23,0.21,-0.33,0.92,7.38,-6.7,0.34,1.14,-0.11,-0.22,7.86,-8.46,0.65,1.73,-0.01,-2.44,7.27,-8.21,1.56,1.16,-0.14,-3.23,8.66,-6.16,1.64,1.54,-0.34,-3.69,8.7,-4.94,1.08,1.63,-0.55,-3.75,9.11,-3.33,1.27,1.27,-0.66,-2.79,9.31,-2.34,0.81,0.64,-0.59,-2.41,9.97,-3.24,0.66,0.97,-0.15,-3.67,8.89,-2.18,1.09,1.89,-0.31,-4.89,7.77,0.0,0.9,2.01,-0.66,-5.21,7.52,2.43,-0.28,2.18,-0.38,-5.39,7.39,3.31,-0.99,2.74,-0.08,-5.87,6.33,5.39,-1.33,2.55,0.6,-4.8,4.48,7.41,-1.68,1.79,1.66,-3.54,4.71,8.67,-2.27,1.98,3.47,-1.58,3.09,10.12,-4.31
-1.13,1.19,0.93,4.88,9.03,-0.43,-1.66,1.41,1.58,5.11,8.85,-0.18,-2.05,1.58,1.8,5.81,6.68,2.17,-1.4,1.25,1.41,6.37,6.25,3.07,-1.64,0.92,1.47,6.62,5.82,3.38,-1.78,0.67,1.56,6.73,5.06,3.58,-1.73,0.63,1.48,6.9,4.22,3.82,-1.88,0.56,1.56,6.88,4.02,4.0,-1.89,0.62,1.72,6.21,2.29,4.52,-1.07,0.91,1.48,8.46,3.48,3.88,-1.94,1.03,0.72,7.99,2.7,4.85,-2.09,0.63,0.73,7.26,3.0,4.37,-2.92,0.1,0.28,7.55,2.46,4.38,-4.23,0.18,-0.82,9.04,2.86,6.44,-5.73,1.4,-0.97,7.19,2.91,6.26,-12.66,4.53,0.21,1.98,0.65,5.19,-19.13,4.21,3.31,3.55,-4.72,17.44,-7.23,-7.22,2.29,5.39,-11.49,5.88,3.17,-4.95,3.21,4.74,-13.3,0.85,7.66,1.4,3.06,4.8,-12.79,1.94,6.27,1.81,2.33,0.1,-4.88,8.19,1.55,-0.47,0.77,2.2,-8.98,8.3,1.76,-0.87,-0.49,2.88,-8.58,6.99,2.23,-0.46,-1.03,1.9,-5.8,7.41,0.35,-0.62,-0.45,2.5,-6.62,6.88,-0.03,-0.57,-1.05,4.09,-10.98,6.82,0.91,-0.3,-2.86,3.18,-4.05,8.25,1.93,-0.29,-1.99,2.06,-1.27,7.5,0.75,-0.64,-0.87,4.75,-2.08,7.02,-3.13,-0.16,-1.64,5.16,-5.24,7.36
-2.55,0.41,-2.68,5.06,-5.35,7.15,-2.52,0.75,-3.28,3.63,-6.25,5.78,-3.76,-0.87,-1.67,4.28,-6.61,7.18,-2.7,-2.12,-0.03,5.6,-5.54,5.4,-4.11,-2.97,0.03,7.99,-9.24,6.04,1.57,-0.71,0.6,8.43,-6.72,0.49,2.76,0.53,-0.09,8.54,-9.3,1.79,5.6,1.98,-1.98,5.92,-5.98,5.69,5.62,0.87,-2.27,5.22,-1.85,6.73,4.66,0.12,-2.74,9.04,0.25,6.81,0.1,-0.57,-1.77,6.58,0.21,7.41,-0.03,-0.41,-1.33,6.35,0.55,7.47,0.3,-0.48,-1.37,8.27,0.33,6.61,1.37,-0.15,-1.59,8.11,-0.31,6.18,2.34,0.3,-1.55,5.11,0.83,6.09,0.98,-0.05,0.47,7.18,2.71,7.83,1.51,-0.69,1.04,6.95,2.71,7.13,1.57,-2.26,1.15,6.59,1.21,6.79,1.36,-3.33,0.34,8.98,1.53,6.85,2.91,-0.86,-0.14,9.02,1.83,2.96,2.16,0.25,-0.67,7.8,2.13,4.24,2.8,-0.29,-0.2,8.04,2.83,4.57,2.61,-0.62,0.21,8.1,2.59,3.73,1.64,0.04,0.34,9.12,3.07,2.33,1.01,1.01,0.6,8.58,3.17,2.4,0.77,1.8,0.87,8.48,2.9,2.71,0.0,2.64,1.0,8.26,2.77,3.5,-0.19,3.1,1.11,7.64,2.59,4.02,-0.34,3.32,1.37,7.09,1.92,4.93,0.0,3.43,1.36,6.41,1.02,5.67
-0.15,3.39,0.64,5.59,1.27,7.58,0.09,3.08,-0.04,4.65,0.78,7.65,0.39,2.0,0.08,3.68,2.11,7.82,-0.31,1.52,0.28,3.9,1.88,7.67,-0.32,1.83,0.39,3.69,0.8,7.63,-0.03,2.29,0.4,3.13,0.59,6.72,-0.46,3.28,0.78,1.84,1.35,8.43,-1.81,4.05,0.91,-0.94,-0.7,9.69,-1.49,3.46,0.98,-1.65,-1.53,11.69,-0.22,2.38,0.36,-3.79,0.32,12.57,-0.88,0.66,0.32,-3.23,-0.52,13.28,-0.5,-1.07,0.69,-2.94,-0.34,12.0,-0.98,-1.53,0.43,-2.38,-0.47,10.69,-1.0,-1.52,-0.67,-0.85,-0.87,9.21,-0.97,-1.61,-1.19,0.32,-1.33,9.16,-0.22,-1.75,-1.12,0.91,-1.82,9.74,-0.48,-1.36,-0.78,1.66,-2.11,9.99,-0.42,-1.17,-1.23,0.46,-1.81,8.7,0.16,-0.96,-1.91,2.5,-1.42,8.85,0.33,-0.55,-1.51,2.84,-0.25,8.97,0.26,-0.42,-0.9,2.87,-0.15,8.77,0.3,-0.75,-0.62,3.22,-0.08,9.47,-0.11,-0.87,-0.57,2.45,-1.05,9.3,0.23,-0.56,-1.12,2.85,-0.81,8.67,0.03,-0.78,-1.46,3.33,0.33,9.09,-0.26,-0.81,-1.36,3.73,1.02,9.09,-0.33,-0.92,-1.32,3.91,0.27,7.3,0.64,-2.02,-1.08,5.19,1.38,8.69,-0.04,-2.25,-0.44,5.05,0.9,9.93,-0.19,-0.36,-0.03,5.67,-1.9,7.55
-0.61,-2.68,1.34,6.38,1.66,8.09,-0.56,-1.63,1.13,6.01,-0.14,8.04,-1.13,0.2,0.2,7.26,-0.5,7.42,-1.62,0.08,-0.34,5.74,-0.55,6.96,-2.2,-0.47,-0.66,6.3,-0.86,6.63,-2.98,0.41,-1.04,7.09,-1.45,5.88,-3.26,1.48,-1.6,7.88,-1.26,5.19,1.31,0.6,-1.55,5.75,0.12,7.42,0.95,0.47,-1.23,5.85,0.5,7.72,-1.01,0.08,-1.39,7.32,-0.7,7.79,0.47,-0.63,-1.36,6.25,-1.18,8.08,1.97,-1.06,-1.19,6.05,0.86,7.85,0.95,-0.77,-0.94,7.5,1.46,7.31,0.94,-0.59,-0.64,8.0,1.38,7.27,1.79,-0.72,-0.49,6.15,0.56,6.66,-0.95,-1.6,0.47,10.36,4.34,5.59,-1.89,-1.0,0.88,8.74,1.24,3.91,-1.48,0.17,0.82,8.81,-1.04,4.35,-0.59,1.43,0.07,8.42,-1.12,4.82,-0.82,1.84,-0.55,7.78,-1.11,5.15,-1.37,2.34,-1.09,6.82,-0.63,6.19,-1.49,2.94,-1.46,4.76,-0.51,7.88,-1.3,2.41,-1.2,4.11,-0.33,9.45,-0.99,1.76,-0.91,3.69,-0.04,9.42,-1.42,1.79,-0.42,3.5,-0.41,9.54,-1.16,1.65,-0.44,2.6,-1.04,10.3,-0.93,1.58,-0.54,1.63,-0.94,10.38,-0.91,1.74,-0.19,0.99,-0.83,10.35,-0.37,1.57,0.19,0.64,-0.41,10.43,-0.27,1.28,0.51,0.57,-1.18,10.4
0.78,-2.1,0.38,6.64,0.76,5.84,0.61,-1.91,0.33,8.48,0.11,5.4,1.2,-1.2,0.57,8.28,0.39,4.93,1.23,-0.82,0.63,8.08,0.64,4.91,0.84,-0.27,0.75,9.48,0.76,4.89,0.52,-0.06,0.98,9.56,0.52,4.87,0.38,0.02,1.06,8.75,-0.21,4.98,0.33,-0.09,1.07,9.79,-0.5,4.84,-0.54,-0.61,0.88,8.81,-0.47,4.57,-1.19,-0.62,0.55,9.99,-1.56,4.65,-0.39,-0.33,0.49,10.25,-1.18,4.05,-0.58,-0.78,0.3,8.87,-2.46,3.9,0.05,-1.28,0.08,9.11,-2.04,3.96,0.55,-1.09,-0.13,9.93,-1.36,2.6,0.22,-0.66,-0.17,9.69,-1.0,2.39,0.1,0.16,-0.01,9.8,-1.32,2.52,0.05,0.57,0.02,9.47,-0.91,1.65,-0.72,0.32,0.08,9.76,-1.33,2.72,-0.12,0.37,0.01,9.99,-1.91,4.27,0.82,0.25,-0.16,8.84,-0.8,4.21,1.48,-0.33,-0.19,9.95,0.36,3.16,0.96,-0.71,-0.66,9.45,-0.74,3.53,1.08,-0.54,-0.71,9.16,-0.07,3.28,0.67,-0.41,-0.74,8.94,0.46,2.48,-0.07,-0.2,-0.99,9.35,-0.38,2.62,0.32,-0.13,-1.22,9.91,0.29,2.63,0.32,-0.32,-2.02,9.52,1.63,2.82,0.08,-0.35,-2.56,8.95,1.76,2.34,-0.02,-0.46,-3.03,8.42,2.17,2.25,0.05,-0.49,-4.02,7.6,3.08,2.24
-0.12,-0.37,-4.94,6.58,3.63,2.21,-0.05,-0.24,-6.54,4.93,5.23,2.39,-0.75,0.14,-7.92,3.86,17.45,2.6,-0.03,-0.31,-1.38,4.2,8.15,1.83,-0.18,0.53,-1.11,3.9,9.3,2.65,-0.93,0.63,-1.23,3.11,8.6,3.08,-1.12,0.53,-1.21,2.32,7.22,3.4,-0.54,0.27,-1.21,1.98,7.32,3.45,-0.09,0.12,-1.06,2.51,8.32,3.61,0.21,0.1,-0.52,2.4,8.35,3.53,-0.17,0.34,-0.02,2.3,8.46,3.25,-0.4,0.6,0.25,1.88,8.62,3.88,-0.94,0.76,0.26,1.78,7.51,4.3,-0.17,0.48,0.06,1.52,7.03,4.62,0.58,0.1,-0.31,1.58,7.39,4.4,0.63,-0.11,-0.89,1.4,7.66,3.77,0.22,-0.06,-1.42,0.63,7.61,3.71,0.36,0.08,-2.47,-0.54,6.37,3.52,0.7,-0.08,-3.74,0.1,7.31,2.41,0.07,0.45,-3.19,-0.97,12.52,3.24,-0.27,0.42,-0.83,-2.28,7.86,3.89,0.36,-0.47,-0.67,-1.17,7.78,3.89,-0.23,-0.26,-0.75,-2.06,7.86,3.66,-0.44,-0.14,-0.77,-2.46,7.9,3.54,0.02,-0.08,-0.5,-2.46,7.97,3.73,-0.19,0.1,-0.36,-2.78,7.78,3.43,-0.56,0.14,-0.38,-3.46,7.37,3.96,-0.28,0.11,-0.56,-3.3,7.32,4.34,-0.09,0.05,-0.65,-3.13,7.21,4.12,-0.9,0.08,-0.67,-2.97,7.34,4.16
-2.88,-0.39,0.37,-5.61,6.69,4.78,-2.46,-1.0,0.87,-2.97,6.03,5.96,-3.93,-1.26,2.03,-2.0,7.96,6.29,-7.84,-0.96,2.53,-0.41,2.37,8.85,-0.05,-1.11,0.94,0.28,2.24,9.85,-2.06,-0.02,-0.03,-1.38,3.43,9.22,-2.58,0.16,0.05,-0.59,0.76,8.67,-2.05,0.14,0.49,-2.18,1.1,10.45,-2.08,0.24,0.37,-1.67,-0.22,9.4,-2.52,0.1,0.63,-1.24,-0.16,9.37,-2.35,-0.29,0.7,-1.59,-1.44,9.33,-2.19,-0.74,0.59,-1.63,-0.6,9.8,-1.84,-0.42,0.22,-1.57,-1.1,9.77,-2.32,-0.33,0.36,-0.68,-2.34,9.13,-2.31,-0.43,0.4,-0.99,-3.41,8.67,-1.62,-0.38,0.17,-0.81,-3.03,8.93,-2.02,-0.3,0.29,-0.44,-3.02,8.18,-2.98,-0.65,0.68,0.18,-4.92,8.72,-0.83,-0.33,0.46,-0.18,-6.68,8.46,-0.52,-0.11,0.52,-0.36,-5.76,8.7,-1.06,-0.1,0.88,0.47,-5.0,9.13,-1.85,0.04,1.35,-0.89,-7.45,7.8,-1.88,0.05,1.88,-0.7,-6.68,7.65,-1.96,0.44,1.9,-1.98,-6.51,8.62,-4.54,0.35,1.01,-2.38,-6.51,5.64,-6.05,0.22,1.15,-3.51,-5.05,4.95,-6.96,0.5,1.21,-2.4,-11.51,1.71,0.43,-0.39,0.68,-1.62,-12.48,1.25,1.03,-0.5,-0.45,-2.48,-10.5,3.0,-0.06,-0.78,-0.55,-2.71,-9.55,3.38
0.93,-2.08,0.36,-1.56,-9.12,3.31,0.46,-1.92,0.39,-1.76,-9.14,3.24,1.84,-1.92,0.54,-0.86,-8.82,3.09,1.6,-1.48,0.79,-0.69,-7.28,3.38,2.08,-0.65,1.05,-0.03,-6.79,4.05,2.57,-0.16,1.16,-0.4,-7.08,5.2,3.2,0.03,1.14,-1.0,-6.65,5.84,3.67,0.31,0.97,-4.21,-7.46,10.05,5.07,-1.89,0.92,-3.86,-5.75,11.05,4.78,-2.48,0.71,-2.85,-4.27,10.12,1.37,-2.07,0.3,-1.95,0.2,11.84,-0.44,-0.64,1.08,-0.91,-2.89,10.75,0.73,-0.86,0.87,-1.54,-3.37,10.52,1.14,-1.07,0.41,-1.08,-2.57,9.55,0.99,-0.97,0.16,-0.21,-1.99,8.99,0.42,-0.71,0.13,0.05,-1.44,9.61,0.81,-1.45,-0.36,0.27,-1.71,9.16,0.6,-2.06,-0.52,0.8,-2.07,9.73,0.91,-1.83,-0.28,1.61,-0.74,9.1,0.84,-1.95,-0.29,1.11,-0.5,9.44,1.36,-2.89,-0.31,2.4,0.07,9.31,2.52,-4.35,-0.32,3.4,-0.29,8.97,4.82,-5.15,0.43,5.65,2.14,10.35,4.62,-3.3,0.84,7.4,3.92,6.0,0.85,-0.99,1.05,7.88,2.9,4.55,0.54,0.09,1.29,7.5,2.34,4.99,0.49,0.54,1.4,7.75,1.85,4.93,0.45,0.28,2.3,7.76,1.46,5.53,0.7,0.23,2.75,7.0,0.58,6.53,1.5,0.77,3.14,6.75,1.05,5.96
0.82,0.56,2.72,7.05,0.6,6.27,0.62,0.18,2.06,7.87,0.11,6.47,0.6,0.39,1.4,7.71,-0.23,6.71,0.77,0.39,1.15,7.36,-0.25,6.35,0.7,0.21,1.2,8.26,-1.99,6.52,1.39,0.27,1.67,7.94,-1.78,7.83,2.07,0.42,1.67,7.7,-1.14,6.07,1.65,1.26,1.58,6.98,0.59,5.11,0.88,1.72,0.98,6.41,-1.71,9.01,0.66,-0.02,-0.12,7.18,-0.88,7.4,0.5,-0.04,-0.17,6.79,-0.54,6.91,0.72,0.19,-0.15,6.46,-0.2,7.59,0.9,0.15,0.2,6.4,0.33,7.28,1.1,0.37,0.45,6.18,0.47,7.38,0.66,0.12,0.54,6.36,0.36,7.92,0.6,-0.0,0.34,6.73,0.08,7.42,1.06,0.84,0.65,5.85,-0.05,7.17,1.17,1.03,0.64,6.09,0.38,7.58,1.27,0.73,0.6,5.17,0.69,7.94,2.27,0.86,1.3,5.72,0.59,7.85,1.47,0.27,1.11,5.68,-1.21,7.2,0.8,-0.74,1.7,5.66,0.94,7.39,0.3,-0.87,1.05,6.24,1.79,7.91,0.64,-0.21,0.45,7.41,1.65,6.9,1.44,0.14,0.65,7.8,0.66,7.47,1.16,-0.02,0.35,6.8,1.26,7.33,0.7,-0.01,-0.06,6.18,1.99,7.36,0.65,-0.12,-0.04,6.3,1.53,7.08,0.57,-0.27,0.1,7.03,1.35,7.39,0.77,-0.56,0.23,5.5,2.26,6.6
1.77,-0.6,-0.65,6.98,4.99,4.78,2.07,-0.58,-0.61,6.75,5.5,3.71,1.85,-0.48,-0.58,6.45,6.72,2.92,1.23,-0.4,-0.19,6.61,6.19,2.52,1.25,-0.23,-0.14,6.09,5.58,2.63,1.5,-0.31,-0.15,6.41,6.22,2.22,1.66,-0.24,0.07,5.65,6.36,2.06,1.96,-0.19,0.31,6.16,6.72,1.54,2.34,-0.35,0.36,7.22,6.61,0.19,1.32,-0.44,0.01,7.51,7.26,-1.17,0.52,-0.37,-0.04,6.46,7.43,-0.55,0.11,-0.47,-0.12,6.84,6.21,0.02,0.5,-0.61,-0.39,6.92,5.98,0.14,0.53,-0.33,-0.54,7.02,6.4,-0.38,0.44,-0.13,-0.38,6.5,6.29,-0.69,0.62,-0.33,-0.8,6.58,5.76,-0.29,1.2,-0.68,-1.25,6.14,6.86,-0.38,2.46,-0.74,-1.41,5.94,7.69,-1.26,3.14,-0.7,-1.4,5.95,6.74,-2.31,2.82,-0.54,-1.24,4.77,7.15,-3.53,-0.09,-0.36,-0.27,3.32,7.92,-5.09,-0.95,-0.21,0.02,4.83,7.49,-4.39,-2.78,0.35,0.65,4.56,8.06,-3.56,-4.59,0.45,1.24,4.76,8.25,-2.35,-6.07,0.31,1.92,5.3,6.05,-1.48,-3.97,-0.18,2.17,6.48,6.53,0.42,-2.04,-0.1,1.23,7.15,6.3,1.67,-1.48,-0.09,0.86,6.97,6.02,2.67,-0.94,-0.2,0.78,6.64,5.3,1.65,-1.25,-0.1,0.41,7.63,5.7,1.86
-2.9,0.09,0.79,7.44,5.24,2.92,-4.2,0.44,1.14,8.06,4.47,4.1,-3.33,0.27,1.11,7.43,2.79,5.82,-1.22,-0.55,0.19,8.26,3.49,5.61,-1.14,-0.94,0.18,8.19,3.07,5.18,-1.13,-1.29,0.26,8.41,2.5,4.7,-0.77,-1.26,-0.1,8.49,2.51,3.61,-1.22,-0.86,-0.19,8.79,3.27,3.01,-1.83,-0.34,-0.1,8.34,2.39,3.4,-2.8,0.14,-0.08,8.17,1.56,4.12,-1.93,0.2,-0.01,8.35,0.67,4.51,-0.53,-0.11,-0.16,8.22,-0.18,4.91,-1.21,-0.56,-0.63,8.93,0.54,4.56,-1.95,-0.57,-1.15,8.68,1.33,3.64,-2.63,-0.03,-1.35,8.5,1.25,3.77,-2.86,0.26,-1.14,7.36,1.34,3.56,-3.2,0.48,-0.63,6.88,1.21,3.3,-3.06,0.98,-0.25,8.35,-0.39,5.72,-1.75,0.82,-0.77,7.94,0.09,6.9,-1.72,0.97,-1.04,7.96,0.64,7.34,-1.56,0.84,-0.88,7.38,1.19,7.24,-2.17,0.91,-0.52,7.03,0.24,7.77,-0.94,1.19,-0.73,6.79,-0.83,8.29,0.23,1.11,-0.75,6.42,0.1,7.79,-0.13,-0.67,-0.14,6.64,0.22,8.01,-0.23,-1.29,0.15,6.94,-0.01,7.08,-0.53,-0.95,0.12,8.05,-0.35,6.07,-0.32,-0.47,-0.05,8.19,-0.61,5.86,-0.38,-0.02,-0.15,7.94,-0.47,5.67,-0.36,0.41,-0.11,7.65,-0.54,5.71
-1.77,0.4,-1.59,2.7,-2.3,9.03,-1.73,1.28,-2.04,2.62,-3.29,8.55,-0.3,0.77,-1.35,2.6,-3.48,9.26,0.61,-0.07,-0.82,3.04,-2.64,9.46,1.17,-1.11,-0.74,2.06,-3.14,9.85,3.12,-2.95,-1.76,2.2,-3.02,9.92,3.09,-3.78,-2.41,3.22,-0.92,9.65,2.87,-3.98,-2.49,6.42,0.07,8.18,1.19,-2.68,-1.32,7.28,2.31,6.18,0.5,-1.11,-0.53,7.76,2.51,6.22,0.05,0.34,-0.09,6.96,2.03,6.09,0.06,0.85,-0.23,6.17,1.21,6.89,0.4,0.74,-0.56,5.52,1.55,7.58,1.1,0.26,-0.78,5.39,2.66,7.51,1.02,-0.22,-1.04,6.79,3.3,7.4,0.81,-0.22,-1.48,6.82,3.73,6.42,1.17,0.09,-1.97,5.62,4.0,6.22,1.18,1.06,-2.56,5.25,5.11,5.89,1.41,1.05,-2.81,-1.13,3.66,5.71,4.53,0.03,-3.05,4.95,6.4,5.8,2.3,-0.94,-4.87,2.0,10.05,5.08,1.32,-0.9,-1.2,3.7,8.98,3.67,-1.89,0.52,-0.55,2.53,9.24,3.76,-3.4,1.75,-0.36,1.14,5.52,5.97,0.69,1.87,-0.8,0.32,4.58,6.31,3.59,0.96,-1.38,-0.52,6.43,5.78,0.39,-0.48,-2.42,-0.19,8.69,5.54,0.2,-0.64,-1.15,-0.35,8.73,4.94,0.15,-0.83,-0.92,-0.62,6.96,5.08,-0.86,-0.83,-1.77,-0.38,6.6,5.03
-0.69,-0.46,-2.14,-1.01,6.69,5.09,0.13,0.01,-2.61,-2.59,6.49,4.52,0.55,0.01,-3.23,-2.59,6.18,4.64,0.11,-0.1,-2.41,-2.88,8.77,4.91,-0.27,-0.34,-0.69,-2.61,7.4,5.4,-0.53,-0.33,0.05,-3.71,6.9,5.22,-0.06,-0.14,0.34,-2.9,6.24,5.35,-0.05,-0.07,0.18,-3.14,6.06,5.53,-0.52,-0.47,0.01,-3.43,6.69,6.11,-0.99,-1.1,0.19,-3.38,6.9,7.0,-0.87,-1.76,0.47,-2.46,6.51,7.12,-0.79,-2.08,0.53,-1.33,5.8,6.82,-0.67,-2.13,0.32,-1.62,5.8,6.63,-0.31,-1.94,0.06,-1.21,5.79,6.81,-0.05,-1.68,0.21,-0.68,5.31,6.44,-0.33,-1.38,0.08,-0.4,5.19,6.52,-0.47,-1.23,-0.04,0.03,5.73,6.33,-0.78,-1.02,-0.08,0.52,5.28,6.64,-1.33,-1.19,-0.2,-0.06,4.87,8.21,-0.57,-1.16,-0.29,0.31,4.48,8.84,-0.77,-1.33,-0.25,0.42,4.02,8.03,-0.48,-1.34,0.83,0.71,5.94,7.96,0.41,-1.01,2.08,2.13,5.79,7.86,0.8,-0.63,2.56,2.84,4.9,7.17,0.67,0.5,2.74,2.29,3.86,7.43,1.24,1.0,2.02,2.17,3.45,7.19,2.45,0.85,0.79,-1.34,10.72,11.47,-0.15,-0.39,0.62,3.61,5.57,7.75,-0.02,0.08,0.43,3.69,5.14,7.24,-0.91,0.78,0.75,5.19,6.45,7.94
-1.98,0.9,1.51,4.31,5.23,7.73,-2.23,1.54,2.65,3.99,4.02,8.28,-2.52,1.44,3.19,2.79,3.03,7.44,-2.0,0.03,3.97,4.86,1.33,9.52,-1.72,-0.25,3.43,6.65,1.22,9.35,-1.46,0.64,2.02,6.14,1.17,7.94,-1.81,2.21,1.05,5.42,-1.18,8.75,-1.25,2.82,0.8,5.08,-2.6,9.52,-1.11,2.14,0.33,1.75,-1.78,8.01,-1.25,0.95,-0.35,1.72,-2.14,8.13,-1.78,-0.12,-0.32,1.18,-2.86,7.87,-1.68,-1.14,0.5,1.22,-3.4,8.42,-1.18,-1.01,1.28,1.55,-4.92,6.77,-0.47,-1.01,2.01,0.51,-4.2,7.91,0.87,-1.34,2.44,0.23,-2.29,7.92,1.26,-1.99,2.84,-0.03,-4.39,8.31,1.18,-2.24,3.14,1.0,-3.49,8.97,-0.85,2.71,-0.28,2.38,-3.76,7.42,0.09,3.62,-0.52,-0.03,-2.91,7.91,0.41,3.1,0.49,-1.59,-3.94,10.24,0.48,2.27,-0.72,-1.56,-4.06,9.51,0.79,1.57,-2.1,-4.45,-3.49,10.23,3.0,0.35,-1.31,-4.04,-5.78,9.67,-1.54,0.67,-0.79,-4.02,-1.76,11.83,-1.46,-0.25,-0.91,-2.61,-3.44,11.34,-0.47,-1.37,-0.86,-2.86,-3.26,11.14,-0.17,-1.17,-0.03,-2.11,-2.99,10.44,0.75,-0.61,0.21,-1.42,-3.95,9.84,1.96,-1.53,-0.06,-2.93,-2.28,9.72,2.92,-2.92,0.51,-0.34,-3.41,9.03
1.77,-2.71,0.99,3.67,-0.63,10.11,0.11,-1.05,1.5,1.23,-2.69,10.59,0.2,-1.57,0.9,1.5,-1.34,9.33,1.0,-2.29,0.85,4.1,-3.2,8.43,4.09,-1.19,1.0,4.48,0.86,9.82,2.47,-0.91,1.17,1.88,1.2,8.11,-1.45,-1.98,1.94,4.68,-0.58,7.03,-2.16,-2.0,2.39,4.49,-0.91,8.41,-1.08,-1.07,3.18,1.83,-4.87,8.93,2.18,-1.38,2.7,2.09,-4.23,10.28,3.26,-2.27,1.81,4.5,-3.95,9.62,6.75,-2.03,1.9,7.63,-0.82,5.63,5.19,-0.82,1.5,7.47,1.65,4.41,-0.57,-0.11,1.7,6.89,-1.23,6.05,-0.16,-0.33,1.7,6.86,-2.04,4.93,-0.03,0.57,1.26,8.75,1.24,6.72,-2.46,0.53,1.93,8.24,-1.43,7.46,-1.76,0.09,2.66,7.37,-5.23,8.13,-1.14,0.08,1.89,7.78,-3.81,7.21,-2.55,1.04,1.44,3.77,-4.65,7.94,-1.29,0.68,0.75,6.57,-5.99,3.85,-0.2,-2.35,0.37,6.55,-1.56,7.21,1.14,-4.21,-0.78,8.82,-3.4,5.96,-0.9,-3.53,-0.58,8.07,-4.53,3.31,4.15,-3.69,-0.49,9.75,-3.17,3.09,0.05,1.94,-0.5,7.49,-4.36,4.08,2.05,3.71,-1.8,6.21,-1.63,4.38,0.88,2.73,-3.28,3.99,-2.06,6.12,0.69,1.17,-2.49,4.08,-3.11,6.74,0.51,-0.11,0.89,6.01,-1.39,7.38
1.71,0.57,0.81,4.76,-1.96,8.21,3.14,-0.2,1.17,5.9,-1.69,9.94,2.66,-0.04,0.21,3.87,-2.57,9.18,1.44,-0.44,-1.82,2.65,-3.73,9.11,1.32,-1.92,-3.37,3.29,0.72,6.26,-0.61,-2.19,-5.38,5.07,0.7,5.78,0.94,2.49,-4.42,4.64,5.39,3.82,1.71,3.82,-2.52,4.6,5.27,6.86,3.4,2.63,-2.08,3.54,8.08,6.58,1.65,2.69,-0.78,2.59,5.95,7.01,1.86,2.04,-0.73,2.03,5.69,7.34,0.96,1.49,-1.05,1.58,6.13,7.27,0.79,0.83,-1.15,1.01,6.2,7.43,0.72,-0.03,-1.4,-0.05,5.53,6.25,1.05,0.12,-1.62,-1.21,5.95,6.04,1.18,0.44,-1.89,-1.29,6.85,6.74,1.25,0.01,-1.87,-1.65,8.39,6.95,-0.44,0.1,-0.92,-0.54,12.68,7.14,-0.05,0.24,-0.61,-1.89,10.43,7.33,-0.87,0.43,0.21,-1.52,8.39,8.02,-1.22,0.29,0.46,-1.31,7.48,7.87,-1.07,-0.84,0.63,-1.28,6.1,7.52,-0.48,-1.4,0.46,-1.42,5.79,6.48,-0.64,-0.93,0.17,-0.62,5.65,6.65,-0.32,-1.05,0.09,-0.05,6.35,6.32,-0.4,-1.08,0.15,0.42,5.7,6.08,0.06,-0.9,0.01,0.33,6.29,5.99,-1.0,-0.93,-0.25,-0.28,5.48,5.88,-0.79,-0.99,-0.06,1.74,5.2,6.06,-0.18,-0.67,-0.01,1.82,5.71,7.03
-2.0,-1.21,0.52,-0.06,4.98,11.34,-2.2,-2.52,0.24,0.84,4.41,8.55,-2.22,-2.03,0.39,1.18,5.04,7.09,-3.48,-1.57,0.92,1.04,2.91,6.22,-2.12,-1.82,1.04,2.88,2.75,6.43,-1.7,-1.18,0.68,2.75,2.96,5.89,-1.35,-0.2,0.67,3.58,2.96,6.9,-1.73,0.35,0.73,2.99,3.2,7.83,-0.81,-0.14,0.83,4.4,1.39,7.89,0.39,0.63,0.72,4.55,2.94,8.09,0.12,1.0,0.99,3.88,2.0,8.27,0.82,0.43,1.11,3.22,0.59,8.27,1.6,-0.12,0.58,4.08,1.94,8.75,1.72,-0.98,0.17,4.48,2.87,10.93,2.32,-2.22,0.37,4.71,3.34,9.23,2.07,-1.16,0.91,4.47,0.91,6.35,4.21,-0.1,0.52,6.47,3.25,8.11,2.43,-0.03,-0.02,4.25,5.69,8.29,0.95,-0.69,0.31,5.54,2.5,6.46,2.68,-0.85,0.52,5.82,4.01,4.33,2.91,-0.45,0.52,7.27,6.61,4.07,1.98,0.04,0.72,6.55,6.24,5.19,2.65,-0.02,1.1,5.87,4.43,5.2,3.82,-1.13,1.33,5.84,5.67,5.21,3.6,-1.3,1.16,7.7,5.32,2.55,3.25,-0.16,0.66,8.17,6.07,0.61,1.47,0.78,-0.17,7.12,5.4,-0.53,0.39,0.34,-0.08,6.17,5.86,2.49,0.93,0.08,0.12,6.97,5.88,1.76,0.9,-0.1,-0.26,8.7,5.86,0.99
-0.9,0.92,-1.42,7.69,5.88,1.07,-0.84,1.77,-1.65,7.48,6.42,2.14,-1.35,2.32,-1.98,5.72,6.96,2.31,-1.78,1.91,-0.94,5.22,7.32,4.06,-1.6,1.6,-0.11,5.05,6.55,4.37,-1.62,1.25,0.46,4.33,6.03,4.51,-2.83,0.89,0.55,5.25,5.72,5.16,-3.3,0.91,0.74,4.69,4.59,5.25,-3.53,1.09,-0.09,2.09,5.18,7.3,-2.02,-0.26,-1.51,4.7,1.27,10.18,0.1,-0.43,-1.93,3.43,4.18,7.81,-1.02,-0.95,-2.12,4.32,5.51,7.41,-0.87,-0.56,-1.44,3.81,5.23,7.25,-1.96,-0.15,-1.33,3.75,5.23,8.21,-3.1,0.64,-1.19,3.46,3.93,9.23,-2.73,1.54,-0.44,0.61,1.02,9.19,0.29,0.0,-0.26,2.56,2.36,9.95,-0.51,-0.32,-0.64,3.29,1.0,8.41,-0.37,-0.1,-1.22,3.03,1.58,8.56,-0.61,0.2,-1.63,2.97,2.18,8.86,-1.37,0.15,-1.92,2.45,2.62,8.89,-1.47,0.15,-2.28,1.79,2.0,8.91,-0.42,0.28,-2.46,1.04,2.13,9.25,-0.37,0.46,-1.91,1.54,3.06,9.19,-1.05,0.84,-1.2,0.39,2.96,9.84,-1.86,1.18,-0.34,-0.81,2.42,9.76,-2.06,1.19,-0.16,-1.99,1.01,9.2,-0.83,1.03,-0.51,-0.83,0.88,9.66,-0.35,0.22,-0.76,-0.91,1.72,10.07,-1.91,-0.64,-0.66,-1.19,1.33,9.17
-2.12,-1.54,-0.97,-0.62,-0.28,9.7,-1.92,-1.86,-0.95,-0.02,-0.47,9.52,-2.18,-1.58,-0.25,0.74,-1.21,9.17,-1.88,-1.33,0.23,1.62,-1.95,9.3,-1.97,-1.25,0.27,2.51,-3.54,8.41,-2.16,-1.09,0.09,2.56,-3.87,8.82,-2.37,-1.03,0.03,2.28,-5.6,7.53,-1.31,-1.17,0.02,3.18,-3.58,8.83,-2.7,-1.71,-0.61,3.49,-7.14,7.04,-2.73,-1.7,-1.04,4.03,-7.49,6.84,-1.85,-1.7,-1.1,5.13,-7.3,5.57,-1.36,-1.08,-0.43,5.73,-6.92,4.3,-1.13,-0.81,-0.34,6.0,-7.1,4.45,-1.09,-0.63,-0.34,5.45,-7.1,4.37,-1.64,-0.8,-0.54,4.52,-8.93,4.41,-2.27,-0.85,-1.58,6.05,-7.31,4.09,-2.08,-1.0,-1.39,7.4,-6.65,3.2,-1.7,-1.11,-0.99,6.77,-6.89,2.42,-0.9,-0.65,-0.8,7.47,-7.07,1.62,-0.59,-0.27,-0.67,7.45,-6.36,1.25,-0.55,0.21,-0.89,7.08,-6.39,1.1,-0.21,0.43,-1.07,7.54,-6.85,2.34,0.34,-0.27,-1.08,7.46,-6.11,2.91,-0.04,-0.9,-0.85,7.64,-6.51,2.41,-0.19,-1.39,-1.25,7.68,-6.65,1.97,-0.02,-1.67,-1.56,7.76,-5.69,1.25,0.09,-1.74,-1.54,8.62,-4.08,0.36,0.15,-1.95,-1.42,8.94,-3.83,-0.42,0.04,-2.33,-1.17,8.66,-3.46,-1.02,0.1,-2.69,-0.89,8.89,-2.91,-1.66
0.85,-3.26,-0.35,8.74,-2.87,-2.08,1.22,-4.67,0.55,7.57,-3.87,-3.12,0.97,-5.72,0.88,5.74,-4.77,-4.17,0.79,-7.14,1.2,4.57,-3.74,-6.15,-1.51,-9.06,-0.64,2.56,-3.88,-6.18,3.79,-8.82,-0.39,-0.49,-5.22,-6.99,4.27,-7.3,-0.08,2.11,-5.67,-13.28,1.71,-2.41,-0.06,0.45,-7.98,-14.64,1.35,-0.53,-0.61,-1.91,-9.12,-8.86,2.18,-0.16,-1.23,-1.62,-8.1,-7.13,2.38,-0.63,-1.09,-1.46,-8.79,-5.78,3.36,-1.13,-1.14,-1.84,-9.35,-4.44,3.32,-1.56,-1.22,-0.24,-8.67,-4.07,3.26,-1.59,-0.76,-1.01,-9.18,-3.37,4.02,-1.94,-0.37,-0.52,-9.75,-2.29,3.26,-1.89,-0.29,0.56,-10.27,-1.87,2.75,-1.39,-0.38,0.32,-10.65,-1.15,3.9,-0.83,-0.4,0.42,-10.5,1.15,4.55,-0.66,-0.39,0.34,-9.44,2.3,3.82,-0.47,-0.35,0.48,-10.04,3.39,4.26,0.06,-0.58,0.73,-9.58,3.66,4.78,0.62,-0.58,1.38,-10.51,4.84,9.07,1.97,-0.66,0.15,-5.3,3.42,4.12,1.44,-1.77,0.52,-5.93,8.85,1.85,1.3,-2.3,0.82,-5.64,10.12,3.1,1.0,-2.9,-0.48,-4.26,10.08,1.05,0.95,-4.32,0.18,-3.04,10.47,0.04,-0.5,-4.21,-0.16,-1.31,10.83,-0.48,-0.95,-3.89,-0.25,-1.15,9.97,-0.87,-0.69,-3.34,-0.23,-3.07,9.96
0.49,-1.26,-2.72,1.13,-5.5,9.55,0.91,-1.13,-1.96,1.92,-3.09,9.68,-0.38,-0.84,-2.18,2.25,-2.54,8.79,0.46,-1.05,-3.23,2.1,-2.02,8.9,-0.8,-1.12,-3.3,2.79,-1.34,9.19,-0.4,-1.49,-3.15,4.01,0.26,8.55,-1.0,-1.87,-3.19,5.37,-0.85,9.62,-0.98,-0.25,-3.33,4.48,-0.22,7.67,-0.75,0.44,-2.22,4.23,-0.32,7.87,-0.08,0.89,-0.64,3.97,-1.19,8.58,0.1,0.62,-0.1,3.11,-1.4,9.4,0.06,0.33,-0.43,2.79,-1.1,9.22,-0.07,0.32,-0.65,3.1,-0.89,9.42,0.07,0.23,-0.33,3.8,-0.43,9.26,0.35,-0.28,-0.08,3.74,-0.53,9.16,1.04,-0.47,0.33,4.05,-0.07,8.81,1.11,-0.82,0.54,3.9,-0.36,8.72,0.67,-1.39,1.21,3.69,-0.64,7.9,1.08,-1.98,1.77,2.75,-1.66,7.4,-0.04,-3.33,2.79,1.2,-1.5,5.54,-3.99,-3.03,0.75,10.52,-3.75,5.96,-0.83,-0.81,-0.33,10.93,0.05,2.4,1.35,1.73,-0.02,6.92,-1.96,3.74,3.71,4.16,-0.47,6.86,0.08,6.63,3.67,5.26,-0.92,5.22,2.87,11.43,1.9,4.54,-1.06,2.12,1.21,10.72,-1.05,4.22,-0.18,2.03,3.39,11.2,-0.08,1.68,0.46,-0.26,2.86,11.92,-2.09,-0.7,1.45,1.79,0.23,10.49,-0.99,-0.03,0.94,1.62,-1.44,9.57
-0.54,-1.03,-2.26,2.91,-0.76,10.82,-0.54,-0.08,-2.78,1.11,-1.12,12.21,1.02,-1.34,-3.34,-1.44,0.76,12.98,1.27,-4.59,-3.07,-1.69,0.77,11.84,-0.02,-5.76,-3.05,1.77,2.27,7.03,-1.64,-5.31,-3.27,4.73,1.87,4.54,-2.05,-3.83,-2.84,3.46,1.0,2.83,-2.01,-3.13,-2.5,5.06,0.61,2.97,-0.13,-1.76,-2.1,6.61,1.69,3.76,-0.25,-0.44,-1.65,7.65,5.21,3.21,-0.66,0.99,-0.4,7.25,2.7,4.45,-0.02,2.99,1.79,4.36,4.24,3.69,-1.71,3.52,2.04,6.72,3.68,7.04,-1.83,3.25,0.66,3.52,2.23,7.16,-2.93,2.92,0.68,2.67,2.47,5.59,-3.4,1.19,2.17,1.51,0.59,8.22,-2.58,-0.09,2.24,3.55,-2.3,9.16,-1.88,2.35,2.06,3.03,-2.96,9.01,-2.2,2.41,2.09,0.84,-5.0,11.56,-1.74,0.62,0.74,3.34,-6.02,12.25,-0.23,0.69,-0.2,2.78,-6.71,11.85,0.27,0.53,-0.51,1.6,-3.86,9.02,-1.52,0.45,-0.04,1.02,-4.15,7.42,-2.0,1.05,0.08,0.62,-4.52,7.22,-2.14,1.32,0.33,3.28,-10.72,17.21,0.47,0.36,-0.9,-0.54,-3.25,9.78,-1.93,-0.91,0.69,2.91,-5.48,6.0,-2.13,-0.63,1.12,10.33,-11.21,13.36,9.24,1.2,2.21,-0.14,-3.59,8.47,3.6,-0.14,0.06,-1.26,0.53,12.62
1.6,-0.48,1.87,-0.33,-5.2,4.59,6.91,-0.39,1.39,0.51,-0.91,1.55,-0.38,0.02,0.28,-1.23,-0.84,7.46,0.09,-0.42,0.16,1.6,-2.68,8.86,0.32,0.37,-0.04,-0.51,0.4,10.46,-0.03,0.05,0.01,0.27,0.2,9.95,-0.06,-0.04,-0.32,1.0,0.55,9.71,-0.33,0.06,-0.59,0.25,0.37,10.42,-1.4,0.48,-0.32,2.14,-1.57,11.03,-0.12,1.0,0.34,-0.71,0.04,12.68,-0.05,1.9,0.14,-0.95,-0.52,15.17,-0.85,1.13,0.18,-2.79,-0.78,13.87,-0.41,-1.87,0.27,-2.33,-0.43,12.39,0.25,-2.57,0.16,-0.76,-0.15,10.18,-0.16,-1.78,0.74,-0.24,0.34,9.46,-0.96,-1.68,1.09,0.97,-1.02,8.37,0.12,-1.83,0.99,1.01,-1.54,6.69,0.31,-2.13,0.75,1.85,-1.65,6.55,0.36,-2.16,0.95,1.45,-1.67,5.81,0.07,-1.58,0.78,3.07,-1.25,5.95,0.68,-0.86,0.96,3.23,-1.6,5.98,1.84,-0.19,1.1,1.79,-2.9,5.71,3.1,0.42,1.32,3.64,-0.82,5.71,4.43,1.0,1.46,6.19,-1.89,6.6,14.14,2.66,2.85,1.43,-2.05,-0.72,-2.45,3.5,1.37,0.15,7.12,-1.04,-8.64,3.12,1.75,-0.19,-0.85,-0.44,-6.59,2.58,2.29,-0.05,-0.29,-0.17,-3.26,-0.77,2.05,1.83,2.42,-2.18,-3.55,-2.08,1.64,0.2,-0.77,0.08
5.11,0.82,1.91,5.25,-9.11,7.92,-7.72,3.19,1.11,-2.63,-0.47,12.26,0.82,-0.26,-0.34,-2.34,-2.18,15.38,-1.1,-0.69,-2.14,2.1,-8.09,7.92,-0.91,0.41,-0.81,-1.96,-5.06,13.19,-1.1,0.44,-0.08,0.64,-1.02,12.13,-0.17,0.09,-0.01,0.36,-1.84,9.72,0.48,-0.22,0.04,2.12,2.19,7.32,-0.29,0.14,-0.02,0.52,-1.44,9.87,0.56,-0.28,0.05,1.98,1.55,8.39,0.07,-0.05,-0.34,4.5,4.36,9.43,0.99,0.33,-0.43,-0.94,0.06,10.86,-1.45,1.04,-0.78,0.68,1.86,11.84,-1.49,1.57,-0.24,4.19,-2.55,9.9,3.39,0.09,0.53,-0.39,0.92,8.94,1.46,0.05,0.48,0.14,0.61,8.57,-3.72,-0.08,1.22,-0.22,-0.86,13.4,-2.28,-1.6,-0.22,1.72,-4.67,13.64,-0.78,-3.35,-0.65,3.37,-3.17,13.1,-0.32,-6.26,-2.47,4.18,-2.56,8.0,-0.77,-4.29,-3.81,2.13,-2.01,4.0,-4.49,-0.76,-2.4,5.02,1.37,4.63,-3.05,0.94,-1.6,3.9,-8.37,11.08,1.32,0.57,-2.28,3.79,-3.58,9.04,-1.01,0.09,-1.53,1.88,4.0,4.26,-6.36,-0.46,-0.96,1.34,-1.35,4.08,-4.82,-1.04,-3.16,9.44,-15.66,1.45,1.83,-1.49,-2.69,5.8,-2.66,7.99,0.33,-1.14,-0.26,8.99,-3.5,8.03,-0.03,0.62,-0.32,9.25,-3.28,7.91
0.49,2.0,-0.81,7.8,-1.24,6.86,1.33,2.65,-1.08,7.33,-0.42,7.76,1.14,1.53,-1.19,3.09,-0.29,7.42,0.97,-0.58,-0.87,2.85,0.74,5.83,2.17,-1.14,-1.06,4.06,0.24,5.6,2.74,0.55,-1.23,5.38,0.64,7.01,3.68,1.79,-1.24,4.69,0.79,7.72,3.37,2.25,-1.36,3.28,1.74,8.57,3.57,2.87,-1.38,3.09,2.44,9.32,-1.57,2.53,-0.65,3.78,1.82,15.2,1.24,-1.63,-0.16,3.93,1.83,7.69,2.31,-0.74,-0.36,2.32,3.2,4.87,-0.33,0.78,-0.74,1.45,0.47,1.91,0.37,2.83,-2.71,1.3,3.95,6.88,-2.86,2.12,-0.78,-0.53,4.84,12.07,-0.72,0.09,0.43,1.42,3.26,9.03,-1.01,0.19,-0.51,1.7,3.33,6.27,-1.13,1.09,-1.98,2.2,4.99,9.81,-1.74,0.74,-2.28,1.55,3.44,10.36,-1.22,-1.02,-0.91,2.41,2.18,7.32,-1.26,0.96,-1.39,-2.48,3.81,7.75,-2.79,-0.59,-0.66,0.0,2.86,8.42,-1.95,-0.43,-0.6,1.51,-1.09,12.96,-0.33,0.88,-0.23,-1.15,1.59,7.99,-1.92,-0.09,0.14,-0.52,2.54,7.0,-6.04,-1.97,0.26,3.88,-4.11,12.77,0.27,0.04,-0.14,2.99,0.09,6.52,0.11,0.39,-0.03,-0.77,-0.14,8.67,0.24,0.23,-0.21,1.35,-0.62,10.14,-0.19,0.23,-1.72,0.76,-0.33,10.03
0.22,1.05,-2.55,-0.04,0.05,10.65,-0.46,0.72,-1.61,-1.08,0.48,11.08,-2.64,0.58,0.13,-1.41,-3.41,9.0,-1.57,-0.74,-0.13,-0.47,-1.3,9.87,-2.55,-1.46,-0.59,-0.38,-3.03,9.05,-3.32,-1.3,-0.53,0.29,-3.22,8.72,-2.76,-0.92,-0.3,1.21,-3.63,8.98,-0.81,-0.38,-0.29,0.63,-5.12,8.75,-1.02,-0.45,-0.42,1.11,-5.47,8.15,-1.62,-0.42,-0.27,1.6,-5.7,8.94,-1.01,-0.42,-0.44,1.92,-6.16,8.94,-1.63,-0.81,-0.69,1.91,-6.51,8.37,-2.39,-1.16,-0.87,2.62,-7.23,8.16,-1.79,-1.2,-1.17,2.96,-7.89,8.02,-1.75,-1.3,-1.53,4.29,-9.91,8.63,-1.82,-1.88,-2.34,4.06,-10.35,8.48,-0.66,-2.15,-3.06,3.66,-9.28,7.48,3.05,-2.35,-2.57,4.4,-5.12,5.87,2.83,-2.07,-2.07,8.08,-6.02,6.96,1.88,-1.81,-2.72,5.84,-3.9,5.62,1.86,-2.21,-2.44,5.9,-2.2,5.06,3.39,-1.49,-1.36,8.5,-1.1,4.49,3.25,-0.71,-1.41,6.27,0.95,2.41,2.19,-2.32,-0.34,7.58,-0.65,3.64,2.56,-1.96,-0.06,9.05,-0.42,4.46,2.66,-2.44,-0.36,9.51,0.21,3.47,2.27,-2.31,-0.29,10.92,-0.36,2.95,1.4,-2.25,-0.5,9.92,-0.73,0.97,1.66,-1.81,-0.64,9.58,0.65,0.12,1.98,-1.88,-0.57,9.44,0.63,-0.75
2.48,-2.13,-0.38,7.93,0.15,-1.29,1.32,-2.79,0.2,7.53,0.72,-4.07,-0.28,-2.73,1.24,7.93,0.3,-4.95,-1.3,-1.82,1.77,7.04,-0.46,-5.97,-1.82,-0.04,2.55,7.81,-0.62,-5.08,-0.85,0.97,2.0,9.6,-1.28,-4.48,0.0,1.38,0.13,7.44,-0.93,-3.68,0.69,1.16,-0.04,8.48,-0.68,-4.57,0.64,1.17,0.38,9.01,-1.36,-4.08,0.84,1.49,0.73,9.33,-1.41,-2.92,0.81,2.13,0.42,9.15,-1.78,-1.96,0.69,2.67,0.86,8.85,-1.55,-0.84,0.44,2.98,1.17,9.98,-1.17,-0.16,0.41,2.21,1.62,9.28,-2.97,0.72,1.16,1.82,1.58,8.36,-4.51,2.15,1.26,2.59,1.76,7.53,-0.19,4.03,-0.13,2.23,0.98,8.64,-4.23,4.07,0.07,1.34,2.04,7.52,-4.21,4.46,-0.93,1.88,1.8,5.71,-5.01,4.61,-0.79,1.71,1.68,6.0,-5.86,3.79,1.0,1.78,2.35,6.06,-6.29,4.65,1.26,1.88,2.64,4.76,-6.6,4.74,3.06,2.55,2.52,4.43,-6.49,5.77,4.46,3.54,2.34,3.81,-5.07,7.76,4.51,4.03,2.02,1.99,-3.76,9.1,1.46,3.07,1.06,-0.1,-3.09,9.62,1.54,1.67,0.47,-0.78,-1.77,10.4,0.85,0.04,0.49,-0.68,-3.31,11.42,1.02,-0.67,1.1,-0.11,-3.15,10.48,1.31,-1.15,1.43,0.19,-2.88,11.2
1.91,-0.95,0.7,0.72,-2.04,11.47,1.52,-0.53,-0.43,0.45,-1.28,11.19,1.39,-0.1,-0.18,0.54,-1.5,16.02,2.59,-0.44,-0.09,1.11,1.16,10.85,0.63,-1.93,-0.07,0.94,1.62,7.72,-0.29,-2.68,0.23,1.97,-1.1,8.7,0.67,-2.54,-0.02,2.73,0.02,9.23,1.04,-1.88,-0.49,3.51,-0.17,9.88,1.72,-1.4,-0.73,4.32,0.73,9.84,3.01,-0.95,-0.98,5.08,3.7,8.49,4.79,-0.66,-1.3,5.94,5.28,7.38,5.6,-0.55,0.06,5.17,5.4,5.92,5.61,-0.45,1.58,4.4,6.46,3.53,4.38,-0.27,2.06,4.7,7.83,3.32,2.96,-0.93,1.67,6.52,5.52,3.76,2.42,-2.29,0.7,7.6,4.7,1.04,2.38,-1.82,-0.51,7.56,6.02,-0.08,2.15,-0.18,-1.45,5.3,8.84,0.19,2.09,-0.07,-0.8,5.7,7.95,-0.06,0.92,-0.4,0.06,5.88,7.81,-1.1,0.27,-0.21,0.13,5.92,7.58,-0.8,0.24,-0.03,-0.11,5.54,7.23,-0.03,0.51,-0.09,-0.24,5.25,7.33,-0.58,0.91,0.54,-0.45,5.39,6.92,-1.37,-0.39,0.48,-0.31,5.55,7.84,-0.48,-0.44,0.48,-0.23,4.87,7.93,0.59,0.12,-0.09,0.05,4.89,7.93,0.99,0.31,-0.37,0.28,5.19,7.8,0.26,0.62,-0.84,0.38,4.86,7.26,-0.7,0.47,-0.92,0.14,4.5,7.66,-1.29
-2.88,-1.53,0.67,6.53,6.77,-0.4,-3.94,-0.68,1.4,5.75,6.19,-0.53,-4.77,-3.26,0.15,3.41,7.41,1.62,-6.64,-4.55,-0.51,4.12,5.39,0.89,-2.65,-4.36,-1.77,6.52,5.41,-1.32,-1.75,-4.18,-2.32,4.88,5.99,0.07,-2.36,-2.58,-4.63,4.18,6.53,-0.22,-0.2,-1.31,-5.03,5.1,9.81,-0.79,-0.54,1.17,-2.14,1.35,10.67,0.43,-2.76,1.03,-0.7,0.9,9.55,3.82,-1.58,0.02,-0.59,0.95,9.26,4.41,-0.18,-0.81,-0.07,1.06,9.8,3.86,-0.04,-0.83,0.24,1.4,9.89,3.27,-0.34,-0.15,0.66,1.91,9.46,3.14,-0.69,0.15,0.57,1.85,8.7,3.54,-1.34,0.52,0.75,2.26,8.14,3.91,-1.21,0.89,1.92,2.21,7.93,4.18,-0.83,0.33,2.07,2.63,6.93,4.74,-0.52,-0.39,1.8,3.81,6.33,4.73,-0.35,-0.47,1.41,4.68,6.49,4.26,-0.19,-0.08,1.02,4.6,6.64,3.85,-0.96,0.12,0.91,4.77,7.2,3.5,-3.14,0.65,1.12,5.73,5.4,4.83,-2.81,1.29,1.52,4.67,3.19,5.9,-1.52,1.43,2.29,4.82,3.34,6.4,-2.17,0.96,2.12,5.9,3.61,7.07,-1.9,0.92,0.65,5.75,1.38,7.59,-1.0,1.02,-0.41,5.09,2.19,7.74,-1.37,1.03,-0.37,4.77,2.83,8.4,-1.88,1.18,-0.45,4.76,0.86,9.6
-1.94,1.68,-0.63,4.44,0.97,9.04,-1.85,1.63,-0.66,3.7,-0.12,9.18,-2.5,0.68,0.89,1.94,0.16,10.5,-1.93,-0.11,1.09,1.75,-0.39,9.9,-1.91,-1.74,0.03,2.87,-1.87,9.98,-1.34,-2.92,-0.48,3.35,-1.78,9.5,-0.54,-2.8,-0.78,4.03,-1.25,8.81,0.03,-2.1,-0.61,5.22,-2.48,7.52,0.05,-1.58,-0.03,6.3,-1.66,6.72,-0.32,-1.26,0.22,6.18,-1.66,7.11,-0.1,-1.48,0.45,6.06,-1.67,6.74,-1.07,-2.36,0.55,6.43,-1.79,6.19,-0.96,-2.92,0.46,7.49,-2.82,5.51,-0.44,-2.78,-0.08,8.46,-3.2,5.06,0.79,-2.38,0.13,10.07,-2.78,4.63,0.64,-2.03,0.23,9.99,-2.38,3.85,0.64,-1.85,-0.41,8.98,-3.27,3.84,0.98,-2.28,-0.54,9.12,-1.92,3.76,0.13,-2.6,-0.26,9.34,-1.69,1.88,0.18,-2.81,-0.3,9.28,-2.03,1.26,0.01,-2.74,-0.24,8.81,-2.74,0.55,0.72,-2.56,0.2,10.28,-1.29,-1.12,-0.2,-1.9,0.25,9.66,-1.9,-1.99,-0.11,-1.45,0.06,10.12,-2.49,-1.83,0.51,-1.31,-0.45,9.96,-2.36,-2.13,0.25,-1.54,-0.88,9.76,-1.78,-2.67,0.51,-1.51,-0.94,9.64,-1.38,-2.71,0.38,-1.4,-0.86,9.52,-1.55,-2.99,0.91,-1.12,-0.8,9.62,-1.24,-3.56,-0.04,-0.74,-0.81,9.51,-0.93,-3.94
-0.59,0.55,-2.44,8.78,2.87,-3.74,-0.48,0.69,-2.53,8.12,4.14,-3.28,-1.18,0.81,-2.58,7.2,4.17,-2.81,-0.95,0.79,-2.53,7.08,5.02,-2.7,-0.9,0.72,-2.63,7.24,6.02,-2.22,-1.02,0.76,-2.85,6.07,6.35,-1.81,-1.23,0.74,-3.02,5.22,6.99,-1.27,-1.73,0.61,-2.8,3.38,11.3,-1.17,-0.11,0.26,0.38,5.13,7.82,-0.88,-0.78,0.11,0.35,5.61,7.6,0.01,-0.06,0.14,0.12,5.29,7.24,-0.43,0.26,-0.01,0.14,5.0,7.53,-0.36,0.34,-0.4,0.54,5.28,7.81,-0.13,0.29,-0.58,0.56,5.58,7.41,-0.73,0.7,-0.51,0.59,5.57,7.58,-1.71,0.44,-0.32,0.81,5.89,7.38,-1.77,0.56,-0.05,0.98,6.33,7.48,-1.54,-0.07,0.23,1.09,6.07,7.0,-1.5,-0.26,0.22,1.27,6.63,6.51,-1.39,0.13,0.17,1.52,7.03,6.28,-1.16,-0.01,0.16,1.59,7.23,5.6,-0.81,0.26,-0.06,1.68,7.52,5.57,-0.85,0.27,-0.38,1.77,8.06,5.06,-1.0,0.89,-0.44,1.85,8.27,4.4,-1.49,1.03,-0.5,1.92,8.45,3.84,-1.69,1.24,-0.58,2.01,8.74,3.34,-1.94,1.28,-0.71,2.09,8.34,2.38,-2.29,1.15,-0.78,2.09,8.7,1.64,-2.69,0.78,-0.83,1.89,9.19,0.52,-3.34,0.82,-0.82,1.46,9.39,0.0,-3.74
0.19,0.5,2.45,7.89,-3.76,-4.55,0.03,0.53,2.74,7.37,-4.9,-4.57,0.12,0.75,2.72,7.6,-11.03,-3.4,-0.75,0.46,-0.11,7.7,-6.36,-4.0,0.05,0.39,0.13,6.25,-5.09,-4.14,0.28,0.26,0.21,7.58,-5.84,-4.1,0.05,0.18,0.02,8.06,-5.65,-4.29,0.1,0.38,0.15,7.48,-5.6,-4.42,0.28,0.54,0.2,7.38,-5.91,-3.9,0.38,0.56,0.2,7.75,-6.21,-3.72,0.65,0.71,0.17,7.63,-6.19,-3.72,0.86,1.1,0.17,7.62,-6.21,-3.4,1.35,1.4,0.16,7.62,-6.8,-2.88,1.95,1.6,-0.04,7.71,-6.68,-2.25,2.34,1.88,-0.21,7.85,-6.68,-1.22,2.77,2.07,-0.28,7.97,-6.38,-0.3,2.91,2.07,-0.29,7.89,-5.98,0.4,3.12,1.98,-0.28,7.86,-6.14,2.14,3.24,1.96,-0.45,7.59,-5.58,3.1,3.16,1.82,-0.63,7.62,-4.73,3.98,1.95,1.29,-0.6,7.3,-4.04,4.95,1.43,1.01,-0.52,7.44,-4.33,5.37,1.82,1.03,-0.5,7.09,-3.75,5.69,1.93,0.92,-0.34,7.16,-3.39,6.7,1.87,0.4,-0.01,6.95,-2.51,7.7,3.6,0.51,0.56,6.79,-3.14,6.78,2.93,0.87,0.74,6.42,-1.35,6.47,1.06,0.61,0.74,6.92,-2.28,7.14,1.0,0.51,0.44,6.3,-1.1,7.49,0.89,0.35,0.09,6.34,-0.92,7.2
1.11,0.96,1.74,5.3,-2.26,8.38,1.9,0.37,1.53,5.25,-2.27,9.58,1.62,-0.35,0.85,5.67,-1.57,9.41,2.15,-0.21,-0.11,5.24,-1.7,8.98,2.43,-0.29,-0.4,4.99,0.09,7.4,2.56,-0.56,-0.39,4.23,1.38,9.05,2.57,-1.08,-0.48,4.55,1.94,7.72,2.54,-1.25,-0.74,5.16,2.33,7.36,2.42,-1.35,-0.72,5.41,3.26,7.13,2.24,-1.37,-0.82,5.15,3.38,6.28,2.39,-2.21,-0.81,6.76,4.34,5.87,1.91,-1.47,-0.42,7.09,5.06,5.0,1.4,-0.93,-0.59,6.19,5.53,4.23,1.33,-1.19,-0.64,6.7,6.07,3.93,0.77,-0.73,-0.52,6.64,5.9,3.43,0.83,-0.56,-0.31,6.1,6.27,3.19,1.22,-0.92,-0.33,5.79,6.26,3.72,0.68,-1.25,-1.2,5.14,6.57,3.1,1.11,-1.96,-1.38,5.64,7.38,2.62,2.7,-2.17,-0.85,5.97,7.2,0.87,3.25,-1.88,-0.82,6.43,6.39,-0.99,2.13,-1.24,-0.71,5.09,8.17,-1.49,3.52,-1.15,-0.13,6.5,6.04,-1.79,4.16,-0.63,0.33,5.01,5.87,-2.71,3.97,-0.17,0.41,6.55,5.95,-3.32,6.05,0.6,0.26,5.99,4.42,-3.52,9.57,0.29,-1.04,4.65,12.92,-20.3,2.36,-1.77,-0.98,5.35,3.97,-8.3,1.45,-0.72,-0.82,4.38,3.46,-8.1,1.36,-0.58,-0.03,4.48,2.69,-7.37
1.78,-1.33,0.06,3.95,1.65,-8.65,1.12,-0.98,0.2,3.9,1.18,-9.55,0.75,-0.35,0.37,3.46,0.72,-9.48,0.7,-0.25,0.35,3.43,0.35,-9.45,0.47,-0.18,0.36,3.51,0.07,-9.43,0.4,0.03,0.08,3.55,0.16,-9.09,0.44,0.12,0.07,3.8,0.99,-9.01,-0.54,0.38,0.66,4.6,1.81,-8.84,-1.48,0.56,1.66,4.0,2.02,-9.28,-0.98,0.66,2.44,4.22,1.5,-8.71,-1.44,0.63,2.84,3.67,0.77,-8.35,-1.13,0.19,2.33,3.95,-1.14,-9.21,-0.61,0.0,1.06,3.8,-0.33,-8.9,-1.15,-0.03,0.81,4.58,0.92,-9.38,-1.88,0.13,0.95,4.68,1.33,-9.93,-2.4,-0.12,1.04,4.82,0.95,-7.75,-2.8,-0.04,1.61,5.73,3.33,-7.9,-3.56,0.05,2.1,4.97,3.96,-7.63,-3.98,-0.27,2.21,5.21,3.76,-6.77,-3.64,-0.56,1.87,5.28,3.52,-6.62,-3.56,-0.2,1.0,5.29,3.8,-6.25,-3.58,-0.03,0.6,5.61,4.54,-5.33,-2.63,0.06,-0.21,6.11,3.87,-5.55,-1.03,-0.03,-0.66,5.41,4.98,-5.15,-1.48,-0.42,-0.63,4.67,6.22,-4.8,-2.57,-1.32,-0.77,4.52,6.84,-3.86,-2.27,-1.93,-0.67,4.5,6.57,-3.51,-1.91,-2.6,-0.71,3.51,7.38,-2.65,-3.52,-3.13,-0.99,3.02,7.03,-1.96,-2.38,-3.56,-1.43,4.02,7.73,-5.35
-1.65,1.92,-0.15,1.54,8.69,-3.5,-1.98,1.67,-0.09,1.46,8.68,-0.36,-0.63,0.53,-0.47,1.19,8.96,-0.38,-0.37,-0.28,-0.54,1.54,8.88,-1.18,-0.94,-0.78,0.02,1.92,8.86,-0.85,-0.75,-0.75,0.08,2.03,8.67,-1.09,-0.46,-0.56,0.07,1.2,9.54,-0.8,-1.02,-0.16,0.64,2.32,9.49,-0.18,-0.92,0.71,0.65,2.87,9.4,-0.55,-0.92,1.08,0.75,2.9,8.62,0.25,-1.13,0.42,0.71,3.07,8.79,1.14,-1.36,0.14,0.43,3.58,7.78,1.85,-0.87,0.23,0.23,3.53,8.09,1.5,-1.28,0.15,0.28,3.73,8.32,2.33,-1.38,0.07,0.47,3.03,8.43,2.86,-1.46,0.07,0.64,3.52,7.62,3.05,-1.32,0.13,0.57,3.53,7.94,3.21,-1.49,0.23,0.52,4.14,7.71,3.41,-0.58,0.52,0.26,4.22,6.85,4.03,-0.26,0.41,0.16,4.09,7.11,4.19,-0.03,0.19,0.03,3.75,7.09,4.09,-0.15,-0.1,0.05,4.0,7.26,4.26,-0.19,-0.07,0.02,3.96,7.32,4.09,-0.3,-0.04,0.05,3.92,7.25,4.19,-0.93,-0.31,0.23,4.21,7.5,4.27,-1.87,-0.14,0.28,4.22,6.99,4.29,-2.08,0.17,0.35,4.1,6.27,4.9,-2.95,0.48,0.5,4.06,5.51,5.78,-2.71,0.67,0.46,4.29,5.22,6.25,-2.57,0.72,-0.02,4.41,5.45,6.6
-2.65,0.72,-0.06,3.87,3.46,8.14,-2.08,0.69,0.01,3.59,3.75,8.13,-2.14,0.91,-0.28,3.66,2.51,8.74,-1.86,0.94,-0.07,2.8,1.84,8.78,-1.5,0.77,0.04,2.46,1.5,9.41,-1.28,0.45,0.21,2.49,0.96,9.76,-1.16,-0.26,0.36,2.59,0.83,9.63,-0.97,-0.94,0.37,2.58,0.52,9.34,-0.64,-1.13,0.26,3.48,0.65,9.23,-0.73,-0.84,-0.05,4.02,0.59,9.03,-0.99,-0.56,-0.03,3.91,0.55,8.95,-1.03,-0.37,0.07,3.02,0.68,9.26,-0.65,-0.25,0.24,2.42,-0.02,9.75,0.24,0.09,0.57,2.48,0.01,10.51,1.12,0.86,1.25,2.42,-0.56,8.55,3.25,0.66,0.98,3.4,3.64,8.12,-0.52,-1.54,-0.06,2.53,0.44,9.44,-2.09,-3.12,0.24,4.11,0.88,7.56,-2.48,-3.6,0.52,5.46,-1.18,8.49,-1.84,-2.15,0.66,6.03,-1.39,6.31,-1.03,-0.39,0.5,7.47,-2.85,6.4,0.37,0.68,-0.17,6.05,-1.95,5.97,0.59,0.92,-0.76,5.6,-1.49,6.49,0.29,0.87,-0.53,5.39,-1.61,7.17,0.44,0.54,-0.27,7.66,-1.17,6.99,-0.23,-0.54,0.29,8.41,-1.43,8.96,-1.42,-0.93,0.87,8.72,-2.01,7.93,-0.52,-1.06,0.93,8.45,-2.7,8.34,-1.03,-1.72,0.47,5.96,-2.9,8.21,-0.3,-2.38,0.39,6.35,-2.31,6.25
-0.71,0.39,-2.01,7.15,-1.52,6.09,-0.48,0.59,-1.63,6.51,-1.04,6.8,-0.39,0.73,-1.4,6.74,-0.98,7.02,-0.22,0.75,-1.23,6.46,-0.88,7.49,-0.27,0.54,-1.15,6.08,-0.43,7.91,-0.19,0.2,-0.82,6.07,-0.31,8.18,-0.46,-0.07,-0.16,6.74,0.0,7.98,-0.67,-0.19,0.08,6.6,-0.37,7.73,-0.61,-0.13,0.15,6.59,-0.62,7.26,-0.72,0.03,0.26,6.46,-1.37,7.15,-0.63,-0.01,0.26,6.26,-1.76,7.44,-0.55,-0.14,0.19,6.56,-1.8,7.66,-0.51,-0.33,0.28,6.44,-1.7,7.62,-0.36,-0.65,0.42,6.52,-1.92,7.5,-0.34,-0.82,0.4,7.17,-2.19,7.11,-0.52,-0.37,0.55,6.88,-1.86,6.32,-0.27,-0.44,0.89,6.44,-2.33,6.05,0.47,-0.64,1.11,6.58,-2.72,6.22,0.19,-0.24,1.17,7.04,-3.28,6.35,0.18,-0.09,0.83,6.47,-4.23,6.69,0.38,-0.43,0.22,6.24,-4.29,7.03,0.32,-1.03,-0.04,6.44,-3.78,7.07,0.12,-1.15,0.04,7.35,-3.38,6.56,-0.08,-1.1,-0.25,8.17,-2.73,5.5,0.03,-1.07,-0.75,7.6,-2.43,5.33,-0.1,-1.05,-0.5,7.73,-2.35,4.96,0.03,-1.07,0.05,7.71,-2.59,4.46,-0.13,-1.1,0.08,8.36,-3.0,4.24,0.25,-1.03,-0.02,8.65,-3.05,4.34,0.38,-1.04,-0.23,8.59,-2.98,4.15
2.01,1.13,0.12,8.07,0.96,5.51,1.88,1.2,-0.03,7.6,1.64,5.2,1.07,1.27,0.2,7.24,2.17,5.44,-0.15,0.68,0.52,7.46,1.11,7.12,0.33,0.11,0.31,7.34,0.47,7.32,1.28,-0.09,0.09,7.29,1.12,5.98,1.08,-0.0,-0.16,7.69,1.82,5.5,0.97,0.12,-0.21,7.6,1.74,5.7,1.15,0.35,-0.14,7.27,2.55,5.61,0.79,0.59,0.04,7.04,2.41,5.38,0.56,1.0,0.09,7.47,2.49,5.61,0.33,1.6,0.09,6.87,2.94,6.34,0.05,1.64,0.41,6.3,2.95,6.71,-0.15,1.69,0.62,5.96,2.43,7.24,-0.12,1.98,0.82,5.68,2.36,7.59,-0.26,1.94,0.93,5.2,2.03,7.54,-0.8,2.11,0.91,4.73,1.32,8.14,-1.02,2.49,0.92,4.15,1.24,8.31,-1.32,2.86,1.01,2.81,0.55,8.75,-1.3,3.06,1.18,2.26,-0.06,9.34,-0.63,2.48,1.2,0.9,-0.87,10.9,-0.59,1.25,0.69,0.88,-1.11,11.05,-0.5,-0.02,0.25,1.28,-0.74,10.0,-0.45,-0.52,0.17,1.31,-0.76,9.31,-0.34,0.03,0.29,1.5,-1.04,9.35,-0.1,-0.15,0.56,1.78,-1.54,9.49,0.06,-1.15,0.72,1.31,-0.96,10.01,0.23,-2.07,0.87,1.59,-0.88,9.57,0.9,-2.84,1.33,2.98,-0.73,9.25,1.09,-3.18,1.51,4.28,-0.88,9.12
2.28,-2.98,1.58,3.61,-1.11,7.9,2.36,-1.68,0.97,4.68,0.3,7.96,0.68,-0.15,0.46,4.92,-0.3,7.58,2.56,-0.59,-0.45,6.67,1.23,9.38,2.11,-0.44,-0.82,6.66,1.52,7.35,2.97,0.28,-1.0,5.88,2.11,6.89,2.61,1.27,-1.0,4.6,3.58,6.41,1.92,1.54,-0.66,4.96,4.73,7.95,1.56,0.95,-0.66,4.76,5.03,8.17,1.24,0.51,-0.34,3.66,4.98,6.46,1.0,0.67,-0.09,3.93,5.21,6.65,0.59,0.47,-0.36,3.93,4.88,7.2,0.81,-0.33,-0.37,4.0,6.29,6.73,0.46,-0.4,0.21,3.59,5.82,6.22,0.39,-0.74,0.53,3.82,5.66,6.34,0.38,-0.85,0.67,4.35,6.14,6.57,0.51,-0.87,0.46,4.6,5.15,5.93,0.54,-1.04,0.4,4.9,5.56,5.74,-0.06,-1.37,0.5,5.13,5.54,5.59,-1.19,-1.8,1.01,6.18,5.58,5.61,-0.9,-1.87,0.87,5.84,4.99,5.54,-0.44,-1.89,0.35,6.61,4.74,4.71,-0.28,-1.44,-0.04,7.77,4.86,3.57,-0.38,-0.94,-0.08,7.68,4.9,3.8,-0.42,-0.15,-0.27,6.57,3.96,4.46,0.06,-0.15,-0.27,6.57,4.69,4.99,0.14,-0.72,-0.12,6.41,5.07,4.76,-0.01,-1.1,-0.16,7.09,5.14,4.21,-0.39,-1.18,-0.22,7.33,4.58,3.6,-0.42,-1.21,-0.36,7.23,4.83,2.85
0.87,1.28,-1.61,7.74,1.71,6.7,-1.03,1.85,-2.04,7.59,0.45,6.76,-1.14,2.46,-2.6,7.72,1.76,7.46,-1.11,1.83,-1.94,5.49,1.84,7.63,-1.17,0.9,-0.82,5.02,1.31,7.78,-1.15,0.47,-0.25,6.01,0.31,7.97,-0.1,0.75,-0.57,5.05,0.61,8.03,0.62,1.0,-0.84,5.34,1.28,7.07,0.21,1.15,-1.01,5.32,1.54,7.87,-0.92,1.84,-1.43,4.41,2.0,8.39,-1.43,1.93,-1.88,3.27,1.27,8.81,-0.93,1.76,-1.41,1.89,0.81,8.23,-1.2,1.23,-0.81,2.39,1.08,9.5,-0.04,0.81,-1.09,1.82,1.13,8.57,0.49,-0.7,-0.81,1.42,1.12,8.9,0.39,-1.82,-0.54,2.48,3.12,8.79,-1.35,-1.07,-1.49,3.45,-0.7,8.76,-0.23,0.24,-1.46,3.31,1.12,8.07,-1.08,1.66,-0.96,2.87,2.39,10.03,-1.78,2.16,-0.34,0.83,0.65,10.13,-1.68,2.16,0.17,-0.53,-0.99,10.87,-0.37,1.77,-0.25,-0.89,-0.7,11.59,-0.03,1.33,0.13,-1.75,-0.18,10.7,-1.34,0.24,1.42,-1.5,0.59,11.57,-1.99,-0.3,1.39,-1.09,-0.5,11.47,-2.07,-2.04,0.93,-0.67,-3.18,9.94,-1.23,-3.06,0.34,0.92,-3.66,9.97,-0.8,-3.25,-0.18,2.36,-4.0,8.97,-0.18,-2.67,-0.3,3.34,-2.9,8.87,-0.86,-2.12,0.1,4.26,-3.57,8.85
-1.98,-1.74,-0.33,6.27,-3.6,8.21,-2.4,-1.39,-1.04,6.03,-4.29,8.03,-2.99,-0.63,-1.11,4.61,-5.82,7.34,-3.18,-0.67,-1.98,5.93,-5.67,5.75,-3.28,-1.14,-3.2,5.73,-5.42,5.33,-3.43,-1.14,-3.36,7.17,-4.73,4.37,-3.13,-1.1,-3.02,7.36,-4.26,3.86,-2.33,-0.77,-2.56,7.99,-4.05,3.24,-2.2,-0.23,-2.29,8.29,-4.31,3.82,-1.89,0.38,-1.95,8.11,-3.54,3.25,-1.59,0.82,-2.02,7.96,-4.13,4.22,-1.7,1.32,-2.1,7.97,-3.78,4.46,-1.53,2.04,-1.71,8.25,-3.25,4.67,-1.0,2.46,-1.17,7.92,-3.24,5.71,-0.13,2.37,-1.15,6.88,-3.38,6.75,-0.16,0.91,-1.05,7.08,-3.15,6.26,0.25,-0.07,-0.76,7.58,-2.07,7.19,-0.05,-0.35,-0.91,6.36,-3.55,6.83,-0.72,-0.33,-2.05,6.83,-3.47,6.75,-0.69,-0.0,-3.1,8.07,-1.75,6.38,0.19,0.67,-3.41,7.18,-0.58,6.34,0.51,0.97,-2.84,7.95,0.1,6.68,0.7,0.82,-2.24,7.42,0.39,6.71,0.67,1.14,-1.29,6.87,1.15,6.04,0.12,1.74,-0.81,6.0,1.57,5.95,-0.63,2.45,-0.61,6.23,1.84,6.21,-0.93,3.07,-0.7,5.08,2.14,7.36,-1.08,3.15,-0.62,4.26,2.24,8.14,-1.12,2.83,-0.28,3.02,1.82,8.53,-0.75,1.96,0.51,3.27,0.99,8.83
-0.46,1.7,0.89,2.84,0.4,8.48,-0.71,1.96,0.86,1.69,2.26,7.13,-2.93,2.14,0.18,-5.68,-6.73,24.16,0.73,-0.59,-1.26,-0.14,0.33,11.04,2.14,0.64,-0.19,0.92,1.0,9.42,1.85,1.08,0.72,-0.82,1.91,8.65,1.32,0.04,0.66,0.05,1.72,8.47,1.4,-0.05,0.4,0.06,2.1,8.39,1.48,0.12,0.65,0.39,2.81,7.93,0.99,-0.06,0.96,-0.13,3.7,8.22,0.68,-0.39,1.41,0.08,2.84,8.13,0.76,-0.51,1.57,0.91,3.33,8.16,-0.12,-0.73,2.51,1.0,1.4,8.03,-1.14,-1.42,4.79,2.28,2.79,8.86,0.36,-1.78,7.47,5.27,1.76,8.4,0.42,-0.31,7.04,8.77,-2.56,5.88,-0.18,1.38,2.97,5.39,0.72,9.96,-0.34,0.34,2.76,4.65,0.19,9.39,-0.43,-0.86,2.43,6.23,-1.75,9.51,0.06,-0.4,1.67,5.97,-1.89,8.58,-0.15,-0.11,1.86,6.01,-0.77,8.39,-0.42,-0.85,1.17,6.07,-0.79,7.99,0.04,-1.0,0.58,7.43,-1.17,7.34,0.66,-0.65,0.51,7.46,-1.81,8.26,-0.02,-0.45,1.01,7.0,-1.16,8.84,-0.28,-1.08,0.88,7.58,-1.45,7.81,0.29,-0.93,0.46,6.46,-0.94,7.15,0.5,-0.14,1.84,7.25,-1.37,7.59,0.77,0.05,1.69,7.27,-2.18,6.94,0.3,0.37,0.91,5.55,-2.47,7.71
