0.68,1.82,0.73,5.54,-8.38,-1.43,-1.45,1.67,0.79,5.64,-8.1,1.37,-0.47,0.7,0.51,4.5,-7.69,1.71,-0.04,0.73,0.36,4.52,-7.73,0.52,-0.79,0.61,0.31,4.04,-8.19,1.2,-0.62,0.44,-0.1,3.57,-8.06,0.78,-0.3,0.62,-0.52,3.41,-6.94,-0.01,-0.76,0.4,-0.31,6.16,-7.64,0.05,0.6,-0.03,-0.03,2.59,-7.43,0.91,0.77,0.24,-0.05,3.29,-8.17,-0.11,0.19,0.77,0.06,5.24,-8.59,0.49,0.03,-0.01,0.57,4.96,-9.83,1.86,0.03,-0.52,0.08,4.28,-9.4,1.27,-0.35,-0.13,-0.11,5.16,-9.64,0.35,0.41,0.27,-0.4,4.92,-9.42,-0.16,0.02,0.34,-0.12,4.96,-7.86,0.03,-0.15,0.03,0.23,4.86,-7.75,0.46,0.03,0.16,0.26,4.49,-8.03,0.18,0.23,0.39,0.19,4.53,-8.29,0.45,0.13,0.23,0.46,4.66,-8.84,1.03,-0.08,-0.09,0.29,4.57,-9.23,1.19,0.09,-0.04,0.08,4.44,-9.02,0.66,0.07,-0.1,0.13,4.29,-8.64,0.64,0.11,-0.09,0.08,4.27,-8.67,0.67,0.11,-0.16,-0.05,4.2,-8.87,0.75,0.05,-0.19,0.04,4.2,-9.02,0.54,0.03,-0.02,0.04,4.18,-8.99,0.75,0.0,-0.1,-0.06,4.43,-8.87,0.96,0.15,-0.22,-0.15,4.43,-8.45,0.99,0.15,-0.26,0.15,4.5,-8.71,1.04
2.47,-1.95,-1.96,-0.32,-9.78,-13.33,2.28,0.62,-3.08,-5.62,-9.51,-21.98,1.21,5.45,-2.55,-7.81,-2.71,-6.64,1.4,4.89,-1.31,-1.97,1.04,25.31,1.07,2.52,-0.87,7.32,-0.28,33.81,-0.1,0.61,0.02,8.9,-3.34,26.66,-0.18,-0.71,0.02,5.38,-8.27,18.16,-0.09,-1.28,-0.28,2.82,-9.15,11.55,-0.41,-1.36,-0.33,2.31,-7.78,5.88,-0.3,-0.42,0.77,5.32,-7.22,-0.53,-0.64,0.08,0.49,3.09,-9.7,4.97,0.01,-0.97,-0.42,3.63,-8.21,3.88,-0.29,-0.75,-0.14,3.52,-6.73,0.52,-0.6,-0.0,0.22,3.16,-7.55,1.7,0.03,-0.64,0.09,3.98,-7.87,2.99,-0.01,-0.23,-0.08,3.7,-8.32,1.48,-0.23,0.43,0.1,3.66,-8.03,2.0,-0.19,0.31,-0.17,4.34,-8.18,3.65,0.09,0.03,-0.38,4.41,-7.19,3.8,0.07,0.18,-0.16,4.45,-7.11,3.43,0.13,0.26,-0.17,4.47,-7.5,4.25,0.21,0.29,-0.05,4.6,-7.31,4.75,0.09,0.1,-0.02,4.77,-7.81,4.75,0.17,0.18,-0.29,4.67,-7.74,4.75,0.24,0.5,-0.39,5.08,-7.73,4.38,0.03,0.04,-0.36,4.64,-7.46,4.98,0.22,-0.25,-0.45,4.54,-7.92,5.27,0.17,-0.5,-0.5,4.66,-7.19,4.69,0.08,-0.28,-0.26,4.81,-7.15,4.03,-0.0,-0.15,-0.27,4.87,-6.91,4.05
2.79,0.85,-0.39,-2.27,-9.24,-20.77,1.41,5.48,-1.26,-6.05,-7.09,-13.83,2.05,3.8,-2.69,-4.18,-6.41,1.62,-0.16,4.89,-1.88,-4.28,6.43,12.9,-0.72,4.29,1.59,6.94,7.58,38.3,0.47,-0.75,0.99,12.24,-7.74,30.24,-0.34,-0.67,0.29,8.55,-9.51,11.5,-0.23,-1.01,-0.23,6.31,-9.21,8.17,-0.39,-0.89,-0.3,5.79,-7.15,4.75,-0.37,-0.21,-0.18,5.38,-6.03,3.42,-0.29,-0.44,-0.17,5.63,-6.49,4.42,-0.21,-0.26,-0.12,5.63,-5.75,3.17,-0.09,0.0,0.01,5.71,-5.78,3.52,-0.11,-0.14,0.19,5.81,-6.03,4.42,-0.03,-0.1,0.21,5.9,-5.99,3.8,-0.15,0.1,0.14,6.01,-6.48,3.8,-0.14,-0.13,0.17,6.07,-6.37,4.63,-0.03,-0.26,0.03,6.1,-6.58,3.93,-0.01,0.1,-0.08,6.13,-6.09,4.04,0.11,0.08,0.06,6.28,-6.32,4.51,-0.01,0.0,-0.05,6.05,-6.36,4.13,0.03,-0.04,-0.01,6.05,-6.49,4.27,0.08,-0.02,0.08,6.13,-6.36,4.44,0.07,-0.03,-0.1,6.12,-6.74,4.22,0.07,-0.13,-0.31,6.18,-6.4,4.3,-0.0,-0.08,-0.16,5.91,-6.46,4.21,0.05,-0.21,-0.29,6.34,-5.77,4.07,-0.04,-0.19,-0.16,6.53,-5.59,4.31,0.06,-0.29,-0.03,6.57,-5.68,4.2,0.1,-0.16,-0.08,6.41,-5.83,3.9
2.02,1.99,-0.91,-3.25,-8.41,-26.57,-0.07,6.99,-0.58,-8.37,-4.88,-15.94,0.74,4.87,-1.86,-4.05,-4.35,11.86,-0.44,3.95,-1.36,10.42,4.34,21.07,-0.23,0.99,0.78,12.44,-5.98,33.1,0.05,-1.24,-0.05,12.8,-8.75,19.19,0.35,-1.17,-0.96,9.36,-6.95,9.12,-0.04,-1.26,-0.77,6.62,-5.13,4.15,-0.17,-0.53,-0.43,6.38,-4.45,0.55,-0.17,-0.0,-0.36,6.75,-4.12,0.44,-0.22,-0.45,-0.39,7.01,-4.0,1.67,-0.44,0.22,-0.08,7.19,-2.54,1.65,-0.2,0.44,0.29,7.57,-3.33,3.24,0.05,0.29,0.31,7.94,-4.58,3.59,0.12,0.29,0.1,8.01,-4.83,3.5,0.13,0.25,0.13,8.0,-4.83,3.7,0.32,0.09,-0.11,7.82,-5.01,4.31,0.65,0.13,-0.15,7.67,-4.97,3.86,0.59,0.37,-0.28,7.62,-5.02,3.75,0.33,0.34,-0.16,7.38,-4.71,5.11,0.16,-0.06,-0.32,7.68,-4.34,5.23,0.12,-0.09,-0.19,7.81,-3.93,4.5,-0.1,-0.05,0.04,7.87,-4.25,4.34,0.04,-0.04,-0.1,7.9,-4.48,4.6,0.1,-0.16,-0.13,7.93,-4.32,4.35,0.15,-0.25,-0.11,7.77,-4.06,4.33,0.05,-0.3,-0.17,7.8,-3.76,4.07,0.02,-0.1,0.06,7.53,-3.55,3.87,-0.01,0.11,-0.16,7.96,-4.0,4.12,0.09,0.12,-0.22,7.94,-4.17,4.54
0.29,2.54,-1.01,-3.04,-5.33,-17.06,0.07,5.82,-1.34,-5.14,-5.36,-12.05,-0.87,6.18,-1.35,-3.22,-5.56,2.53,-0.03,5.5,-1.73,6.51,2.97,21.5,-1.15,2.94,0.79,14.47,3.19,28.39,-0.23,0.72,0.67,16.59,-3.93,18.84,0.2,-0.25,-0.52,13.03,-3.73,11.86,0.26,-0.43,-0.28,9.66,-2.33,6.81,0.17,-0.59,-0.34,8.52,-2.44,2.89,0.13,-0.31,-0.1,8.24,-2.14,1.43,0.14,-0.09,-0.25,8.01,-1.96,1.4,0.14,-0.24,-0.07,8.05,-1.41,2.68,0.01,-0.18,-0.13,8.37,-1.9,2.57,-0.02,0.05,0.03,8.47,-1.99,2.6,-0.02,0.05,0.02,9.06,-2.66,3.67,0.14,-0.05,-0.35,9.23,-2.7,4.03,0.08,-0.04,0.04,9.13,-1.9,3.78,-0.04,0.03,0.04,9.24,-1.97,3.87,0.16,-0.22,-0.07,9.19,-1.95,3.94,0.12,-0.16,-0.09,9.04,-1.87,3.35,-0.0,-0.03,0.09,8.99,-1.64,3.39,-0.04,-0.13,0.29,8.85,-1.74,3.1,-0.1,-0.08,0.3,9.07,-2.03,3.26,0.1,-0.17,-0.09,9.1,-2.44,3.61,-0.02,-0.13,0.1,9.0,-2.14,2.96,0.11,-0.15,-0.02,8.93,-2.41,3.01,-0.07,-0.19,-0.12,8.94,-2.1,2.49,-0.01,-0.08,-0.02,8.92,-2.11,2.46,0.04,-0.07,-0.0,8.8,-2.19,2.35,0.2,0.16,-0.17,8.84,-2.21,2.34
3.0,1.12,-0.73,-5.77,-7.4,-22.41,0.36,7.35,-1.87,-11.93,-3.79,-22.82,-0.49,8.26,0.83,-8.56,0.92,16.09,1.57,3.02,2.22,3.41,-2.03,39.52,0.05,-0.97,2.43,9.45,-19.51,39.55,-0.65,-3.44,-0.47,3.04,-20.83,19.91,-1.34,-2.93,-1.02,-1.36,-11.81,7.95,-1.28,-2.69,-0.63,-1.65,-5.82,1.91,-1.34,-1.43,0.03,0.13,-4.72,-3.45,-1.53,-0.66,0.28,1.55,-5.37,-4.63,-0.81,-0.9,0.18,2.61,-6.13,-3.81,-0.23,-0.72,0.24,2.94,-6.56,-5.3,-0.12,-0.18,0.48,3.54,-8.24,-4.06,0.03,-0.07,0.18,3.69,-9.09,-0.75,0.37,-0.0,-0.16,3.57,-9.83,-0.19,0.03,-0.2,-0.18,3.83,-9.75,0.17,-0.06,-0.35,0.01,3.47,-9.33,0.83,-0.2,-0.42,-0.12,3.48,-9.44,0.66,-0.32,-0.29,0.04,3.61,-9.33,0.13,-0.2,-0.12,0.01,4.0,-9.05,0.49,-0.03,0.15,-0.51,4.29,-8.4,0.57,0.09,0.15,-0.12,4.18,-8.54,0.5,0.0,0.33,-0.29,4.47,-8.23,0.73,0.03,0.11,-0.1,4.61,-8.36,1.18,-0.03,0.28,-0.15,4.89,-8.22,0.97,-0.08,0.14,-0.13,4.59,-8.17,1.16,0.09,-0.09,-0.06,4.62,-8.75,0.66,0.05,-0.16,0.0,4.2,-8.58,0.63,0.04,-0.03,-0.08,4.36,-9.08,0.54,-0.02,0.13,-0.17,4.25,-8.33,0.63
2.33,-2.39,-0.51,1.19,-12.74,-15.09,2.43,-0.01,-2.52,-6.55,-7.4,-25.94,1.59,5.38,-2.15,-11.62,-0.45,-16.76,0.95,6.17,-1.93,-6.48,-0.77,7.39,2.27,4.45,-1.59,-1.96,3.75,33.11,0.26,2.82,2.09,9.16,-6.56,39.55,-0.34,-0.86,0.96,8.9,-19.03,29.82,-0.71,-1.94,-0.84,4.56,-16.18,15.28,-0.9,-2.13,-1.44,1.93,-7.38,6.09,-0.8,-1.62,-0.89,2.06,-4.96,1.53,-0.71,-0.97,-0.4,3.18,-4.85,-1.39,-0.9,-0.95,-0.13,4.32,-6.37,-1.28,-0.33,-0.89,-0.5,4.28,-6.6,-1.37,-0.2,-0.5,-0.17,4.0,-5.87,-1.52,-0.22,-0.18,0.02,4.28,-6.07,-0.61,0.09,-0.16,-0.17,5.07,-6.9,1.71,0.25,0.08,-0.11,5.23,-6.74,2.09,0.12,0.12,0.06,5.54,-7.22,2.81,-0.24,-0.2,-0.01,5.02,-7.65,3.91,0.0,-0.24,0.02,6.31,-8.32,3.36,0.06,-0.26,-0.19,5.79,-7.43,2.78,-0.0,-0.09,-0.03,5.52,-7.63,2.76,0.06,-0.16,-0.28,5.52,-7.47,2.89,-0.03,-0.03,-0.11,5.5,-7.46,2.44,-0.12,0.24,0.07,5.54,-7.3,2.52,0.0,0.13,0.12,5.71,-7.72,2.95,-0.13,0.16,0.1,5.57,-7.68,2.72,-0.21,0.12,0.13,5.52,-7.41,2.67,-0.03,0.1,-0.0,5.7,-7.87,2.99,0.08,0.04,-0.11,5.63,-7.27,2.99
1.63,-2.21,-0.37,2.62,-9.89,-5.19,1.87,-3.47,-0.91,-7.25,-8.25,-18.87,-0.05,6.74,-2.59,-7.68,-6.21,-20.17,0.78,5.43,-0.96,-1.02,4.42,27.85,1.47,2.09,0.22,12.89,-1.03,32.8,-0.4,0.67,2.38,14.22,-12.71,27.02,-0.83,-0.97,0.44,11.09,-16.46,19.36,-1.01,-1.76,-0.88,5.56,-8.24,10.7,-1.24,-1.41,-0.47,3.96,-4.61,5.03,-1.49,-1.18,-0.1,3.63,-4.31,2.1,-1.3,-1.14,0.08,3.89,-5.03,0.48,-0.68,-0.53,-0.16,4.3,-5.45,-1.5,-0.86,-0.55,-0.28,4.5,-5.7,-0.88,-0.54,-0.6,-0.41,4.95,-5.7,-1.02,-0.39,-0.37,-0.3,4.95,-5.55,-1.14,-0.55,-0.2,0.05,5.15,-6.05,-0.67,-0.64,-0.13,0.07,5.62,-7.11,0.02,-0.15,0.01,0.17,5.76,-7.61,0.36,-0.38,0.18,-0.1,6.0,-7.64,0.83,-0.21,0.04,-0.06,6.24,-7.06,1.6,0.03,0.01,0.03,6.25,-7.32,1.1,0.01,0.1,-0.09,6.14,-7.23,1.07,-0.01,0.08,-0.06,6.19,-7.27,1.41,-0.02,0.03,0.06,6.16,-7.41,1.29,-0.02,0.0,-0.1,6.24,-6.97,1.67,0.2,-0.05,-0.08,6.18,-7.03,1.31,-0.0,0.02,0.15,6.31,-6.93,1.24,-0.13,-0.06,0.09,6.42,-7.41,1.67,0.02,-0.13,0.02,6.29,-7.39,1.43,0.11,0.08,0.02,6.1,-7.45,1.27
0.03,-2.8,-0.7,8.39,-4.3,3.17,1.0,-3.57,-0.82,6.35,-4.64,-0.61,1.34,-3.39,-0.68,1.43,-7.33,-8.01,2.12,0.71,-2.42,-6.77,-11.04,-22.12,-0.3,7.74,-1.96,-9.51,-7.13,-23.0,-0.39,7.71,-0.75,-1.72,-2.46,18.21,0.34,3.32,0.46,10.35,0.69,33.33,-0.77,1.89,2.79,15.47,-6.37,31.08,-0.53,0.21,1.06,12.68,-15.17,19.74,-0.34,-0.82,-0.19,7.05,-10.45,12.57,-0.28,-1.85,-0.66,4.49,-6.42,10.18,-0.35,-1.93,-0.49,3.2,-3.95,2.43,-0.84,-1.0,0.27,3.84,-3.99,0.33,-0.63,-1.1,0.15,4.84,-5.14,0.05,-0.23,-1.1,-0.08,5.16,-5.3,-0.96,-0.45,-0.71,0.03,5.54,-5.33,-1.59,-0.16,-0.45,0.2,6.3,-5.88,-0.81,0.21,-0.39,-0.19,6.65,-6.64,-0.13,0.26,-0.18,-0.22,8.91,-7.4,0.48,-0.8,-1.38,1.14,5.87,-3.87,2.24,-0.53,0.17,0.74,8.37,-5.82,1.04,-0.37,0.24,0.09,7.02,-6.39,2.22,0.31,-0.18,-0.39,6.92,-6.82,2.65,0.9,1.11,-0.68,7.24,-6.55,2.02,0.56,0.82,-0.69,6.41,-6.16,2.59,0.1,-0.11,-0.26,7.24,-6.83,2.5,-0.09,0.12,-0.23,6.71,-6.3,1.96,-0.03,-0.12,0.13,6.7,-6.34,2.21,0.33,0.03,-0.68,6.88,-6.9,1.68,0.13,0.27,-0.63,6.9,-6.33,2.32
2.51,-1.1,1.39,0.0,-3.53,-16.13,1.88,3.59,-0.32,-5.81,-12.16,-24.37,0.03,7.83,-0.56,-6.76,-2.66,3.21,1.22,4.26,-0.45,2.28,-0.92,31.42,-1.1,1.4,2.23,7.96,1.42,39.55,-0.82,-1.38,1.16,10.31,-13.9,27.79,-0.52,-2.65,-0.29,6.57,-12.3,16.07,-0.61,-2.5,-0.6,3.13,-6.77,7.08,-0.56,-1.98,-0.29,2.82,-5.38,3.02,-0.56,-1.68,-0.56,3.14,-5.21,0.94,-0.69,-1.04,-0.36,4.27,-5.27,-0.74,-0.78,-0.72,-0.31,4.83,-5.08,-0.6,-0.32,-0.58,-0.26,5.51,-4.65,0.14,-0.21,-0.41,0.0,5.76,-4.99,0.27,-0.02,-0.17,0.21,6.1,-5.56,0.54,-0.12,0.09,0.06,6.51,-6.41,1.69,-0.08,0.16,0.1,6.62,-6.18,2.22,0.1,0.22,0.23,6.7,-6.63,2.82,0.28,0.32,0.07,6.56,-7.05,3.02,0.29,0.07,0.06,6.46,-6.58,3.05,0.07,0.13,-0.16,6.38,-6.5,2.87,-0.09,0.06,0.12,6.47,-6.42,3.12,-0.08,0.09,0.05,6.55,-6.99,3.34,-0.03,0.11,-0.07,6.52,-6.57,3.33,-0.07,0.1,-0.17,6.55,-6.93,3.16,-0.12,-0.0,0.0,6.55,-6.6,3.33,0.02,-0.09,-0.06,6.5,-6.37,3.23,-0.11,-0.06,0.15,6.6,-6.45,2.81,-0.1,0.01,0.17,6.5,-6.42,2.87,-0.05,-0.11,-0.06,6.53,-6.67,2.76
1.93,-4.26,-1.05,-0.71,-6.21,-12.05,0.33,6.62,-1.4,-10.85,-4.52,-32.69,-1.12,9.19,3.0,-9.86,6.8,15.42,3.09,1.06,1.03,10.16,-10.68,33.02,-0.39,1.78,2.34,11.54,-15.2,26.57,0.16,-1.59,-1.43,10.73,-18.12,25.34,-0.59,-1.1,-1.28,3.99,-6.9,8.23,-0.83,0.03,-0.66,3.62,-4.28,6.28,-0.81,-0.46,-0.11,4.17,-3.66,6.51,-0.43,-1.32,-0.63,4.19,-5.02,3.46,-0.53,-0.86,-0.33,3.94,-4.71,0.98,-0.88,-0.5,-0.01,4.43,-5.37,1.08,-0.27,-0.53,-0.32,4.95,-5.71,1.69,-0.17,-0.13,-0.23,5.01,-5.95,1.42,-0.13,0.08,0.13,5.1,-6.02,2.45,0.04,0.13,0.13,5.55,-6.37,3.5,-0.12,0.33,0.1,5.78,-6.51,4.12,0.17,-0.06,0.13,5.98,-6.7,4.76,0.11,0.0,0.39,5.94,-6.53,4.46,0.12,-0.2,-0.03,5.75,-7.19,4.45,-0.03,0.0,-0.01,5.57,-6.84,4.21,0.16,-0.1,0.18,5.53,-6.53,4.11,0.14,-0.2,-0.04,5.48,-6.69,3.96,0.2,-0.37,-0.14,5.67,-6.78,3.97,0.2,-0.26,-0.1,5.63,-7.06,3.57,0.07,0.12,-0.05,5.54,-7.03,3.79,-0.04,0.01,0.08,5.65,-6.64,4.22,0.01,0.05,0.14,5.71,-6.72,4.34,-0.06,0.06,0.11,5.75,-6.67,4.03,-0.14,-0.12,0.07,5.78,-7.11,4.37
0.93,-1.36,-0.74,4.68,-7.83,-2.87,1.98,-1.24,-1.69,-1.72,-7.82,-16.97,0.55,4.26,-1.45,-8.58,-5.53,-23.85,-1.42,7.87,-0.02,-7.11,1.87,6.46,0.86,1.54,1.4,8.4,0.04,39.27,-0.42,0.45,2.17,12.75,-15.5,26.99,0.47,-1.76,-1.73,8.59,-13.34,16.21,-0.03,-1.29,-1.27,3.99,-4.03,4.52,0.07,-0.34,-0.46,3.2,-2.99,0.81,-0.05,0.37,0.04,4.06,-4.41,1.99,-0.05,0.26,0.24,5.21,-4.94,5.1,0.18,0.2,0.11,5.33,-4.63,5.45,-0.05,0.45,0.51,5.67,-5.45,7.41,-0.07,-0.1,0.17,5.9,-6.23,7.7,-0.01,0.09,0.09,5.39,-5.36,6.77,0.03,0.03,0.07,5.16,-6.19,6.58,-0.1,-0.2,-0.02,5.27,-5.82,6.39,-0.06,-0.02,-0.1,5.11,-4.87,5.68,-0.1,-0.11,0.12,5.13,-4.77,5.96,0.04,-0.12,0.06,5.61,-5.36,5.72,0.1,-0.01,0.19,5.14,-5.44,5.7,-0.05,-0.12,0.01,5.16,-5.99,6.07,0.03,0.03,0.02,5.01,-5.69,5.56,-0.13,0.01,-0.09,5.22,-5.65,6.38,0.03,-0.07,0.0,5.25,-5.94,6.34,0.11,0.0,-0.08,5.23,-5.36,5.81,-0.09,0.02,-0.04,5.24,-5.69,5.85,-0.19,-0.2,-0.18,5.2,-5.55,6.2,0.03,-0.07,-0.16,5.09,-5.41,5.64,-0.03,0.1,0.04,5.15,-5.56,5.94
1.71,-0.69,-0.85,7.64,-7.02,-3.84,2.21,-0.41,-1.23,3.17,-8.49,-12.83,0.57,2.57,-1.37,-1.41,-8.14,-16.54,-0.38,5.56,-1.73,-5.73,-7.29,-13.5,-2.11,5.69,-1.15,-7.13,0.0,15.08,-0.16,2.51,0.48,5.22,6.13,39.55,-0.36,-1.28,0.18,12.9,-10.31,26.94,0.36,-1.86,-0.97,9.94,-8.21,15.53,-0.1,-1.42,-0.59,5.77,-4.05,4.4,0.03,-0.6,-0.59,5.59,-4.0,1.52,-0.01,0.08,-0.04,5.8,-3.22,2.11,-0.24,0.08,0.04,6.21,-3.47,3.85,-0.03,0.12,0.04,7.28,-3.61,4.75,-0.07,0.21,0.22,7.54,-3.67,5.22,-0.04,0.14,0.09,7.56,-4.02,5.82,0.02,0.05,0.17,7.38,-3.99,5.5,-0.11,-0.07,-0.07,7.26,-4.34,5.41,0.09,0.11,-0.19,7.18,-4.01,5.07,-0.11,-0.05,0.17,7.12,-4.17,4.79,0.16,0.02,0.12,7.07,-4.22,4.7,0.14,0.07,-0.02,7.17,-4.6,5.03,-0.02,0.03,0.32,7.02,-4.11,4.93,-0.16,0.08,0.11,6.99,-4.73,4.86,-0.32,0.09,0.04,7.05,-5.25,5.38,-0.05,-0.1,-0.05,7.11,-4.49,5.37,-0.16,0.06,-0.04,7.23,-3.95,5.3,-0.13,-0.05,0.18,7.39,-3.95,5.45,-0.02,-0.21,-0.11,7.36,-4.14,5.02,0.01,-0.14,-0.15,7.41,-4.12,5.01,-0.13,-0.21,-0.12,7.25,-3.86,5.16
2.11,3.7,-0.07,-2.42,-5.05,-17.73,0.99,6.2,-0.91,-5.9,-5.6,-8.86,0.58,6.03,-1.51,-3.83,-3.77,2.93,1.13,5.24,-1.36,-1.86,1.97,25.38,-0.43,2.72,1.24,7.71,0.55,37.22,0.03,-0.02,0.89,13.02,-7.56,34.44,-0.09,-1.83,-0.48,11.5,-11.09,21.19,-0.09,-2.66,-0.9,7.29,-6.92,14.34,-0.43,-2.6,-0.56,4.12,-2.71,6.75,-0.61,-2.43,-0.12,3.83,-2.53,3.54,-0.31,-2.06,-0.03,4.37,-2.99,1.03,-0.27,-1.72,0.24,5.37,-4.28,-1.11,-0.73,-1.27,-0.02,5.67,-5.13,-2.08,-0.7,-0.88,0.04,5.93,-4.52,-2.16,-0.22,-0.5,-0.14,6.89,-4.55,-1.42,-0.28,-0.36,0.07,7.59,-4.91,-0.37,-0.42,-0.21,-0.06,8.09,-5.3,0.76,-0.13,-0.24,0.02,8.21,-5.0,0.54,-0.19,-0.05,-0.2,8.12,-5.18,0.31,-0.0,-0.25,-0.01,8.15,-4.86,0.2,-0.03,-0.1,0.0,8.08,-4.96,-0.11,-0.12,0.03,-0.08,8.1,-4.79,0.33,-0.15,0.24,-0.07,8.21,-4.95,1.2,-0.06,0.02,-0.19,8.52,-4.7,2.26,0.02,-0.09,0.07,8.18,-4.57,2.23,0.09,0.01,-0.1,8.31,-4.93,1.82,-0.17,-0.13,-0.0,8.41,-5.25,1.54,-0.07,-0.2,-0.13,8.25,-5.1,1.1,-0.12,-0.28,0.04,8.08,-4.6,0.49,-0.1,-0.31,0.03,8.19,-5.15,0.42
-1.16,3.99,1.23,4.2,-0.74,29.0,-0.66,0.61,2.15,11.4,-9.0,36.01,0.06,-1.29,0.12,12.45,-15.44,24.89,0.43,-2.65,-1.15,8.84,-11.59,17.26,0.14,-2.82,-1.07,4.64,-5.38,9.39,-0.1,-2.79,-0.57,3.61,-3.52,5.06,-0.44,-2.77,-0.44,3.78,-3.36,2.18,-0.36,-2.68,-0.57,4.4,-3.38,-0.86,-0.25,-1.44,0.06,5.16,-3.0,-2.46,-0.4,-1.06,0.05,5.91,-3.5,-1.53,-0.08,-1.1,0.15,6.86,-4.07,-0.92,-0.21,-0.52,0.1,7.2,-4.07,-1.25,-0.1,-0.1,0.17,7.81,-4.81,-0.49,-0.07,-0.2,0.01,8.15,-5.36,0.66,-0.02,-0.18,0.12,7.98,-4.71,-0.09,-0.22,0.01,0.12,8.15,-5.14,0.27,0.01,-0.14,-0.03,8.35,-4.94,0.59,0.13,-0.1,-0.14,8.09,-4.92,0.21,0.06,0.25,-0.21,8.08,-4.96,0.18,0.02,0.14,0.02,8.27,-4.72,0.74,-0.11,0.09,-0.12,8.39,-4.91,1.15,0.01,0.18,-0.09,8.47,-4.51,1.23,0.12,0.01,-0.01,8.47,-4.65,1.31,-0.14,-0.02,-0.01,8.53,-4.69,1.7,0.17,0.02,-0.06,8.49,-4.65,1.47,0.05,-0.01,0.11,8.36,-4.76,1.5,0.03,-0.14,0.14,8.55,-4.86,1.64,0.02,-0.05,-0.03,8.42,-4.88,1.39,-0.05,0.1,-0.03,8.35,-4.45,1.22,-0.02,0.02,-0.07,8.43,-5.0,1.51
0.19,3.92,0.06,-0.77,-3.01,-10.24,0.17,5.77,0.06,-1.91,-3.32,-0.46,0.9,4.87,-0.46,1.47,-2.56,21.39,-0.94,2.16,2.29,11.52,-2.87,35.95,0.06,-1.68,0.76,13.6,-14.19,24.93,0.09,-2.4,-0.87,11.31,-11.79,15.31,0.24,-2.79,-1.34,7.48,-6.81,10.88,-0.01,-2.38,-0.71,5.14,-2.85,5.06,-0.44,-1.6,-0.22,4.65,-3.3,2.0,-0.25,-1.73,-0.41,5.23,-3.57,1.8,-0.09,-1.74,-0.33,5.72,-3.23,0.07,-0.34,-1.04,-0.14,6.07,-3.02,-0.17,-0.12,-1.16,-0.06,6.8,-3.29,0.0,-0.13,-0.88,0.07,7.45,-3.64,-0.53,-0.16,-0.52,0.15,7.69,-4.22,-0.69,-0.09,-0.39,0.15,8.05,-4.06,-0.43,-0.16,-0.22,0.03,8.32,-4.47,0.22,-0.03,-0.13,0.05,8.26,-4.11,0.02,-0.03,-0.02,0.31,8.39,-4.66,0.43,-0.07,-0.1,-0.04,8.52,-4.48,0.97,-0.01,-0.13,0.02,8.48,-4.32,0.54,0.07,0.18,-0.07,8.41,-4.23,0.73,-0.17,0.0,-0.01,8.49,-4.27,1.14,0.05,0.09,0.05,8.78,-4.72,1.63,-0.1,0.04,0.02,8.63,-4.34,1.37,-0.04,0.03,0.05,8.59,-4.17,1.25,-0.02,0.22,0.2,8.67,-4.17,1.53,0.06,-0.03,-0.01,8.78,-4.23,1.77,-0.01,-0.14,0.15,8.71,-4.07,1.6,0.0,0.06,-0.1,8.69,-4.25,1.59
1.23,3.22,-0.76,-3.11,-5.96,-16.23,0.25,6.31,-1.34,-6.91,-5.52,-11.25,0.76,6.09,-1.78,-5.78,-1.32,15.22,-0.86,3.81,0.74,3.44,4.43,33.78,-0.22,1.44,1.74,9.75,-3.67,31.58,-0.11,0.01,0.63,10.45,-9.33,18.89,0.27,-0.32,-0.29,9.2,-9.2,11.96,-0.14,-0.75,-0.69,6.63,-6.77,7.0,-0.07,-0.32,-0.58,5.71,-3.94,3.54,-0.17,-0.14,0.07,5.81,-3.39,3.3,0.16,-0.24,-0.27,5.87,-4.53,3.96,-0.18,0.15,0.06,5.71,-3.5,4.66,-0.07,0.09,0.19,5.93,-4.32,6.18,0.02,0.12,0.26,5.98,-4.85,5.96,-0.1,0.06,0.05,6.21,-5.42,6.11,0.01,0.18,0.0,6.3,-5.73,6.0,-0.12,0.12,-0.13,6.12,-5.62,5.66,-0.08,0.23,0.06,5.88,-5.04,5.63,-0.05,-0.03,0.02,5.89,-4.81,5.9,0.11,0.02,-0.03,5.93,-4.75,5.7,-0.07,0.08,0.06,5.95,-4.52,5.77,-0.03,0.03,-0.12,6.14,-4.93,5.93,-0.1,0.04,-0.03,6.23,-5.05,6.02,-0.18,-0.11,0.15,6.19,-4.96,6.18,-0.16,-0.08,-0.01,5.95,-5.2,5.72,-0.06,0.06,-0.01,5.9,-4.98,5.59,-0.15,-0.11,-0.01,5.95,-4.99,5.94,-0.03,-0.07,0.01,5.95,-5.27,5.69,0.08,-0.01,-0.0,5.97,-5.08,5.62,-0.15,-0.09,0.04,5.99,-5.22,5.67
-0.3,2.42,0.4,-5.01,-2.24,-32.08,0.42,7.5,-0.36,-10.17,-5.8,-21.0,-0.43,5.27,-0.93,-1.01,-4.56,8.19,-0.29,4.3,-1.03,4.91,-1.91,23.91,-0.52,1.81,-0.3,14.36,3.85,31.21,-0.55,0.09,0.23,15.58,3.03,23.16,-0.29,-0.51,0.2,13.56,1.17,13.24,-0.09,-0.95,-0.09,10.43,0.34,7.27,0.06,-1.1,-0.12,9.14,0.4,2.74,-0.05,-0.43,0.11,8.14,-0.37,0.13,0.2,-0.42,-0.18,8.33,-0.95,1.22,0.13,-0.23,-0.25,8.32,0.04,1.91,0.0,-0.12,0.12,8.62,-0.38,2.44,0.07,0.13,0.14,9.21,-0.22,2.4,0.09,0.05,-0.1,9.55,-0.84,3.46,0.02,-0.03,-0.06,9.84,-0.42,3.12,-0.07,-0.08,-0.01,9.74,-0.55,3.01,0.09,-0.25,-0.07,9.71,-0.58,3.32,0.12,-0.33,-0.12,9.55,0.18,3.27,0.13,-0.47,0.22,9.63,0.12,3.11,0.04,-0.53,0.31,9.37,0.5,2.98,0.24,-0.76,-0.03,10.41,-1.33,2.74,0.2,-0.53,0.24,9.74,0.51,2.0,-0.02,-0.54,0.12,10.55,-0.78,2.31,0.44,-0.8,-0.37,9.45,0.17,1.8,0.14,-0.78,-0.07,9.05,0.19,1.82,0.08,-0.63,0.13,9.61,-0.15,1.06,0.45,-0.81,-0.33,9.58,-0.05,0.87,0.4,-0.71,-0.42,9.05,0.09,0.14,0.6,-0.14,-0.27,9.53,0.48,-0.36
-0.39,5.09,-0.4,-5.06,-7.56,-35.78,-0.34,7.93,-1.84,-8.79,-5.94,-6.71,-1.86,5.4,-1.66,-0.33,0.67,16.24,-0.95,1.4,-0.39,10.27,6.31,34.25,-0.04,-0.57,0.04,11.82,3.23,25.3,-0.03,-0.9,-0.15,11.02,2.04,15.37,0.07,-0.71,0.2,9.55,1.86,8.42,0.14,-0.59,0.29,8.95,0.21,3.6,-0.09,-0.34,0.41,8.92,-0.46,1.68,-0.08,-0.44,0.35,9.03,-1.29,2.21,-0.13,-0.4,-0.07,8.9,-0.54,2.32,-0.13,-0.25,-0.15,8.91,0.41,2.99,-0.06,-0.27,-0.07,9.02,0.67,3.43,-0.17,-0.12,0.03,9.19,0.87,3.44,-0.03,-0.31,0.17,9.24,0.19,3.23,-0.13,-0.22,0.06,9.35,0.45,2.87,-0.06,-0.29,0.1,9.4,0.16,2.88,0.07,-0.29,0.08,9.36,-0.13,2.54,-0.06,-0.09,-0.08,9.22,0.1,1.74,-0.1,-0.08,0.12,9.05,-0.14,2.09,0.05,-0.08,-0.09,9.28,0.05,2.34,-0.1,0.02,-0.15,9.45,-0.16,2.21,0.0,0.19,-0.02,9.49,-0.21,2.36,-0.18,-0.04,-0.0,9.66,-0.57,3.21,0.04,-0.06,-0.2,9.62,-0.25,2.71,-0.04,0.01,-0.05,9.54,-0.31,2.43,-0.12,0.09,0.06,9.33,-0.1,2.42,-0.15,-0.06,0.22,9.26,0.01,2.12,-0.09,-0.01,-0.07,9.17,0.02,2.22,0.11,-0.02,-0.15,9.36,0.22,2.78
0.24,4.64,-0.91,-5.81,-4.72,-17.63,-0.14,5.63,-1.16,-5.73,-4.24,-1.63,1.11,5.14,-2.24,-8.98,-1.28,15.04,-1.1,3.37,0.75,6.64,17.0,38.08,-0.84,-0.34,1.94,19.66,-0.82,31.16,0.05,-1.65,-0.11,17.06,-5.63,18.28,-0.04,-1.62,-0.39,9.83,-1.43,5.3,-0.47,-0.59,0.35,7.39,-2.16,-0.39,-0.25,-0.03,-0.13,6.99,-4.08,-0.9,-0.2,0.07,-0.27,7.05,-1.96,0.98,-0.36,0.18,0.05,7.76,-0.77,1.98,-0.29,0.63,0.18,8.77,-0.77,2.82,-0.05,0.42,-0.29,9.74,-0.87,5.02,-0.12,-0.03,0.09,9.78,-1.26,4.58,0.08,0.22,-0.2,9.57,-1.16,3.93,-0.12,0.18,-0.05,9.26,-1.06,4.08,0.15,-0.15,0.04,9.03,-0.97,4.33,0.11,-0.18,0.03,8.74,-1.09,3.47,0.43,0.1,-0.33,8.7,-1.0,2.6,0.57,0.15,0.05,8.79,-1.12,2.99,-0.31,-0.22,0.42,9.04,-1.12,3.99,0.09,-0.22,0.04,9.2,-1.7,3.25,-0.07,0.03,0.03,9.04,-0.82,3.02,-0.16,-0.22,0.11,9.21,-1.32,3.91,0.15,-0.23,-0.1,9.15,-1.16,3.62,-0.29,-0.33,-0.09,8.84,-1.4,3.13,-0.08,-0.27,0.06,9.03,-1.07,3.0,0.07,-0.08,0.09,8.97,-1.01,2.6,-0.06,-0.11,0.14,9.06,-1.5,3.31,0.11,-0.04,-0.04,9.1,-1.27,3.01
3.9,-1.83,0.92,0.09,-3.81,-22.17,3.16,5.57,-0.8,-12.79,-10.27,-34.67,-1.8,10.46,-0.88,-15.48,-4.08,-1.85,2.06,4.76,-0.58,4.56,2.77,26.13,-1.9,2.82,2.42,10.92,4.92,32.69,-0.29,-0.14,1.79,14.71,-4.77,28.95,-0.42,-1.16,1.26,12.0,-6.35,14.58,-0.0,-1.16,0.66,8.89,-7.23,7.1,0.23,-0.87,0.16,7.29,-6.22,3.6,-0.04,-0.37,0.61,6.53,-5.11,2.01,-0.09,-0.06,0.09,6.73,-5.96,1.76,-0.08,-0.14,-0.02,6.82,-5.58,2.53,0.22,0.03,-0.15,6.93,-4.44,2.78,0.08,0.04,0.12,7.49,-4.76,3.82,0.17,0.05,0.14,8.06,-4.89,3.91,-0.03,-0.01,-0.04,7.93,-4.84,3.75,-0.12,0.01,0.06,7.72,-4.8,3.67,-0.1,-0.11,0.12,7.67,-5.05,3.69,0.14,-0.15,-0.07,7.44,-5.07,3.57,-0.14,-0.02,0.05,7.38,-5.23,2.98,-0.09,0.09,0.18,7.36,-5.05,3.12,-0.06,-0.18,0.3,7.39,-5.78,3.69,0.05,-0.21,0.29,7.34,-5.84,3.2,-0.02,0.09,0.03,7.23,-5.34,2.99,-0.11,-0.04,0.15,7.3,-5.83,3.32,0.02,-0.14,-0.18,7.31,-5.68,3.37,0.12,-0.18,-0.07,7.33,-5.48,2.99,0.14,-0.16,-0.21,7.31,-5.61,3.04,0.44,-0.07,-0.07,7.5,-5.32,3.13,0.39,-0.23,-0.08,7.3,-5.53,3.14
1.15,1.11,-0.89,0.91,-6.28,-12.91,0.57,2.99,-0.91,-3.18,-3.98,-10.12,-0.49,5.4,0.15,-1.91,-2.65,-2.83,-0.34,5.64,0.38,-1.63,-2.33,4.19,1.04,5.36,0.81,1.84,-3.27,21.54,0.38,2.79,1.81,5.51,-6.16,28.77,0.48,0.93,1.26,10.13,-14.67,23.6,-0.13,-0.89,-0.16,9.63,-13.1,19.27,0.15,-2.04,-1.2,8.19,-11.3,14.97,-0.04,-2.59,-1.32,5.3,-5.62,8.25,-0.36,-2.55,-0.6,4.66,-4.6,4.76,-0.29,-2.42,-0.74,4.75,-4.82,2.61,-0.09,-2.23,-0.57,4.79,-4.64,0.29,-0.28,-1.63,-0.28,5.06,-4.0,-0.7,-0.22,-1.2,-0.22,5.69,-4.34,-0.78,-0.16,-1.12,-0.25,6.62,-4.57,-0.68,0.06,-0.97,-0.05,6.88,-4.91,-1.05,-0.19,-0.39,-0.03,7.07,-5.2,-1.4,-0.29,-0.33,0.06,7.68,-5.36,-0.48,0.13,-0.37,-0.01,7.8,-5.28,-0.36,-0.1,-0.24,-0.21,7.78,-5.31,-0.77,-0.02,-0.15,-0.03,7.93,-4.97,-0.35,0.05,-0.11,0.1,7.96,-5.01,-0.34,0.12,0.11,-0.21,7.9,-5.2,-0.77,-0.13,0.19,-0.31,8.09,-5.16,-0.06,0.05,0.14,-0.01,8.25,-4.84,0.53,-0.14,0.14,-0.01,8.35,-5.09,0.84,0.01,0.25,0.03,8.45,-4.95,1.06,0.0,-0.13,0.06,8.36,-4.9,1.1,-0.0,-0.13,-0.09,8.35,-5.24,1.05
1.46,2.89,-0.63,-3.26,-2.25,-15.11,0.62,6.03,0.12,-4.9,-1.64,-7.4,0.47,5.7,0.0,-0.94,-2.6,3.16,-0.22,5.48,0.0,0.41,-1.96,15.11,-0.2,4.11,1.64,7.72,-2.24,29.22,0.14,1.32,1.48,12.2,-8.31,31.21,0.05,-0.64,-0.14,12.89,-12.33,20.37,0.02,-1.69,-0.96,10.24,-9.73,15.17,-0.03,-2.31,-1.19,7.9,-6.72,11.44,-0.13,-2.39,-0.81,5.24,-3.39,6.0,-0.07,-2.08,-0.62,4.9,-3.17,3.7,0.17,-2.03,-0.19,5.3,-3.45,2.31,-0.07,-1.73,-0.11,5.85,-3.94,0.38,-0.06,-1.29,-0.13,5.91,-3.82,-0.42,-0.32,-0.93,-0.03,6.68,-3.92,-1.0,-0.32,-1.03,0.2,7.02,-4.19,-1.13,-0.22,-0.9,0.16,7.38,-4.24,-1.6,-0.33,-0.5,0.16,7.78,-4.51,-1.39,-0.03,-0.57,0.17,8.19,-4.61,-0.66,0.2,-0.48,-0.24,8.37,-4.83,-0.52,0.42,-0.52,-0.14,8.32,-4.26,-0.68,0.3,-0.44,-0.1,8.46,-4.39,-0.73,0.1,-0.14,-0.17,8.28,-4.34,-0.89,0.03,0.17,0.16,8.35,-4.28,-0.8,-0.09,0.1,0.01,8.59,-4.81,-0.05,0.01,0.09,-0.17,8.55,-4.24,-0.12,-0.02,0.21,0.01,8.58,-4.64,0.0,-0.18,0.29,-0.03,8.58,-4.51,0.16,-0.06,0.03,-0.07,8.82,-4.37,0.75,0.05,-0.0,-0.0,8.71,-4.57,0.43
0.71,2.24,-0.64,-1.84,-2.68,-15.54,-0.34,6.54,0.19,-5.41,-1.73,-9.85,-1.45,7.56,0.33,-3.05,-2.99,8.85,0.19,2.79,1.49,8.27,-5.79,39.54,-0.24,-0.74,1.14,14.12,-13.85,32.63,-0.25,-2.22,-0.49,12.08,-13.74,19.91,0.04,-3.08,-1.06,7.72,-9.67,12.83,-0.01,-2.89,-1.1,4.86,-4.29,7.72,-0.31,-2.66,-0.4,4.25,-3.57,4.33,-0.69,-2.11,-0.36,4.41,-3.52,1.67,-0.61,-1.82,-0.02,4.81,-3.14,0.54,-0.53,-1.57,-0.24,5.11,-3.83,-2.23,-0.93,-0.92,0.04,5.58,-3.78,-3.81,-0.85,-0.25,-0.01,6.27,-3.61,-4.02,-0.23,-0.42,0.02,7.59,-4.43,-2.74,-0.1,-0.63,-0.12,8.17,-4.2,-2.36,-0.13,-0.69,-0.04,8.13,-4.54,-2.56,-0.04,-0.33,-0.18,8.11,-4.47,-2.82,0.13,-0.17,0.07,8.33,-4.44,-2.23,0.18,-0.14,-0.21,8.46,-4.27,-1.51,0.05,-0.06,0.13,8.2,-4.17,-1.45,-0.24,0.08,0.11,8.13,-4.2,-1.4,-0.51,0.08,0.17,8.31,-4.6,-0.93,-0.23,0.2,-0.13,8.6,-5.35,-0.89,-0.12,0.0,0.07,8.62,-5.07,-0.89,0.05,-0.1,-0.26,8.54,-5.12,-1.08,0.18,-0.21,0.0,8.26,-4.68,-1.52,0.03,-0.06,0.03,8.33,-4.92,-1.4,0.07,-0.07,-0.09,8.54,-4.89,-1.11,0.02,0.07,0.04,8.47,-4.67,-0.89
3.54,1.98,-0.41,-3.5,-5.23,-27.9,-0.58,8.16,0.88,-7.82,-6.06,-14.35,1.43,5.99,-1.25,-3.74,-6.12,2.25,-0.05,5.13,-0.67,-7.29,1.53,19.12,-0.43,3.38,0.87,2.12,0.35,29.28,-0.2,0.36,0.85,9.21,-7.03,28.24,0.1,-1.12,0.87,11.07,-7.69,26.54,0.12,-3.13,0.45,9.03,-7.27,18.39,-0.09,-3.54,0.04,6.26,-5.94,11.46,-0.5,-3.79,0.28,4.49,-4.36,5.72,-0.47,-3.42,0.18,3.96,-3.89,1.43,-0.4,-2.63,0.24,4.28,-3.72,-1.46,-0.32,-2.34,0.44,4.77,-3.91,-2.27,-0.08,-1.87,0.12,5.23,-4.51,-3.71,-0.3,-0.64,0.26,6.16,-4.4,-3.16,-0.08,-0.35,0.63,6.04,-5.04,-1.92,-0.15,0.05,0.27,7.14,-5.44,-1.34,0.13,0.0,0.66,7.26,-5.45,-0.58,0.14,-0.07,0.33,7.45,-6.47,-0.17,0.2,-0.09,0.45,7.59,-6.27,-0.04,0.23,-0.03,0.47,7.55,-6.16,0.51,0.26,-0.05,0.33,7.63,-6.25,0.3,-0.05,0.03,0.21,7.59,-6.06,0.16,0.09,0.31,0.21,7.35,-6.52,0.62,0.17,0.19,-0.29,7.49,-6.53,0.88,-0.08,0.19,0.46,7.51,-6.09,1.11,0.04,0.01,0.2,7.52,-6.82,1.37,-0.1,-0.01,0.04,7.53,-6.27,1.19,-0.37,-0.13,0.29,7.41,-6.6,1.22,-0.02,-0.22,0.11,7.48,-6.53,0.97
0.89,-3.61,-0.98,0.43,-11.24,-15.49,1.89,4.49,-1.31,-9.69,-5.43,-38.9,-0.61,10.8,2.75,-13.48,-1.43,-5.93,3.1,2.94,0.05,0.26,-11.03,39.51,0.55,0.91,0.52,9.01,-8.46,39.21,0.5,-2.11,-0.49,7.13,-8.6,25.17,-0.18,-1.71,0.05,1.67,-7.92,9.03,-0.1,-1.45,0.44,0.68,-8.0,6.17,-0.36,-1.26,0.96,0.3,-8.31,4.55,-0.54,-1.16,1.35,0.94,-8.46,2.46,-0.77,-0.81,1.16,1.56,-9.65,-0.45,-0.73,-0.31,0.83,1.56,-9.8,-1.1,-0.48,-0.37,0.56,2.46,-9.25,-0.18,-0.34,-0.16,0.52,2.38,-9.22,-0.86,-0.36,-0.02,0.31,2.26,-8.84,-0.58,0.08,-0.15,0.68,2.04,-8.8,0.2,0.09,0.05,0.5,1.62,-9.3,0.02,-0.0,0.5,0.45,1.49,-9.25,0.58,-0.37,0.44,0.43,1.54,-9.8,1.88,0.02,-0.23,0.06,1.57,-9.41,1.97,0.23,-0.1,-0.06,1.27,-9.36,1.16,-0.15,0.11,0.25,0.88,-9.23,1.57,-0.09,0.08,0.07,1.15,-9.64,2.3,0.23,0.18,-0.19,1.19,-9.33,1.99,-0.01,0.12,0.13,1.45,-9.5,2.17,-0.26,0.17,0.02,1.48,-9.5,2.7,0.5,0.02,-0.23,1.22,-9.42,2.46,0.16,-0.03,-0.05,1.1,-9.54,2.3,-0.08,0.0,-0.14,1.12,-9.61,2.48,0.35,0.07,-0.1,1.04,-9.03,1.96
1.6,-1.45,-0.39,1.38,-13.32,-8.26,1.48,-0.65,0.04,0.06,-10.64,-17.53,0.16,4.19,1.09,-7.14,-11.02,-13.34,0.0,3.4,-0.08,-7.11,-9.98,0.17,0.32,3.37,0.48,-9.6,-5.54,10.91,-0.26,2.99,1.13,0.48,-8.28,31.73,0.17,-1.39,-1.67,7.15,-11.48,35.15,-0.26,-3.22,-1.58,0.33,-4.63,12.83,-0.4,-2.27,-0.6,-0.11,-4.83,6.9,-0.49,-1.94,-0.05,-0.97,-6.72,3.3,-0.27,-1.01,-0.16,-0.3,-10.07,0.05,-0.36,-0.32,0.06,0.2,-10.1,-0.28,-0.1,-0.63,0.03,0.17,-11.42,-0.52,0.1,-0.32,-0.43,0.69,-10.32,-1.33,0.07,-0.19,-0.38,1.45,-8.92,0.02,-0.16,-0.26,0.11,1.85,-8.41,1.22,0.16,-0.11,0.21,2.1,-8.82,1.68,0.07,0.05,0.31,1.85,-8.55,2.4,-0.03,-0.17,0.28,1.7,-8.91,2.66,0.05,-0.05,0.07,1.45,-9.82,2.39,0.2,-0.23,-0.08,1.19,-9.55,2.41,0.19,-0.11,-0.06,1.33,-9.57,2.54,-0.02,-0.02,0.15,1.28,-9.81,2.78,0.26,-0.08,0.09,1.64,-9.68,2.87,0.06,-0.06,-0.06,1.81,-9.28,2.96,0.0,0.0,0.0,0.0,0.0,0.0,0.0,0.0,0.0,0.0,0.0,0.0,0.0,0.0,0.0,0.0,0.0,0.0,0.0,0.0,0.0,0.0,0.0,0.0,0.0,0.0,0.0,0.0,0.0,0.0
2.1,-3.8,0.01,3.36,-5.32,-15.64,4.27,-1.07,0.39,-9.4,-4.92,-31.07,-0.37,8.81,0.35,-13.17,-3.49,-9.95,1.74,4.37,-0.08,-3.44,-6.16,29.86,1.4,2.86,-0.0,2.8,-7.59,25.76,0.2,0.84,-0.46,7.28,-12.23,27.23,0.5,-0.44,-1.55,4.43,-9.95,16.34,0.36,-0.21,-0.86,3.04,-7.74,7.97,0.11,0.01,0.14,2.48,-7.18,6.51,-0.13,-0.18,0.51,2.2,-10.0,3.48,-0.04,0.23,0.25,2.56,-9.31,4.1,0.02,0.09,0.08,2.83,-8.35,5.42,0.21,-0.02,-0.28,3.03,-7.56,4.99,0.25,-0.02,-0.22,2.85,-6.73,4.5,0.06,0.03,0.06,2.74,-6.61,4.85,-0.08,-0.06,0.19,2.62,-7.3,4.97,-0.07,0.03,0.17,2.42,-7.84,5.26,0.03,-0.13,0.12,2.33,-8.56,5.29,0.08,-0.03,-0.17,2.23,-8.66,4.67,0.02,-0.11,-0.08,2.44,-7.7,4.6,-0.03,0.0,-0.06,2.62,-8.09,4.91,-0.07,0.13,-0.02,2.82,-8.1,5.08,-0.15,-0.05,0.04,2.88,-7.65,5.13,-0.23,0.06,0.16,2.84,-7.94,5.16,-0.18,-0.0,0.16,2.88,-8.27,5.15,-0.12,0.13,0.17,2.55,-8.33,4.8,-0.03,-0.05,0.24,2.57,-8.34,4.59,0.0,-0.03,0.11,2.44,-8.67,5.0,-0.03,0.01,-0.24,2.38,-8.42,4.77,0.01,-0.07,-0.08,2.39,-7.79,4.62
2.84,-1.24,0.18,-2.72,-5.76,-19.01,1.99,4.76,-2.22,-11.64,-9.34,-24.88,-0.19,7.11,-1.36,-11.75,-1.63,-0.74,2.06,3.07,-1.72,2.09,0.9,32.94,0.15,1.26,-0.59,11.03,-3.03,34.71,-0.8,1.66,2.23,9.01,-11.27,15.96,0.26,-0.75,-1.58,8.83,-18.82,20.93,-0.45,-1.05,-0.99,3.51,-4.14,5.78,-0.22,-0.95,0.08,3.06,-3.86,2.24,-0.17,-0.55,-0.21,2.94,-5.93,0.8,-0.07,0.16,-0.22,4.09,-6.23,1.07,0.21,0.53,0.05,5.41,-6.26,4.12,0.11,-0.02,-0.25,5.83,-5.6,6.28,-0.02,-0.01,0.26,5.64,-5.78,5.53,-0.03,0.03,0.13,5.41,-7.14,5.4,-0.02,-0.07,0.0,5.07,-7.74,4.81,-0.05,0.03,-0.01,4.98,-7.2,4.75,-0.1,-0.05,0.22,4.78,-6.79,4.58,-0.0,-0.03,0.09,4.78,-6.94,4.42,0.02,0.11,-0.04,4.87,-6.6,4.71,-0.03,-0.06,0.07,5.04,-7.08,4.94,0.03,-0.1,0.12,5.13,-7.16,4.85,-0.08,-0.05,0.09,5.01,-7.07,4.69,-0.1,-0.15,0.07,4.87,-7.38,4.55,0.04,-0.14,-0.27,4.71,-7.43,4.26,-0.15,-0.05,-0.02,4.67,-6.92,4.03,-0.02,0.09,0.11,4.74,-6.88,4.53,0.03,-0.09,-0.13,4.87,-7.06,4.42,0.09,0.16,-0.12,4.97,-6.73,4.31,0.03,0.02,0.14,5.04,-6.81,4.95
3.04,0.09,0.53,0.0,-5.64,-15.3,3.18,3.79,0.35,-5.61,-6.5,-17.46,1.76,4.91,-1.26,-5.63,-7.32,-7.47,1.12,3.13,-2.68,-4.33,-2.49,11.92,-0.4,3.72,-0.99,0.92,3.95,25.04,0.25,1.13,2.43,7.66,0.91,36.04,-0.22,-1.09,0.78,8.35,-16.58,20.26,-0.8,-1.08,-0.39,5.0,-14.83,11.04,-0.67,-1.36,-0.74,3.39,-10.22,7.05,-0.57,-0.98,-0.72,2.68,-7.18,3.08,-0.38,-0.37,-0.49,2.99,-5.96,0.82,-0.3,0.17,-0.19,3.77,-5.92,1.58,0.03,0.01,-0.25,4.62,-6.01,3.39,0.15,-0.09,0.33,4.75,-6.11,3.76,0.07,0.16,0.26,4.98,-6.72,4.21,0.18,-0.11,0.23,4.83,-7.59,4.16,-0.06,-0.12,-0.02,4.64,-8.2,3.92,0.15,-0.1,0.08,4.39,-8.3,3.75,-0.03,-0.09,-0.07,4.28,-8.24,3.44,0.01,0.05,-0.05,4.18,-7.74,3.43,-0.04,0.12,0.0,4.18,-7.22,3.64,-0.02,0.14,-0.15,4.28,-7.66,3.97,0.13,0.19,-0.07,4.49,-7.37,3.88,0.13,0.21,0.09,4.59,-7.25,4.28,0.09,0.17,0.11,4.69,-7.57,4.48,0.12,0.1,-0.04,4.61,-7.51,4.42,-0.04,0.03,0.13,4.46,-7.9,4.51,0.07,0.02,0.04,4.38,-7.89,4.47,-0.08,0.03,-0.07,4.22,-7.64,4.41,-0.0,0.05,-0.04,4.37,-7.75,4.6
0.94,-1.36,-0.93,6.65,-8.0,-5.8,2.5,-2.92,-1.83,3.81,-4.58,-14.02,3.51,0.75,-2.79,-10.42,-6.27,-26.13,-1.25,7.9,-2.54,-12.66,-6.99,-14.43,-0.27,6.46,-3.03,-5.89,-5.22,21.21,-1.41,4.06,-0.8,2.47,0.94,30.79,-0.47,1.67,0.44,8.92,-7.69,31.49,-0.1,0.83,-0.73,14.38,-14.11,20.53,-0.48,-1.4,-1.46,9.71,-9.9,16.85,-0.05,-1.8,-1.28,5.59,-2.95,5.73,-0.46,-1.13,0.28,4.19,-2.62,0.47,-0.42,-0.84,0.1,4.81,-4.59,-0.64,0.08,0.32,0.12,6.4,-4.94,-0.27,0.07,0.72,-0.22,6.81,-5.85,3.48,-0.09,0.32,-0.13,7.2,-6.31,5.68,0.1,0.32,0.07,7.67,-5.14,5.38,-0.02,0.09,0.04,7.35,-6.28,6.06,0.02,-0.23,-0.07,6.88,-6.37,4.38,0.09,-0.01,-0.07,6.53,-5.45,3.51,0.08,-0.1,-0.06,6.43,-5.15,3.85,0.16,-0.14,-0.12,6.57,-5.32,3.7,0.07,0.17,0.13,6.76,-5.59,3.72,0.1,0.04,-0.01,6.81,-5.78,4.7,0.07,-0.19,0.05,6.94,-5.48,4.59,0.23,-0.3,0.12,6.96,-6.01,4.59,0.6,-0.28,-0.16,6.77,-5.9,4.41,0.47,-0.43,0.05,6.72,-5.81,4.31,0.03,-0.22,0.08,6.61,-5.49,3.39,0.09,-0.05,0.1,6.55,-5.53,3.79,0.03,-0.11,-0.1,6.7,-5.55,4.04
-0.03,10.71,-0.86,-18.18,-2.78,-16.87,-0.02,9.2,-0.66,-15.09,-2.78,11.75,-1.2,4.53,-0.25,4.52,10.3,38.28,-1.7,0.87,2.39,11.78,1.33,39.39,-0.49,-1.12,1.04,17.16,-7.22,24.93,0.27,-1.42,-0.33,14.56,-7.22,16.25,0.44,-1.6,-0.68,9.26,-3.32,9.6,0.22,-1.42,-0.18,7.5,-2.54,7.0,0.1,-1.7,-0.29,7.33,-3.17,5.38,0.11,-1.48,-0.46,7.39,-2.59,3.31,0.37,-1.49,-0.42,6.99,-1.58,2.76,0.22,-1.21,-0.37,6.75,-1.28,1.13,0.07,-0.77,-0.19,7.5,-0.8,0.62,0.33,-1.05,-0.1,7.91,-1.46,1.08,0.37,-0.81,0.01,8.22,-2.0,0.02,0.14,-0.36,0.23,8.71,-1.56,0.25,0.26,-0.24,0.1,8.9,-2.05,1.33,0.64,-0.38,0.08,8.79,-1.44,0.85,0.19,-0.25,-0.03,9.22,-1.8,0.79,0.35,-0.31,0.02,9.1,-2.06,1.27,0.27,0.13,-0.27,9.09,-1.62,0.62,0.02,0.23,-0.14,9.22,-1.52,1.35,-0.02,-0.02,-0.13,9.55,-1.19,1.9,-0.05,-0.13,0.11,9.55,-1.29,2.49,0.23,-0.18,-0.08,9.64,-1.31,1.96,0.17,0.09,0.31,9.59,-1.34,2.13,-0.03,-0.04,0.12,9.44,-1.25,2.2,0.05,-0.17,0.02,9.6,-1.44,2.12,0.1,-0.21,0.06,9.51,-1.44,1.88,0.24,-0.04,0.22,9.63,-1.47,1.77
-0.22,-3.33,0.02,-0.89,-7.02,-14.77,-0.66,0.93,-0.48,-6.47,-4.97,-25.88,-1.53,7.97,-0.3,-8.18,-4.23,-21.88,-0.1,9.44,-1.77,-3.8,-2.03,18.7,-1.14,3.73,0.32,8.59,3.46,37.69,-1.2,1.55,1.89,17.73,-2.11,28.0,-0.26,0.21,0.21,18.89,-9.79,25.4,0.76,-2.11,-1.25,11.68,-4.23,15.97,0.7,-2.47,-0.96,7.97,-1.45,9.64,0.55,-2.39,-0.58,5.92,-0.74,5.19,0.57,-2.54,-0.66,5.31,-1.19,2.89,0.56,-2.34,-0.45,5.36,-0.65,0.05,0.74,-1.98,-0.64,5.42,-0.96,-1.35,0.19,-1.98,-0.42,5.77,-1.15,-2.7,0.12,-1.04,-0.21,7.13,-0.45,-3.44,0.13,-0.52,-0.31,7.95,-0.53,-1.93,0.31,-0.44,-0.26,9.06,0.09,-0.51,0.17,-0.49,-0.15,9.13,-0.32,-0.32,0.23,-0.3,0.14,9.23,-0.23,-0.94,0.19,0.01,0.05,9.04,-0.31,-0.45,0.06,-0.15,-0.14,9.48,-0.28,0.31,0.22,-0.28,-0.39,9.61,-0.37,-0.1,0.21,0.08,-0.07,9.6,-0.11,-0.58,-0.15,0.17,-0.02,9.64,-0.61,-0.04,0.11,0.12,-0.06,9.57,-0.57,0.31,0.01,0.07,-0.05,9.77,-0.09,0.05,0.13,0.25,0.05,9.76,0.0,0.62,0.27,-0.09,0.08,9.75,0.11,0.96,0.34,-0.13,0.0,9.75,0.07,0.65,-0.01,0.11,0.05,9.6,0.12,0.24
-0.95,-3.78,0.27,1.89,-8.76,-23.53,-2.93,7.46,0.72,-4.17,-3.99,-27.84,-0.29,7.95,-1.31,0.4,-4.64,27.27,-0.44,0.22,-0.51,14.8,4.29,39.39,0.29,-1.2,-0.06,10.64,5.75,16.8,0.23,-0.7,0.54,10.19,0.73,6.69,0.36,-0.58,0.1,10.46,-4.27,5.7,0.28,-1.32,-0.33,11.98,-0.96,0.74,-2.15,0.6,2.07,11.54,-4.24,-0.63,0.32,-0.43,0.6,9.94,0.0,2.85,-0.16,-1.08,1.38,7.92,-0.41,-0.76,0.83,-0.36,1.17,8.02,-0.9,-1.1,0.33,-0.18,1.18,8.44,-1.42,-0.43,0.27,-0.6,1.54,8.27,-0.91,0.21,0.12,-0.82,1.72,7.9,-2.0,-0.83,-0.08,-0.65,1.73,8.62,-3.96,-1.46,0.1,-0.48,1.18,8.76,-5.03,-1.06,0.39,-0.24,0.78,8.76,-5.8,-1.29,0.36,-0.32,0.46,8.8,-4.69,-0.89,0.39,-0.49,0.86,8.46,-3.73,-0.7,0.25,-0.67,1.83,7.91,-4.34,-0.72,-0.01,-0.15,1.66,7.78,-6.33,-1.54,0.37,-0.17,1.32,7.65,-6.34,-0.83,-0.19,0.01,1.03,7.42,-7.05,-0.91,-0.03,0.34,0.83,7.43,-7.61,-0.49,0.15,0.48,0.52,7.21,-7.28,0.36,0.0,0.39,0.47,7.38,-6.76,0.86,-0.04,0.26,0.66,7.29,-6.98,1.32,0.03,0.09,0.25,7.19,-7.46,1.35,0.32,0.18,0.01,6.71,-6.28,0.89
-0.31,-3.04,0.56,6.62,-8.07,-3.62,0.5,-3.92,0.64,-2.86,-12.77,-20.47,-2.17,8.45,-0.93,-11.96,-15.97,-38.42,-0.32,8.0,-0.69,-10.59,-4.79,17.01,-0.26,3.78,1.12,4.12,-7.58,28.18,1.05,1.01,-2.11,12.17,-9.86,26.91,0.49,-1.42,-0.58,8.53,-2.59,19.99,-0.17,-1.82,1.16,3.88,-5.64,8.57,-0.25,-1.63,1.72,3.7,-6.88,5.02,-0.23,-1.33,1.47,3.97,-9.45,2.97,0.04,-1.11,1.09,4.1,-9.44,-0.15,-0.03,-1.03,0.98,4.28,-9.59,-1.37,0.02,-0.71,0.74,4.4,-10.37,-3.23,0.15,0.08,-0.06,4.72,-8.28,-2.0,0.11,0.14,0.41,5.05,-7.12,-0.1,-0.05,-0.06,0.55,5.25,-7.68,0.79,0.04,-0.19,0.39,4.92,-8.04,0.58,0.21,-0.13,-0.05,4.81,-8.26,0.43,0.24,-0.31,-0.44,4.66,-8.32,0.29,0.02,-0.31,-0.43,4.65,-7.97,0.11,0.05,-0.28,-0.37,4.76,-7.89,0.52,0.15,-0.42,-0.06,4.83,-7.9,0.89,0.01,-0.48,0.28,4.82,-8.36,0.8,-0.02,-0.36,0.28,4.57,-8.76,0.39,0.24,-0.22,0.18,4.31,-8.91,0.2,-0.05,0.05,0.29,4.21,-9.1,0.82,0.06,-0.02,0.25,4.23,-8.68,1.38,0.1,0.01,0.39,4.17,-8.98,1.42,0.2,-0.05,0.22,4.08,-8.95,1.2,0.2,-0.12,0.13,3.89,-9.01,0.55
1.2,-1.13,-0.91,0.25,-12.92,-23.58,-2.08,5.09,-0.33,-4.97,-10.08,-18.94,-0.33,4.27,-0.69,-3.0,-4.95,8.77,-0.02,2.67,0.6,3.77,-6.86,25.85,0.95,0.28,-1.83,10.5,-10.4,26.61,1.27,-1.43,-2.32,6.51,-4.19,18.99,0.07,-1.31,0.23,3.49,-5.62,9.68,0.05,-0.97,0.24,2.9,-9.62,6.76,-0.31,-0.56,-0.53,2.62,-11.12,3.98,-0.68,-0.88,-0.04,3.99,-10.17,0.9,-0.55,-0.34,-0.37,4.79,-10.27,-2.21,-0.18,-0.09,-0.88,6.09,-7.88,-0.12,-0.34,-0.63,-0.44,6.94,-5.42,-0.61,-0.4,-0.45,-0.36,6.78,-5.33,-1.24,-0.05,-0.15,-0.27,6.85,-5.36,0.17,-0.29,-0.23,0.02,6.86,-6.3,0.84,-0.23,-0.34,0.33,6.95,-7.99,0.94,-0.02,0.02,-0.21,6.78,-8.06,1.34,-0.09,-0.05,-0.27,6.6,-6.9,2.48,-0.05,-0.08,-0.17,6.28,-6.59,1.85,-0.13,-0.02,-0.22,5.96,-6.74,0.93,-0.0,-0.1,0.09,5.97,-6.49,0.88,0.05,-0.08,0.18,6.05,-6.54,0.51,-0.09,0.1,0.26,5.87,-6.81,0.22,0.01,0.17,0.21,5.98,-7.41,0.63,0.21,0.21,0.25,6.25,-7.39,1.11,0.14,0.11,0.19,6.18,-7.44,1.22,0.21,0.23,0.17,6.24,-7.55,1.2,0.16,0.14,0.21,6.35,-7.36,1.89,-0.05,-0.26,0.07,6.25,-7.69,1.85
1.15,-2.01,-0.87,3.13,-10.0,-30.68,-0.37,6.12,-0.08,-8.06,-8.73,-38.83,-2.36,8.36,0.19,-8.19,-7.15,25.26,0.09,1.41,0.93,4.33,-5.84,39.54,0.84,-0.86,-0.93,10.46,-5.5,36.78,0.78,-2.64,-0.49,5.13,-3.46,18.26,0.44,-2.13,0.16,3.02,-7.34,9.45,0.14,-2.36,0.45,3.4,-7.49,5.73,-0.36,-2.0,0.89,4.13,-7.56,2.76,-0.35,-1.73,0.98,4.75,-8.38,0.0,-0.52,-1.56,0.81,5.31,-8.53,-2.37,-0.31,-1.06,0.52,5.58,-8.47,-3.4,-0.29,-0.57,0.15,6.06,-7.72,-2.32,-0.02,-0.88,0.11,6.51,-7.48,-1.11,-0.04,-0.68,0.07,5.92,-7.36,-1.51,-0.3,-0.45,-0.05,5.5,-7.51,-1.34,-0.18,-0.54,0.01,5.67,-7.72,-1.04,-0.16,-0.45,0.17,5.53,-7.82,-0.9,-0.03,-0.09,0.04,5.41,-8.24,-1.46,0.19,-0.15,-0.24,5.71,-8.09,0.16,0.1,0.12,0.07,5.42,-7.34,-0.88,0.05,0.21,0.17,5.59,-7.63,-0.32,0.03,0.0,-0.07,5.66,-8.02,-0.14,0.09,0.16,0.19,5.61,-8.08,-0.33,0.26,0.19,-0.02,5.64,-7.91,0.34,-0.01,0.2,-0.06,5.59,-7.94,0.27,-0.11,0.38,0.27,5.56,-7.85,0.2,-0.15,0.33,0.01,5.59,-7.94,0.63,-0.06,0.04,-0.1,5.67,-7.82,0.89,-0.01,0.14,0.1,5.74,-7.69,0.64
1.06,-1.23,-0.86,6.15,-8.97,-8.57,0.61,-1.54,-0.87,1.12,-11.94,-26.07,-0.29,4.26,-0.98,-5.75,-11.84,-34.9,-1.6,9.06,-1.01,-11.64,-7.28,-8.64,-0.5,6.21,1.14,-9.54,-0.62,39.54,-0.32,1.2,1.16,6.85,-10.0,39.54,1.16,-3.05,-0.35,4.88,-7.29,25.82,0.89,-3.02,-0.18,2.25,-8.95,9.68,0.67,-2.38,-0.09,2.17,-7.73,2.81,0.06,-1.81,0.44,3.22,-7.66,-0.55,-0.15,-1.26,0.77,5.3,-8.24,-1.38,-0.5,-1.18,0.66,6.45,-7.95,-1.56,0.01,-0.56,0.3,5.72,-7.54,-2.44,-0.08,-0.19,0.16,6.03,-6.7,-1.6,0.05,-0.27,-0.03,6.45,-6.96,-0.47,0.2,-0.37,0.02,6.1,-6.69,-0.24,-0.03,0.16,0.39,6.03,-7.38,0.29,-0.1,-0.0,0.15,6.32,-7.78,1.62,-0.09,-0.3,-0.03,6.12,-7.36,1.01,-0.15,0.12,0.02,5.98,-7.3,0.98,-0.03,0.25,0.19,6.05,-7.65,1.86,-0.08,-0.09,-0.04,5.98,-7.39,1.87,0.03,0.11,0.22,5.87,-7.35,1.45,-0.25,0.21,0.11,6.15,-7.89,2.51,-0.01,0.11,-0.08,6.04,-7.57,1.94,-0.1,0.14,0.12,5.92,-7.04,1.78,-0.29,0.04,0.08,5.84,-7.37,2.02,-0.42,0.07,0.12,5.77,-7.38,1.84,-0.44,0.0,0.27,5.7,-7.34,1.8,-0.4,-0.09,0.05,5.68,-7.73,1.59
0.6,-4.76,0.2,4.45,-9.69,-4.91,0.39,-7.9,1.32,-17.19,-8.63,-23.98,-1.01,15.06,1.83,-12.75,-7.08,-35.74,1.59,8.19,1.12,-11.67,-10.06,39.54,0.91,-0.31,0.06,13.99,-14.01,32.9,1.27,-1.51,-2.33,10.32,-7.64,21.76,0.67,-1.96,-1.32,5.73,-5.43,10.1,0.19,-1.16,-0.39,3.8,-6.34,4.44,-0.1,-0.49,0.51,4.15,-7.38,3.36,0.1,-0.93,0.36,4.72,-8.43,3.98,0.02,-1.13,0.52,4.45,-8.63,0.8,0.06,-0.3,0.15,4.56,-8.5,-0.8,-0.1,-0.09,0.29,4.65,-8.54,-0.44,0.1,-0.13,-0.28,5.19,-8.72,0.26,-0.06,-0.05,0.18,5.33,-7.61,0.27,-0.21,-0.1,0.07,5.42,-7.99,1.11,-0.13,-0.37,-0.29,5.6,-8.47,1.45,-0.08,-0.28,-0.48,5.67,-7.94,1.15,-0.15,-0.06,-0.61,6.13,-7.59,0.95,-0.15,-0.37,-0.55,6.23,-6.9,1.32,-0.19,-0.25,-0.46,6.34,-6.99,1.03,-0.22,-0.19,-0.15,6.31,-6.97,0.4,-0.13,-0.1,-0.13,6.36,-7.08,0.85,0.0,-0.07,-0.34,6.42,-7.29,1.23,0.13,-0.18,-0.1,6.27,-7.17,1.07,-0.2,0.19,-0.06,6.21,-7.18,1.5,0.12,-0.05,-0.21,6.35,-7.73,2.2,0.0,-0.15,0.05,6.24,-7.43,1.76,0.03,0.11,-0.01,6.01,-7.43,1.48,0.01,-0.1,0.18,6.01,-7.5,1.52
0.02,-2.38,-0.72,0.98,-10.51,-13.22,-0.51,3.4,-1.41,-6.92,-10.11,-30.06,-1.31,8.81,-1.57,-10.9,-5.88,-8.67,-0.88,7.12,-1.64,1.7,-0.98,32.27,-0.73,2.54,0.5,14.03,-0.67,39.54,0.6,-2.06,-0.34,14.08,-4.02,36.76,0.72,-2.31,-0.35,7.88,-7.91,8.02,0.42,-2.61,-0.45,7.58,-8.25,2.5,0.08,-2.17,-0.08,8.22,-7.95,-0.21,-0.29,-1.76,-0.12,7.99,-7.79,-1.32,-0.31,-1.25,-0.38,6.84,-5.37,-1.79,-0.45,-1.06,-0.5,6.19,-4.47,-1.72,-0.2,-0.64,-0.63,6.29,-3.91,-2.01,0.01,-0.56,-0.53,6.7,-3.8,-1.62,0.19,-0.53,-0.72,7.57,-3.45,-1.43,-0.14,-0.5,0.23,7.51,-3.88,-1.14,0.27,-0.33,-0.01,7.86,-5.57,-1.38,0.22,-0.01,-0.36,8.0,-4.47,-1.27,0.21,-0.07,0.02,8.2,-4.65,-0.73,0.25,0.03,-0.12,8.35,-4.96,-0.74,0.2,0.09,-0.23,8.33,-4.87,-0.59,-0.06,-0.02,-0.24,8.38,-4.72,-0.13,0.05,0.0,-0.26,8.5,-4.89,-0.16,-0.1,0.25,-0.48,8.63,-4.54,-0.24,-0.18,0.1,-0.45,8.83,-4.37,0.45,-0.14,0.17,-0.62,8.84,-3.89,0.58,-0.18,0.2,-0.54,8.85,-3.69,0.59,-0.23,0.07,-0.51,8.98,-3.59,0.57,-0.25,-0.04,-0.43,8.98,-3.34,0.42,-0.13,0.07,-0.44,9.09,-3.24,0.04
-0.21,-2.5,1.05,6.45,-2.77,-7.2,-0.92,-2.54,1.22,-4.05,-7.73,-25.69,-0.2,6.45,-1.32,-8.4,-4.66,-31.81,-1.03,7.68,-1.02,-6.94,-0.28,11.39,0.47,5.23,-1.77,0.67,0.69,28.08,0.61,1.29,-1.01,39.39,16.92,10.92,-1.57,0.39,2.49,22.26,-5.86,37.38,0.2,-2.85,-0.57,15.14,-6.05,21.21,0.34,-3.02,-0.75,7.73,-2.55,9.73,0.18,-2.86,-0.16,4.61,-0.5,2.88,0.15,-2.82,-0.02,4.35,-1.3,0.26,0.25,-1.58,-0.13,5.49,-1.34,-3.1,0.31,-1.27,0.04,6.84,-1.61,-2.43,0.27,-1.33,-0.1,7.74,-1.35,-2.04,0.02,-0.99,0.01,8.04,-0.75,-2.85,0.2,-0.71,0.19,8.77,-1.56,-1.76,0.18,-0.57,0.04,9.07,-1.42,-1.49,-0.04,-0.46,0.03,9.52,-2.03,-1.47,-0.03,-0.29,-0.13,9.25,-1.51,-1.63,-0.08,-0.11,-0.29,9.35,-0.73,-1.49,-0.19,-0.37,-0.13,9.37,-0.84,-1.2,-0.14,-0.09,0.08,9.58,-0.69,-1.36,-0.14,0.04,-0.08,9.74,-1.09,-1.05,-0.16,-0.19,0.11,9.73,-0.13,-0.48,-0.05,-0.17,-0.09,9.94,-0.53,-0.49,0.12,-0.29,-0.07,9.7,-0.11,-0.85,0.03,-0.28,0.28,9.69,-0.58,-1.12,0.19,-0.32,-0.09,9.62,-1.08,-1.08,0.15,-0.35,0.14,9.44,-0.91,-2.18,0.12,-0.09,0.06,9.41,-1.15,-2.08
-0.4,6.39,-0.07,-8.42,-4.44,-23.03,0.7,10.9,-1.11,-11.66,-5.84,0.36,-0.09,5.54,-1.99,1.2,2.83,29.36,-1.75,3.44,2.24,15.96,7.51,30.23,-0.92,0.28,1.11,18.38,-4.49,26.32,-0.03,-0.49,-0.36,13.77,-4.68,13.0,0.1,-0.17,-0.45,8.52,-1.33,4.87,0.12,-0.13,-0.02,7.73,-1.01,4.08,0.17,-0.29,-0.22,8.15,-1.74,3.65,-0.05,-0.12,0.11,8.24,-0.81,4.88,-0.1,-0.09,-0.16,8.39,-1.13,5.42,0.16,0.04,-0.26,8.24,-0.94,5.13,0.12,0.1,-0.01,8.05,-0.87,5.47,0.03,-0.13,0.03,8.29,-1.42,5.11,0.03,-0.15,-0.06,8.32,-1.05,4.78,0.07,-0.25,0.14,8.4,-1.05,4.62,0.06,-0.2,-0.1,8.2,-1.08,4.76,0.12,0.02,0.13,8.13,-1.29,4.5,0.12,0.06,-0.17,8.14,-0.96,4.65,-0.01,-0.18,-0.05,8.25,-0.66,4.67,-0.08,0.02,-0.12,8.31,-0.7,4.43,0.01,0.14,0.11,8.5,-0.69,4.91,0.05,-0.07,0.09,8.63,-1.49,4.93,0.03,-0.12,-0.14,8.52,-1.43,4.64,-0.14,0.02,0.02,8.46,-1.03,4.86,-0.04,-0.09,-0.19,8.35,-1.24,4.81,0.06,-0.13,-0.08,8.43,-1.19,4.72,0.1,-0.03,-0.12,8.48,-0.93,4.4,-0.04,0.0,-0.07,8.38,-0.96,4.78,0.05,-0.06,0.01,8.41,-1.02,4.64
-0.43,2.69,-0.13,-5.15,-1.32,-20.21,-0.21,7.12,0.35,-9.92,-2.7,-17.36,0.14,7.14,-0.14,-8.19,-6.45,0.91,-0.09,5.59,-1.56,2.09,1.31,23.69,-1.16,4.55,1.73,13.01,6.13,33.69,-0.73,0.95,0.97,21.14,-3.65,34.03,-0.01,-0.93,-0.15,16.15,-1.78,18.33,-0.0,-1.11,-0.29,11.4,-0.78,10.64,0.12,-1.39,-0.29,8.28,-0.83,5.74,0.12,-1.7,-0.21,7.24,-0.57,2.45,0.24,-1.59,-0.21,6.98,-0.68,0.09,0.32,-0.98,-0.06,7.03,-0.77,-0.72,0.26,-0.83,-0.07,7.46,-0.98,-0.38,0.1,-0.55,0.11,8.02,-0.95,-0.71,0.16,-0.29,0.01,8.54,-1.41,0.04,-0.01,-0.1,0.05,9.38,-0.97,1.08,0.01,-0.16,-0.03,9.7,-1.74,1.53,-0.16,-0.18,0.16,9.49,-1.45,1.42,0.06,0.0,0.04,9.47,-1.29,1.31,0.09,-0.23,-0.01,9.48,-1.36,1.49,-0.02,-0.19,-0.1,9.37,-1.47,0.7,0.03,-0.11,-0.14,9.39,-1.38,0.62,0.04,-0.11,-0.05,9.36,-1.08,0.78,-0.01,0.02,-0.02,9.48,-1.23,0.64,-0.15,0.0,-0.08,9.63,-1.09,1.24,-0.06,0.1,0.02,9.73,-0.77,1.36,-0.03,0.04,-0.06,9.72,-0.83,1.63,-0.02,0.02,0.07,9.68,-0.75,1.44,-0.02,-0.02,-0.13,9.6,-0.83,1.31,0.05,-0.12,-0.04,9.52,-0.84,1.27
-0.91,8.19,-1.44,-12.01,-5.95,18.97,-1.74,3.63,2.6,11.75,16.21,39.54,-0.53,-0.09,2.2,21.06,-8.58,28.03,0.0,0.0,0.0,0.0,0.0,0.0,0.0,0.0,0.0,0.0,0.0,0.0,0.0,0.0,0.0,0.0,0.0,0.0,0.0,0.0,0.0,0.0,0.0,0.0,0.0,0.0,0.0,0.0,0.0,0.0,0.0,0.0,0.0,0.0,0.0,0.0,0.0,0.0,0.0,0.0,0.0,0.0,0.0,0.0,0.0,0.0,0.0,0.0,0.0,0.0,0.0,0.0,0.0,0.0,0.0,0.0,0.0,0.0,0.0,0.0,0.0,0.0,0.0,0.0,0.0,0.0,0.04,-0.41,-0.04,8.12,-1.16,2.22,0.04,-0.42,0.26,8.54,-0.72,2.13,0.11,-0.54,0.27,8.79,-1.23,1.71,0.08,-0.45,0.03,8.79,-1.62,1.53,0.05,-0.31,0.17,8.88,-1.31,1.76,0.15,-0.05,-0.25,8.92,-1.63,2.13,-0.0,0.02,-0.09,9.21,-1.49,2.39,0.03,0.02,-0.12,9.31,-2.06,2.49,-0.02,-0.05,0.1,9.24,-1.72,2.36,0.01,0.01,0.16,9.26,-1.73,2.2,-0.07,-0.02,-0.06,9.23,-1.62,2.17,0.12,0.07,0.17,9.2,-1.34,1.95,0.07,-0.04,0.04,9.34,-1.78,2.32,0.1,-0.12,-0.03,9.26,-1.33,2.2,0.04,0.03,-0.02,9.45,-1.73,2.66,0.17,-0.11,0.02,9.54,-1.74,2.78
0.55,2.75,0.12,-3.42,-2.67,-30.82,-1.08,9.58,0.18,-13.52,-6.11,-28.4,-0.37,8.04,-1.13,-12.53,-8.62,2.05,-2.37,6.23,-0.82,3.38,7.74,26.31,-1.21,2.66,0.76,9.28,3.31,39.54,-0.4,-0.96,0.02,17.44,-2.92,39.29,0.93,-2.83,-0.63,13.03,-0.41,22.96,0.9,-3.64,-0.39,7.37,0.08,12.55,0.68,-3.57,0.06,5.29,0.0,5.36,0.47,-3.02,0.04,5.39,-1.47,-0.24,0.27,-2.17,0.15,6.05,-1.44,-1.85,0.1,-1.99,0.03,6.98,-1.28,-1.96,0.33,-1.88,-0.18,7.27,-0.82,-2.72,0.08,-1.34,-0.18,7.36,-0.48,-4.07,-0.07,-0.88,0.29,8.19,-0.68,-3.9,0.08,-0.55,0.16,8.63,-0.95,-3.15,0.03,-0.37,0.18,8.85,-0.7,-3.15,0.1,-0.09,0.0,8.92,-0.73,-2.45,0.25,-0.41,-0.13,9.27,-1.03,-1.74,0.33,-0.46,-0.17,9.12,-0.65,-2.49,0.31,-0.13,0.04,8.87,-0.33,-2.83,0.28,-0.09,-0.03,9.23,-0.25,-1.99,0.11,0.32,-0.03,9.57,0.11,-2.4,-0.04,0.51,-0.1,10.45,-0.53,-1.35,0.26,0.56,-0.24,9.79,0.78,-0.44,-0.07,0.39,-0.07,10.07,0.13,-0.29,0.32,0.34,-1.05,9.78,-0.17,-0.35,0.66,0.36,-0.65,8.66,1.35,-0.14,0.15,0.2,0.13,10.15,0.64,-0.71,0.13,0.21,0.02,9.65,0.05,-0.13
0.2,4.16,-0.42,-4.28,-2.15,-16.28,0.12,7.28,-0.36,-6.06,-1.26,-13.5,-1.54,8.62,-0.03,-8.95,-7.09,5.03,-0.15,8.75,-2.5,-6.72,-3.34,15.34,-2.74,6.69,0.83,0.7,8.84,36.54,-1.23,-0.51,1.58,16.39,-2.85,39.54,-0.13,-2.14,0.06,17.57,-6.59,29.95,0.68,-3.56,-1.21,7.88,-2.08,15.2,0.48,-3.95,-0.36,4.88,0.15,9.64,0.46,-3.69,-0.18,3.66,-0.29,3.88,0.57,-2.68,-0.16,4.17,-0.71,-1.23,0.35,-2.11,-0.24,5.41,-0.61,-2.68,0.11,-1.43,0.22,6.11,-0.68,-3.34,0.39,-1.22,0.24,6.52,-0.88,-3.32,0.25,-0.78,0.6,8.34,-1.3,-2.7,0.29,-0.7,0.3,8.88,-1.87,-1.39,0.16,-0.49,0.21,9.32,-1.46,-1.66,0.14,-0.15,0.04,9.52,-1.63,-1.28,0.13,-0.13,-0.09,9.61,-1.72,-0.56,0.1,-0.19,-0.03,9.71,-1.4,-0.62,-0.09,-0.16,0.04,9.64,-1.42,-0.65,-0.01,-0.06,-0.22,9.62,-1.44,-0.5,0.02,-0.07,0.02,9.61,-0.87,-0.51,-0.07,0.18,0.0,9.49,-1.07,-0.73,0.0,0.07,0.21,9.62,-1.22,-0.72,-0.13,0.25,0.15,9.63,-1.23,-0.47,-0.18,0.16,0.11,9.73,-1.15,0.1,0.05,-0.02,0.04,9.82,-1.52,0.13,0.03,-0.05,0.0,9.54,-1.12,-0.38,0.0,0.01,0.02,9.61,-1.45,-0.4
-1.2,-3.4,1.36,3.94,-2.25,-8.17,-0.47,-3.14,1.15,-5.28,-3.64,-19.32,-0.77,8.2,0.29,-10.53,-3.16,-26.84,0.56,10.49,-1.61,-7.41,-6.11,9.9,-0.8,4.79,-0.88,13.95,5.72,27.15,-0.3,2.71,1.06,17.44,2.13,27.91,0.01,0.55,0.49,19.44,-3.8,25.71,0.68,-2.26,-0.81,15.87,-4.68,19.47,0.31,-2.86,-0.79,10.94,-1.5,11.93,0.2,-3.11,-0.41,7.4,-0.77,7.47,-0.2,-3.21,-0.23,5.45,-1.16,4.24,-0.19,-2.88,-0.27,5.22,-0.6,0.87,0.13,-2.29,-0.39,5.27,-0.77,-1.26,0.7,-2.13,-0.19,6.59,0.08,-2.97,0.88,-1.71,-0.09,6.2,-0.21,-4.13,0.97,-0.82,0.25,6.83,-0.26,-5.13,0.57,-0.43,0.61,6.78,-1.46,-4.86,0.66,-0.28,0.64,8.55,-1.0,-4.47,-0.2,-0.43,0.72,8.53,-2.17,-3.3,-0.48,-0.41,0.49,9.09,-2.79,-3.1,-0.42,-0.3,0.1,9.21,-2.86,-3.31,-0.43,0.06,-0.01,9.17,-1.83,-2.92,-0.07,0.08,0.04,8.94,-1.64,-2.67,0.16,0.28,0.2,9.08,-1.59,-2.97,0.17,0.39,0.28,9.16,-1.46,-2.48,-0.12,0.29,0.32,9.33,-1.85,-2.16,-0.22,0.33,0.18,9.48,-2.35,-1.6,0.13,0.17,0.09,9.41,-2.08,-1.44,0.1,0.05,-0.02,9.49,-2.28,-1.51,-0.02,-0.09,0.15,9.39,-2.05,-1.51
0.84,-4.73,0.54,1.01,1.22,-6.14,2.1,-3.3,1.91,-11.98,-0.78,-21.18,0.49,9.37,1.14,-10.64,-5.79,-36.72,-0.25,12.48,1.12,-14.83,-6.17,15.73,2.65,4.77,-1.08,11.23,-5.11,35.93,-0.59,4.38,1.93,20.16,2.41,26.86,0.53,0.23,3.44,18.1,-7.52,35.07,0.91,-3.17,2.78,12.14,-9.13,20.96,-1.0,-2.88,1.71,6.23,-6.83,9.1,-0.68,-3.22,1.3,3.21,-4.1,6.12,-0.56,-3.41,1.64,1.45,-3.44,0.44,-0.55,-2.29,1.84,1.75,-5.54,-3.17,-0.77,-1.3,1.06,2.51,-7.81,-4.14,-0.68,-1.07,0.47,2.85,-8.1,-4.04,-0.52,-0.78,0.32,3.05,-7.66,-4.77,-0.18,0.06,0.59,3.08,-7.7,-3.99,-0.02,0.31,0.25,4.17,-8.56,-2.75,0.13,0.32,-0.19,5.36,-8.45,-1.17,0.09,0.36,-0.07,5.57,-7.87,-0.5,0.13,0.18,-0.27,5.93,-8.29,0.2,0.79,-0.08,-0.75,6.42,-8.12,0.42,1.04,0.12,-0.94,6.43,-7.41,0.27,0.25,-0.16,-0.9,6.45,-7.85,0.13,-0.17,-0.35,-1.13,6.46,-7.5,0.42,0.06,0.2,-0.88,7.01,-6.35,0.1,-0.98,0.81,0.43,7.37,-5.75,1.65,-0.62,-0.54,0.56,4.56,-5.62,1.0,0.91,0.18,-0.09,4.14,-4.68,1.46,2.01,-0.13,1.05,4.21,-7.39,1.55,0.57,-0.61,0.81,8.0,-7.99,-0.12
0.81,-3.62,-1.34,-7.91,-8.33,-26.77,1.59,7.34,-0.61,-16.03,-3.16,-38.88,1.42,6.92,0.83,-10.22,-1.81,12.66,1.87,4.93,0.81,1.05,-3.1,34.47,0.36,0.65,0.96,14.39,-12.38,39.54,-0.31,-2.43,-0.18,9.52,-12.05,23.49,-0.51,-2.1,0.04,3.36,-11.83,9.24,-0.71,-2.11,-0.51,1.87,-11.07,6.31,-0.86,-2.05,-0.4,1.7,-8.55,2.0,-1.01,-1.3,0.14,2.34,-7.71,-1.09,-0.89,-0.79,0.24,3.12,-7.24,-2.25,-0.58,-0.44,0.3,3.36,-7.52,-3.99,-0.5,0.29,0.43,3.25,-8.39,-4.62,-0.02,0.53,0.13,3.89,-7.8,-2.06,0.16,-0.35,0.13,4.23,-7.96,-1.29,-0.05,0.15,0.2,3.77,-8.09,-2.16,0.26,0.48,0.04,3.99,-8.17,0.09,0.27,-0.02,-0.1,4.31,-8.1,1.33,-0.0,-0.26,0.08,4.12,-8.83,0.57,0.19,0.0,-0.1,4.01,-8.85,0.43,0.16,-0.17,-0.03,3.93,-8.94,0.61,0.25,-0.02,0.15,3.95,-9.19,0.28,0.05,0.3,-0.09,4.19,-9.27,0.26,-0.32,0.18,0.24,3.96,-9.88,0.91,-0.17,0.12,-0.16,3.96,-9.42,1.28,0.09,0.11,-0.23,4.05,-8.45,0.99,0.08,0.2,0.13,4.02,-8.45,1.12,0.21,-0.08,-0.33,4.12,-8.49,1.45,0.01,-0.15,-0.01,3.92,-8.45,0.92,0.23,-0.14,0.07,3.94,-8.51,0.52
1.22,-4.86,-1.11,0.41,-11.95,-10.72,2.67,-2.6,-0.97,-9.57,-12.73,-27.97,-0.63,11.32,-1.42,-14.01,-4.51,-8.97,0.71,4.36,0.47,-1.52,0.43,35.9,0.76,4.04,-0.22,8.03,-1.29,31.05,-0.27,-1.16,0.74,11.76,-7.08,30.77,-0.96,-2.31,0.5,3.67,-9.52,13.38,-1.16,-1.8,0.48,2.35,-9.95,8.36,-1.17,-1.62,0.42,1.77,-9.43,4.83,-1.06,-1.19,0.38,1.92,-9.18,2.68,-0.84,-0.92,0.68,2.62,-7.81,-0.06,-0.88,-0.81,0.59,3.01,-8.96,-2.92,-0.55,-0.12,0.03,2.84,-9.47,-2.85,-0.27,-0.12,-0.02,3.56,-7.63,-0.6,-0.2,-0.36,0.28,3.76,-7.29,-1.44,-0.37,-0.04,0.46,3.6,-7.89,-0.82,-0.02,-0.12,0.3,3.3,-8.75,0.27,0.08,-0.23,0.34,3.05,-9.3,0.55,-0.08,-0.1,0.08,3.35,-9.96,0.92,-0.09,-0.08,0.0,3.15,-9.21,0.87,-0.13,-0.05,-0.06,3.29,-8.87,1.44,0.03,0.03,0.04,3.2,-8.99,0.74,0.16,0.05,-0.01,3.26,-9.05,0.63,0.04,0.04,0.06,3.37,-9.01,1.18,0.09,0.09,0.09,3.27,-9.17,0.84,0.0,0.33,0.01,3.07,-9.07,0.79,0.21,-0.09,0.11,3.26,-9.39,2.22,0.08,-0.01,0.02,3.29,-9.54,1.3,-0.05,0.14,0.03,3.22,-8.98,1.16,0.03,-0.14,-0.29,3.43,-8.77,1.44
-0.84,-3.97,0.25,-0.7,-12.22,-10.04,-0.31,2.39,-0.94,-9.18,-10.48,-32.3,-0.5,11.85,0.43,-14.17,0.99,-3.42,0.46,3.68,3.38,-0.41,-9.77,32.13,0.02,2.47,1.01,6.37,-14.83,29.93,0.58,-1.88,-1.83,7.4,-13.51,28.92,0.14,-2.97,-1.43,-0.24,-6.59,11.1,-0.37,-2.54,-0.06,0.0,-6.34,8.91,-0.38,-2.24,0.42,-0.2,-7.86,4.88,-0.24,-1.58,0.61,0.17,-8.25,1.23,-0.29,-0.93,0.68,1.01,-8.57,-0.98,-0.39,-0.39,0.9,1.59,-9.09,-1.88,-0.23,-0.44,0.26,1.7,-10.07,-1.95,0.11,-0.13,0.28,1.85,-9.26,-1.98,-0.26,-0.26,0.42,2.37,-8.73,-0.94,0.05,-0.38,0.29,2.37,-9.27,-0.55,0.19,-0.29,-0.04,2.05,-9.01,-0.27,-0.05,-0.13,0.28,2.0,-9.55,0.26,-0.12,-0.31,0.09,2.02,-10.37,1.07,0.05,-0.29,-0.24,1.8,-10.23,0.96,0.0,0.04,-0.08,1.79,-9.42,1.05,0.0,0.03,0.23,1.89,-9.16,1.91,0.01,-0.08,0.04,1.25,-10.21,1.66,0.12,0.1,-0.12,2.09,-9.74,1.11,0.11,0.29,0.03,2.5,-9.28,1.85,0.17,0.1,0.05,2.17,-9.29,2.2,0.09,-0.08,-0.04,2.0,-9.23,1.89,-0.01,0.09,0.02,1.95,-9.34,1.9,-0.03,-0.06,-0.09,2.01,-9.35,1.92,0.06,-0.12,0.02,1.88,-9.03,1.62
0.5,3.22,-1.16,-6.53,-8.43,-20.59,0.29,8.31,0.58,-11.24,-6.06,-11.52,0.08,6.18,2.13,-10.34,-3.96,19.93,0.18,5.17,2.8,-6.27,-7.76,32.95,1.4,0.39,-0.54,3.78,-15.34,39.2,1.01,-4.21,-2.51,-1.57,-9.14,20.25,-0.12,-3.2,-1.39,-2.14,-7.65,9.48,0.01,-3.05,-1.34,-0.72,-9.16,6.56,-0.51,-2.59,-0.74,0.24,-7.76,3.01,-0.59,-1.98,-0.25,1.87,-9.01,0.59,-0.62,-1.62,-0.14,3.36,-10.13,-1.04,-0.82,-1.28,-0.4,3.7,-10.3,-1.43,-0.64,-1.11,-0.69,3.38,-10.55,-1.04,-0.63,-0.6,-0.86,3.35,-10.04,-0.98,-0.68,-0.34,-0.99,3.3,-9.0,-1.17,-1.0,0.42,-1.54,3.19,-8.59,-1.23,-0.68,0.53,-1.81,3.3,-7.34,-0.44,0.39,0.4,-2.17,3.52,-6.69,-0.73,0.06,0.29,-2.13,5.78,-6.16,-1.3,-0.39,0.45,-1.58,5.4,-3.62,-0.56,-0.15,0.28,-0.74,4.88,-4.61,-0.27,0.36,0.6,-0.83,6.92,-4.7,-0.39,-0.03,0.99,0.1,7.07,-3.76,1.09,0.36,0.82,1.11,7.57,-4.59,1.86,-0.22,0.3,1.45,7.64,-5.81,1.97,-0.0,-0.18,0.93,7.4,-7.17,2.25,0.19,-0.32,0.58,7.33,-7.62,2.7,0.16,-0.37,0.33,7.38,-8.26,3.53,-0.1,-0.44,-0.11,7.11,-7.5,3.43,-0.14,-0.57,-0.05,6.74,-6.83,3.02
0.64,-1.79,-0.62,5.06,-8.75,-4.88,1.56,-1.78,-3.18,-5.44,-8.52,-20.18,0.44,6.28,-2.79,-8.85,-2.31,-23.41,-1.93,8.87,-0.41,-6.12,0.01,16.19,2.45,3.8,-2.0,6.63,-0.36,37.24,-1.4,1.88,2.28,11.93,-2.32,36.25,-0.33,-1.74,-0.14,12.76,-17.16,25.54,-0.67,-2.48,-1.28,9.1,-12.15,13.77,-0.64,-2.74,-1.88,5.3,-6.26,8.88,-0.57,-2.93,-1.8,3.49,-3.63,3.98,-0.66,-2.78,-1.31,3.31,-2.98,1.11,0.07,-2.14,-1.12,4.05,-2.49,-1.53,0.13,-1.38,-0.52,5.3,-2.26,-3.62,-0.15,-0.78,-0.5,5.84,-2.88,-3.88,0.26,-0.47,-0.16,7.43,-2.52,-3.0,0.09,-0.43,-0.01,7.56,-3.2,-2.29,-0.36,-0.35,0.01,8.23,-3.74,-1.46,0.0,-0.13,-0.13,8.63,-3.96,-1.15,0.07,-0.16,-0.35,8.93,-3.85,-0.22,0.02,-0.35,-0.36,8.92,-4.3,0.06,0.02,-0.35,-0.33,8.82,-3.66,-0.54,0.02,-0.1,-0.21,8.59,-3.25,-1.02,-0.02,-0.08,-0.26,8.77,-3.35,-1.01,0.12,0.18,-0.18,8.71,-3.45,-1.38,-0.21,0.41,-0.13,8.78,-3.5,-1.46,-0.13,0.82,-0.12,8.85,-3.55,-0.51,-0.13,0.71,-0.22,9.15,-3.44,0.91,0.27,0.18,-0.23,9.37,-3.07,1.53,0.09,0.17,-0.03,9.29,-3.21,1.56,0.09,-0.09,0.16,9.28,-3.03,1.31
-0.3,-3.06,0.15,5.54,-5.03,-6.85,-2.61,-2.67,-0.69,-2.42,-5.7,-13.04,-1.08,5.04,-0.62,-3.77,0.01,-18.28,-0.79,12.68,1.62,-8.39,0.29,-11.09,2.65,10.0,0.04,-5.21,-5.01,29.21,-1.36,1.65,0.92,11.98,-0.38,34.86,-1.47,-0.49,2.33,16.63,-7.83,33.19,-0.78,-3.14,-0.4,12.24,-11.58,17.86,0.52,-2.9,-1.6,8.57,-7.17,10.23,0.63,-3.09,-1.78,4.52,-3.5,4.81,0.42,-3.0,-1.21,4.17,-1.95,1.29,0.81,-2.05,-0.8,5.12,-1.62,-1.82,1.3,-1.2,-0.59,6.45,-1.4,-2.71,1.23,-0.2,-0.31,7.26,-0.96,-2.57,0.57,0.02,0.05,7.77,-0.92,-1.14,0.19,-0.38,0.31,8.37,-1.24,0.7,0.07,-0.75,0.35,9.17,-1.3,0.72,0.11,-0.39,0.16,9.21,-1.67,0.61,0.2,-0.52,0.13,9.37,-2.15,0.91,0.21,-0.68,0.11,9.24,-1.89,0.66,0.08,-0.66,0.38,9.09,-1.75,-0.07,0.06,-0.44,0.05,9.0,-1.9,-0.69,-0.02,-0.38,0.18,9.04,-1.85,-1.05,-0.03,0.1,0.16,9.01,-2.2,-1.12,-0.28,0.18,0.11,9.1,-2.72,-0.57,-0.25,0.24,0.04,9.46,-2.42,0.27,-0.16,0.06,0.1,9.68,-2.49,0.99,-0.1,0.06,-0.02,9.77,-2.48,1.42,0.01,0.06,0.04,9.62,-2.26,0.91,0.07,0.04,-0.11,9.34,-2.28,0.64
-1.63,2.57,-0.17,2.9,-2.68,-11.45,-1.06,4.3,-0.99,2.06,-3.8,-5.2,0.14,5.07,-2.35,3.6,0.11,4.71,-1.89,5.41,0.88,9.09,6.16,17.62,-0.98,1.41,1.65,17.67,-3.77,27.52,0.59,-1.35,0.02,17.63,-5.79,19.57,0.0,0.0,0.0,0.0,0.0,0.0,0.0,0.0,0.0,0.0,0.0,0.0,0.0,0.0,0.0,0.0,0.0,0.0,0.0,0.0,0.0,0.0,0.0,0.0,0.0,0.0,0.0,0.0,0.0,0.0,0.0,0.0,0.0,0.0,0.0,0.0,0.0,0.0,0.0,0.0,0.0,0.0,0.0,0.0,0.0,0.0,0.0,0.0,0.0,0.0,0.0,0.0,0.0,0.0,0.0,0.0,0.0,0.0,0.0,0.0,0.0,0.0,0.0,0.0,0.0,0.0,0.0,0.0,0.0,0.0,0.0,0.0,-0.44,-0.84,0.03,8.33,0.02,-3.25,0.52,-1.85,-0.56,8.78,0.61,-2.04,0.3,-1.94,-0.14,8.14,0.95,-3.86,-0.01,-1.16,0.02,8.34,0.36,-5.13,-0.06,-0.64,0.11,7.76,1.49,-5.15,-0.65,-0.25,0.69,8.16,1.96,-4.95,0.17,-0.42,0.63,8.51,0.74,-4.43,0.33,-0.04,0.37,8.46,0.29,-4.84,0.32,0.41,0.55,9.2,-0.4,-4.76,-0.09,-0.03,0.7,9.33,-0.47,-3.85,-0.33,-0.05,0.41,9.04,-0.69,-3.85,0.01,-0.12,0.29,9.11,-0.53,-3.69
-1.49,6.91,-0.66,3.79,-0.91,7.66,-2.15,5.41,0.87,8.87,4.47,31.42,0.81,-1.67,0.26,14.6,-1.11,37.57,1.01,-4.1,-0.72,10.95,-3.04,20.24,1.05,-3.39,-0.24,7.45,-1.32,6.6,0.42,-2.92,0.26,6.18,-1.18,0.97,0.32,-2.6,0.44,6.53,-1.69,-3.48,-0.16,-1.59,0.61,7.11,-2.22,-5.25,-0.2,-1.0,0.19,7.8,-1.97,-4.82,-0.0,-0.92,0.24,8.78,-1.73,-4.0,-0.09,-0.84,0.07,8.81,-2.07,-4.43,0.06,-0.42,-0.29,9.22,-1.54,-3.27,0.1,-0.65,-0.36,9.33,-1.12,-2.48,-0.1,-0.41,-0.18,8.99,-0.27,-3.4,0.03,-0.07,-0.31,9.26,-0.71,-2.68,0.0,-0.02,-0.22,9.39,-0.17,-2.12,0.2,0.35,-0.02,9.35,-0.69,-2.77,0.12,0.65,-0.11,9.28,-0.86,-1.7,0.1,0.22,-0.11,9.65,-0.98,-0.99,0.09,0.09,-0.18,9.68,-0.9,-1.44,-0.15,0.12,-0.06,9.75,-0.53,-1.6,-0.12,-0.03,0.01,9.7,-0.67,-1.19,-0.13,-0.18,-0.1,9.86,-0.38,-0.8,-0.07,-0.09,0.25,9.85,-0.59,-0.86,-0.17,-0.08,0.3,9.67,-0.34,-1.29,-0.03,-0.02,0.05,9.62,-0.74,-1.37,0.05,-0.06,-0.01,9.61,-0.62,-1.37,-0.06,-0.08,-0.08,9.6,-0.51,-1.29,-0.18,0.06,0.03,9.64,-0.93,-0.99,-0.1,-0.22,0.02,9.75,-0.87,-1.44
0.39,-2.54,0.55,5.22,-2.3,-7.16,0.86,-1.67,1.83,-1.95,-2.81,-19.36,-1.08,6.41,-0.03,-5.53,-7.65,-23.78,-2.38,5.87,-1.08,-3.72,-5.84,3.9,-0.55,4.75,-0.2,17.07,1.13,21.73,-0.44,1.51,1.04,22.82,2.26,31.98,0.67,-1.71,0.52,21.56,-2.1,24.21,1.1,-2.79,0.02,12.6,-2.55,9.46,0.81,-2.7,-0.1,8.32,-1.03,3.02,0.69,-2.36,0.42,6.26,-0.96,-1.63,0.13,-1.74,0.97,6.32,-2.0,-3.28,-0.22,-1.06,0.28,6.58,-3.26,-4.23,0.1,-1.16,0.16,6.77,-2.99,-3.58,0.22,-0.92,0.31,6.83,-2.49,-4.84,-0.01,-0.48,0.64,7.53,-3.43,-4.92,0.12,-0.14,0.35,7.73,-3.53,-4.39,0.06,-0.03,0.18,8.5,-3.62,-3.43,0.02,0.04,0.18,8.67,-3.97,-3.07,-0.07,0.01,0.13,8.88,-3.52,-2.31,-0.05,-0.3,0.03,9.06,-3.39,-1.78,-0.25,-0.29,0.05,9.37,-3.35,-2.49,-0.27,0.16,-0.05,9.26,-3.07,-2.21,-0.18,0.04,-0.27,9.24,-3.16,-2.01,0.03,-0.19,-0.21,9.08,-2.71,-1.55,-0.14,0.04,0.28,9.01,-2.6,-2.77,-0.07,-0.07,0.07,8.98,-2.72,-2.09,0.12,-0.31,-0.11,8.94,-2.7,-2.53,0.05,0.02,0.13,8.91,-2.64,-3.1,-0.02,0.0,0.03,9.01,-2.99,-2.69,-0.1,-0.29,-0.1,9.04,-2.7,-2.27
0.82,2.16,-0.64,-3.83,-2.21,-20.99,-0.5,8.53,-0.5,-6.81,-1.54,-17.32,-0.79,10.94,-1.25,-6.03,-3.81,-0.66,-0.72,9.47,-0.59,0.91,-0.94,28.16,-0.29,0.66,0.81,15.17,0.87,39.54,-0.69,-2.13,0.95,15.49,-3.83,29.51,0.56,-3.65,-0.22,11.34,-5.48,15.81,0.58,-3.68,-0.57,7.79,-3.54,7.59,0.56,-3.24,-0.13,5.37,-1.45,1.73,0.41,-2.68,0.2,5.28,-1.74,-1.41,0.03,-2.0,0.22,6.09,-2.35,-3.34,0.4,-1.09,-0.02,7.25,-1.97,-3.41,0.09,-1.02,0.1,7.6,-1.53,-2.63,-0.12,-0.63,0.15,8.04,-1.85,-3.07,-0.02,-0.19,0.18,8.77,-2.38,-2.43,-0.04,-0.1,-0.1,9.39,-2.85,-1.33,0.08,-0.15,0.15,9.58,-2.69,-0.9,0.14,-0.12,-0.1,9.26,-2.41,-1.03,0.25,0.02,-0.08,9.51,-2.1,-0.76,0.24,0.03,-0.04,9.4,-2.0,-0.52,-0.05,-0.03,0.13,9.53,-2.19,-0.57,-0.29,-0.15,0.05,9.6,-2.3,-0.52,0.05,-0.27,-0.12,9.63,-2.06,-0.22,0.21,-0.46,-0.26,9.5,-2.07,-0.83,-0.03,-0.29,-0.01,9.34,-1.79,-1.4,0.02,-0.23,-0.06,9.4,-2.0,-1.28,0.09,-0.03,0.03,9.43,-1.74,-1.21,-0.17,-0.12,-0.11,9.46,-2.18,-1.18,-0.16,-0.21,-0.12,9.52,-1.82,-0.94,-0.3,-0.04,0.08,9.48,-1.93,-1.28
-1.73,-4.12,-0.3,1.32,-5.49,-11.85,-0.61,0.13,-1.85,-7.08,-3.44,-24.8,-2.19,8.72,0.52,-10.25,1.11,-24.47,1.21,9.0,-2.23,0.38,-8.57,27.03,-0.7,1.98,-0.12,17.92,9.49,34.57,-0.26,0.5,2.12,21.61,1.06,25.43,0.46,-1.63,0.25,18.48,-3.34,17.49,0.7,-1.97,-0.44,12.04,-2.98,8.83,0.56,-1.71,-0.15,7.51,-0.49,3.1,0.1,-1.67,0.32,6.39,-0.86,0.74,0.17,-1.88,0.04,6.84,-1.93,-0.08,0.14,-1.58,-0.13,6.77,-1.15,-2.96,0.03,-1.02,0.09,7.06,-0.95,-3.68,0.11,-0.71,-0.17,7.64,-1.33,-3.3,0.16,-0.37,-0.12,8.21,-0.58,-3.47,-0.07,-0.05,0.31,8.58,-1.05,-3.24,0.12,0.09,-0.04,9.13,-1.25,-2.06,0.01,-0.03,-0.12,9.45,-1.17,-1.6,0.19,0.02,0.09,9.43,-1.16,-1.41,0.24,0.12,0.02,9.8,-1.01,-1.1,0.04,-0.05,0.02,9.8,-0.99,-0.58,0.12,-0.18,0.0,9.78,-0.84,-0.55,0.09,-0.05,0.19,9.75,-1.03,-0.77,0.21,-0.01,-0.17,9.93,-1.1,-0.28,-0.01,-0.24,-0.02,9.78,-0.96,-0.67,0.05,-0.23,-0.03,9.88,-1.0,-1.14,-0.15,0.0,0.03,9.52,-0.94,-1.52,-0.3,-0.12,-0.29,9.63,-1.51,-1.49,-0.39,-0.29,-0.18,9.36,-0.97,-1.74,-0.58,-0.18,0.11,9.18,-0.43,-2.37
-0.88,7.24,0.01,-1.64,-2.39,-15.96,-1.43,11.33,0.48,-4.27,-4.03,-4.68,0.93,4.93,-2.02,7.5,0.43,34.62,-0.88,0.42,0.65,13.77,6.57,35.53,-0.42,-2.51,0.9,14.5,-0.52,25.5,0.04,-3.66,0.32,11.14,-1.98,15.45,0.38,-3.4,-0.39,6.77,-1.0,3.92,0.37,-2.89,-0.17,5.68,-0.05,0.06,0.36,-2.2,0.14,6.32,-0.41,-2.58,0.44,-1.53,-0.05,7.09,-0.83,-3.44,0.36,-1.06,-0.1,7.61,-1.1,-2.86,0.36,-0.98,-0.19,7.89,-0.4,-2.61,0.21,-0.48,0.12,8.18,0.09,-3.02,0.04,-0.21,0.2,8.79,-0.39,-2.07,0.07,0.07,0.32,9.24,-0.45,-1.63,0.23,0.23,0.28,9.41,-0.78,-1.39,0.5,0.29,0.02,9.81,-1.07,-0.64,0.83,0.23,-0.26,9.81,-1.28,-0.25,1.01,0.21,-0.36,9.71,-1.17,-0.15,0.61,0.18,-0.25,9.76,-0.79,0.0,0.29,0.28,-0.19,9.56,-0.54,0.0,0.14,0.4,-0.19,9.71,-0.73,0.22,0.08,0.97,-0.2,9.61,-0.26,0.4,-0.41,1.28,0.15,9.49,-0.22,0.49,-0.67,1.5,0.23,9.46,-0.63,1.01,-0.37,1.45,0.07,9.54,-0.95,1.84,0.1,1.48,0.05,9.43,-0.75,2.07,-0.12,1.69,0.27,8.63,-0.49,1.74,0.15,1.86,0.22,8.81,-0.51,2.51,0.41,0.99,-0.16,9.82,-1.11,4.75
-0.76,1.67,0.67,12.07,-0.97,4.51,1.73,1.32,0.92,16.49,-3.12,-0.09,0.96,2.06,-0.3,15.39,-9.52,-7.46,-1.49,3.52,-2.35,6.85,-8.11,-8.8,-0.42,4.38,-1.49,-0.25,0.95,3.2,-0.38,4.25,-0.24,-15.05,5.56,17.91,-2.51,3.31,0.69,-20.57,4.62,32.43,0.53,-1.47,0.62,-9.41,-1.79,33.4,0.95,-2.78,0.21,-5.5,-3.21,16.02,0.19,-2.56,0.32,-2.03,-1.81,6.66,0.2,-1.99,0.51,2.17,-1.4,3.36,-0.08,-1.29,0.81,4.86,-2.15,3.59,-0.13,-1.0,0.77,6.62,-3.09,4.71,-0.68,-0.87,0.12,6.79,-3.27,5.58,-0.03,-0.67,-0.19,6.62,-2.9,5.57,0.11,-0.09,-0.1,6.04,-1.79,6.47,-0.09,-0.06,0.04,5.63,-1.51,7.63,-0.05,-0.11,0.12,4.9,-1.8,8.31,-0.0,0.02,-0.07,4.85,-1.73,8.19,0.02,0.07,0.01,4.96,-1.52,8.6,0.03,-0.06,-0.03,4.56,-1.89,8.44,-0.05,0.11,-0.14,4.87,-1.24,7.89,0.03,0.21,-0.02,4.45,-1.7,8.43,0.06,0.11,-0.03,4.52,-2.05,8.67,0.01,0.13,-0.18,4.24,-1.51,8.25,0.09,0.33,-0.03,4.39,-1.33,8.5,-0.08,0.23,0.11,4.27,-1.68,8.75,0.02,0.25,0.05,4.11,-1.68,8.68,0.02,0.16,-0.12,3.99,-1.44,9.08,0.05,0.02,0.03,4.03,-1.24,9.1
2.46,1.47,0.95,19.29,-4.72,-1.41,2.35,2.34,-0.62,14.97,-10.34,-5.53,-0.31,2.47,-2.47,4.72,-7.4,-4.7,-0.73,2.75,-2.24,-11.29,4.1,8.87,-0.42,2.92,-0.35,-23.57,9.94,20.1,-1.14,2.08,0.64,-16.13,2.02,31.9,0.47,-1.37,0.21,-7.46,-2.54,25.35,0.58,-2.54,-0.03,-5.0,-2.7,14.1,0.1,-2.02,0.03,-2.16,-1.0,6.54,0.01,-1.5,0.45,0.59,-1.11,4.94,-0.38,-0.84,0.58,2.74,-1.57,5.14,-0.36,-0.37,0.53,4.61,-1.73,6.03,-0.21,-0.47,0.44,5.53,-1.95,7.28,-0.07,-0.45,-0.08,5.36,-1.72,7.4,-0.08,-0.22,-0.03,4.54,-1.43,8.3,-0.2,-0.37,-0.09,3.4,-1.22,9.17,-0.0,-0.23,0.13,2.77,-0.71,9.02,0.12,-0.19,-0.19,2.56,-0.93,8.84,0.01,-0.09,-0.01,2.96,-0.8,8.75,-0.02,-0.01,0.09,3.23,-0.76,8.89,0.24,-0.07,0.03,3.14,-1.06,9.2,0.16,-0.09,0.07,3.23,-1.43,9.06,-0.05,0.02,-0.16,2.91,-0.8,9.08,0.12,-0.04,-0.08,2.89,-0.56,9.11,0.07,0.06,-0.15,3.04,-0.73,9.18,-0.03,0.01,-0.15,2.84,-1.03,9.44,-0.0,-0.07,-0.22,2.62,-0.88,9.59,0.06,0.02,-0.02,2.51,-0.51,9.46,0.25,0.11,0.07,2.59,-0.74,9.22,-0.01,-0.1,-0.0,2.76,-0.92,9.55
-0.49,-2.15,-1.49,13.1,-5.09,-8.3,-1.51,-1.58,-2.26,2.02,-5.17,-7.84,-1.78,2.86,-1.2,-10.57,-1.23,7.57,-1.62,3.16,0.75,-8.83,6.09,33.23,-0.92,-1.16,1.67,5.65,-4.27,38.39,0.89,-3.52,0.15,6.49,-4.18,23.61,1.78,-2.98,-0.24,4.95,-2.69,12.43,1.28,-2.65,-0.01,4.72,-1.93,6.44,1.08,-2.42,0.01,5.36,-1.78,3.1,0.66,-1.51,-0.01,7.08,-1.34,1.94,0.64,-1.19,0.03,7.29,-0.79,2.26,0.6,-1.24,0.31,7.3,-0.45,2.76,0.41,-0.96,0.11,7.65,-0.29,2.38,0.45,-0.62,-0.03,8.35,-0.54,2.73,0.23,-0.5,0.15,8.65,-0.01,2.75,-0.03,-0.18,0.34,8.58,-0.45,2.76,0.0,0.06,0.32,8.8,-0.52,3.21,-0.29,-0.01,0.61,9.13,-0.86,3.47,-0.23,-0.12,0.48,9.04,-0.98,3.28,-0.12,0.04,0.16,8.78,-1.07,3.33,0.14,-0.09,0.05,9.03,-1.02,3.39,0.03,-0.21,-0.1,8.94,-0.4,3.54,0.05,-0.3,0.14,8.69,-0.49,3.22,-0.12,-0.09,0.07,9.07,-0.88,3.67,0.17,-0.39,-0.03,9.26,-0.39,3.86,0.12,-0.44,-0.01,8.93,-0.56,3.12,0.16,-0.2,-0.15,8.95,-0.72,3.06,0.05,-0.15,0.33,9.1,-0.44,3.35,-0.15,-0.23,0.33,8.96,-0.44,3.52,-0.23,0.08,0.25,9.08,-1.15,3.55
-1.0,2.37,-1.28,3.17,-6.0,-15.72,-2.02,5.36,-1.56,2.28,-2.01,-2.33,-1.82,4.53,-0.96,0.51,-0.89,9.68,-2.5,4.19,0.37,6.17,6.17,39.1,0.14,-1.18,1.69,12.8,0.71,39.54,1.76,-4.47,-0.03,11.37,-5.29,29.36,2.01,-4.85,-0.47,3.69,-3.18,4.96,1.59,-4.24,-0.32,2.2,-2.9,-1.77,0.72,-2.56,0.27,4.45,-2.05,-6.53,0.32,-1.72,0.33,6.1,-2.33,-6.3,-0.18,-1.29,0.3,7.81,-1.5,-4.21,0.03,-0.97,0.07,8.3,-1.12,-4.0,-0.08,-0.42,0.07,9.44,-1.14,-3.02,-0.09,-0.37,-0.31,9.94,-1.37,-1.78,-0.15,-0.52,-0.3,9.71,-0.73,-1.22,-0.07,-0.43,-0.32,9.64,-0.27,-1.3,-0.01,-0.62,-0.13,9.61,0.13,-0.53,-0.15,-0.72,-0.45,9.35,-0.28,-0.93,1.51,-1.15,0.8,8.9,1.6,-0.31,0.93,-1.36,0.92,8.84,1.1,-0.92,-0.07,-0.42,0.12,10.09,-1.4,-2.09,-0.03,-0.32,-0.19,8.77,-1.29,-2.08,-0.74,-0.16,0.11,9.45,-1.3,-1.08,0.16,-1.09,-0.13,9.02,-1.31,-1.63,0.01,-0.69,0.24,9.04,-0.8,-3.5,-0.13,-0.33,0.23,8.86,-0.47,-3.75,-0.01,-0.42,0.11,8.76,-0.48,-3.31,-0.4,-0.53,-0.04,8.79,-0.98,-3.13,-0.15,-0.74,-0.16,8.7,-1.08,-3.45,-0.13,-0.73,-0.29,9.11,-1.04,-4.07
-1.69,8.27,-1.4,-9.27,-8.19,-27.25,-2.46,10.51,-1.53,-10.39,-6.41,-2.33,-1.63,6.86,-1.33,5.3,7.9,31.89,-1.87,1.77,2.88,18.94,13.1,39.54,-0.64,-2.36,2.26,20.03,-1.91,34.23,0.64,-3.68,-0.01,10.91,-4.92,11.53,0.78,-3.66,-0.25,5.83,-2.38,2.89,0.31,-2.73,0.3,4.39,-0.88,-3.5,0.06,-1.88,0.28,5.49,-2.36,-5.81,-0.12,-1.11,0.2,6.08,-2.61,-5.87,-0.12,-0.59,0.03,6.87,-1.86,-5.24,-0.01,-0.3,0.16,7.77,-1.49,-5.19,0.11,0.16,-0.08,8.72,-1.53,-4.29,0.15,0.19,-0.02,9.21,-1.44,-2.15,0.13,-0.15,-0.18,9.89,-1.24,-0.7,0.24,-0.07,-0.2,9.93,-1.23,-0.79,0.19,-0.05,-0.13,9.69,-0.64,-1.14,-0.0,-0.06,0.1,9.6,-1.27,-0.93,0.44,0.01,-0.23,9.63,-1.12,-1.37,0.54,-0.12,-0.57,9.52,-1.23,-1.52,0.37,-0.03,-0.7,9.75,-0.82,-1.6,0.23,-0.25,-0.21,9.67,-0.68,-1.51,0.17,-0.09,-0.22,9.91,-0.8,-2.03,0.14,0.22,-0.22,9.6,-0.47,-1.86,-0.08,0.23,0.28,9.62,-0.28,-1.25,0.07,0.0,-0.01,9.93,-0.3,-0.86,-0.05,0.03,0.22,9.9,-0.9,-1.35,0.11,0.07,-0.03,9.59,-0.64,-1.43,0.02,-0.05,-0.1,9.47,-0.45,-1.68,0.01,-0.18,0.09,9.46,-0.88,-1.83
-0.6,-2.85,0.24,0.96,-4.84,-12.08,-1.18,1.48,-0.26,-5.07,-8.22,-29.72,-2.29,10.13,-0.95,-12.05,-4.85,-13.33,-1.8,6.87,-1.48,-3.75,-3.09,18.37,-1.29,4.64,1.06,13.27,7.09,36.05,-0.5,0.27,1.06,21.84,-1.86,39.23,0.59,-2.15,-0.13,17.29,-3.66,24.12,1.08,-2.83,-0.55,8.74,-1.29,10.76,0.79,-2.64,-0.09,5.76,-0.04,4.36,0.42,-2.3,0.2,5.55,-1.18,0.44,0.23,-1.91,0.31,5.93,-0.89,-1.74,0.09,-1.62,0.62,6.59,-0.96,-2.31,0.26,-1.41,0.45,7.02,-1.02,-3.36,0.06,-0.79,0.42,7.68,-0.83,-4.13,0.14,-0.5,0.4,8.23,-0.98,-3.5,0.18,-0.24,0.38,8.76,-1.48,-2.68,-0.1,-0.06,0.34,9.37,-1.79,-1.61,-0.03,-0.12,0.24,9.52,-1.76,-1.06,0.12,-0.07,0.28,9.55,-1.74,-1.28,-0.01,0.09,0.13,9.28,-1.66,-1.38,-0.61,0.15,0.47,9.4,-1.88,-1.17,-0.75,0.13,0.44,9.35,-2.09,-0.65,-0.27,-0.08,0.02,9.74,-1.79,0.18,-0.16,-0.27,0.1,9.93,-1.57,0.26,-0.14,-0.17,0.18,9.6,-1.63,-0.38,0.15,0.08,0.16,9.55,-2.28,-1.09,-0.13,0.06,0.04,9.32,-2.15,-0.4,-0.16,-0.12,-0.1,9.35,-2.01,-0.64,0.17,-0.08,0.14,9.45,-2.19,-0.57,0.33,-0.22,0.16,9.57,-2.19,-0.34
0.42,-2.52,0.09,3.73,-1.76,-7.07,0.64,-2.22,0.76,-1.61,-1.88,-12.46,-0.08,3.51,0.62,-2.93,-2.32,-21.81,-0.79,9.62,0.37,-5.7,-2.2,-14.79,-0.88,9.77,0.04,-4.11,-7.92,12.54,1.27,6.92,-1.68,10.29,-1.46,25.19,0.0,0.0,0.0,0.0,0.0,0.0,0.0,0.0,0.0,0.0,0.0,0.0,0.06,-3.05,0.12,16.08,-9.43,22.83,0.0,0.0,0.0,0.0,0.0,0.0,0.39,-2.99,-0.66,4.54,-2.69,4.51,-0.09,-2.68,-0.23,2.75,-1.91,-1.19,-0.22,-1.6,0.14,4.25,-1.91,-4.57,-0.13,-0.92,0.1,6.11,-2.02,-4.37,0.1,-1.13,0.06,7.5,-2.88,-3.55,0.26,-1.12,-0.41,7.6,-2.67,-3.88,0.14,-0.64,-0.29,8.11,-2.06,-4.12,-0.11,0.09,0.14,8.78,-2.03,-1.87,0.22,0.03,0.13,9.24,-2.59,-0.35,0.26,-0.21,-0.18,9.59,-2.17,-0.09,0.25,0.07,0.02,9.28,-1.79,-0.3,0.17,-0.03,-0.14,9.48,-1.54,0.03,0.57,-0.04,-0.03,9.36,-1.77,0.04,0.49,-0.05,-0.02,9.45,-2.56,-0.22,0.15,-0.34,-0.31,9.85,-2.53,-0.25,0.26,-0.37,-0.21,9.06,-2.61,-0.3,-0.37,-0.1,0.0,11.07,-2.28,-1.64,-0.13,-0.06,0.16,9.53,-2.16,-0.06,-0.16,-0.19,0.16,9.58,-2.42,-0.11,-0.07,-0.3,0.09,9.56,-2.59,0.21
-1.03,7.81,0.26,-7.68,-2.12,-11.05,-0.25,7.39,-0.44,-2.67,-6.69,10.84,0.0,5.23,-0.26,6.6,-1.5,28.8,-0.97,0.96,2.47,17.83,-5.01,38.87,0.11,-2.13,0.51,16.72,-10.51,23.84,0.47,-2.69,-0.84,11.52,-8.62,12.85,0.47,-2.99,-1.04,5.5,-2.7,5.85,0.15,-2.66,-0.26,4.23,-1.49,1.52,0.1,-2.13,-0.03,4.93,-2.23,-1.17,0.11,-1.35,-0.01,6.39,-2.42,-2.46,0.1,-1.15,0.09,6.96,-2.38,-2.6,0.0,-0.69,-0.02,7.38,-2.08,-2.42,-0.09,-0.4,0.06,8.14,-2.42,-1.9,0.07,-0.15,0.11,8.8,-2.7,-0.58,0.05,-0.39,0.22,9.24,-2.98,0.15,0.14,-0.19,0.06,9.2,-2.87,0.09,0.19,-0.08,0.37,9.19,-2.9,-0.25,0.14,-0.09,-0.03,9.1,-2.85,-0.32,0.35,-0.2,0.03,8.95,-2.62,-0.6,0.02,-0.29,0.02,8.48,-2.46,-0.83,0.0,0.13,0.18,8.97,-2.72,-0.57,0.02,-0.03,-0.12,9.32,-3.17,0.7,0.1,-0.23,0.11,9.52,-2.88,0.78,-0.07,-0.33,0.12,9.5,-2.99,0.85,-0.02,-0.21,0.03,9.41,-3.0,0.81,0.18,-0.26,0.02,9.42,-3.26,0.78,-0.11,-0.35,-0.02,9.31,-3.36,0.13,-0.13,-0.22,0.08,9.27,-3.25,0.05,0.12,-0.24,-0.04,9.17,-3.22,-0.1,0.0,-0.26,-0.04,8.97,-3.02,-0.58
-0.93,-1.56,-1.05,-2.28,-2.76,-17.88,-1.44,7.33,0.53,-2.5,-0.17,-21.0,-1.9,12.36,1.12,-7.48,-4.08,-2.71,1.86,4.7,-1.53,5.36,-7.41,39.38,-0.58,0.55,1.41,17.19,-0.33,34.28,0.46,-1.7,0.48,14.97,-6.85,26.05,0.58,-3.07,-0.7,9.82,-4.85,13.24,-0.01,-3.61,-0.61,5.73,-1.4,7.04,-0.21,-3.13,-0.26,4.25,-0.27,1.77,-0.18,-2.11,-0.03,4.77,-1.22,-2.32,-0.07,-1.46,-0.04,5.71,-1.42,-3.3,-0.02,-0.82,0.06,6.7,-1.84,-2.84,0.22,-0.39,0.0,7.27,-1.81,-2.02,0.11,-0.13,0.37,8.01,-1.71,-0.71,0.09,-0.16,0.26,8.97,-2.88,0.63,0.12,-0.22,0.39,9.36,-2.76,1.02,-0.04,-0.09,0.3,9.54,-2.94,1.3,-0.08,-0.2,0.25,9.65,-3.36,2.21,0.36,-0.5,0.44,9.36,-2.39,2.03,0.44,-0.51,0.88,8.99,-2.34,1.35,0.16,-0.53,0.46,8.81,-3.84,0.49,0.28,-0.37,0.18,8.95,-3.37,0.06,0.11,-0.29,0.44,8.92,-3.14,-0.09,-0.05,-0.37,0.21,8.94,-3.8,0.5,0.46,-0.61,0.15,9.03,-2.64,0.9,0.4,-1.17,0.32,8.5,-1.68,0.49,-0.42,-1.09,0.8,8.06,-2.35,-1.14,0.18,-0.29,1.74,7.92,-2.16,-1.4,-0.03,0.01,2.86,8.91,-3.96,-0.58,0.25,-0.4,2.88,8.71,-7.51,1.35
0.76,-0.62,2.06,8.01,-8.48,0.88,-0.04,-1.32,2.36,7.19,-8.16,0.93,0.47,-0.72,1.65,7.21,-9.03,-1.07,0.62,-0.61,1.78,6.09,-5.89,-2.8,-1.2,0.82,2.31,3.64,-4.96,-1.29,-1.25,2.66,2.32,4.15,-7.85,-0.76,0.52,-1.19,0.63,2.49,-8.74,-3.21,0.0,0.0,0.0,0.0,0.0,0.0,0.0,0.0,0.0,0.0,0.0,0.0,0.0,0.0,0.0,0.0,0.0,0.0,-1.55,10.09,2.27,-9.73,-1.99,12.15,2.17,2.52,2.32,-0.36,-11.15,28.42,-0.47,2.07,2.65,5.76,-15.16,25.44,0.95,-2.04,-1.31,7.74,-14.02,21.31,0.48,-2.74,-1.3,2.14,-8.95,9.69,0.33,-1.99,-0.26,0.99,-6.8,4.4,0.49,-1.67,0.84,1.35,-7.39,4.59,0.39,-1.62,1.08,1.37,-8.98,2.33,-0.4,-1.16,1.24,1.46,-9.56,-0.22,-0.5,-0.66,1.19,1.4,-10.97,-0.65,-0.11,-1.29,0.45,1.4,-10.79,-0.52,-0.3,-0.89,0.49,1.28,-9.09,-1.8,-0.59,0.24,1.37,0.53,-10.39,-2.1,0.03,0.21,0.83,1.55,-10.6,-0.35,0.53,0.47,0.23,1.05,-9.83,-0.64,-0.02,0.56,-0.05,0.77,-10.4,-0.17,-0.86,1.3,0.02,-0.08,-9.28,-1.78,-0.04,1.29,0.55,1.27,-9.09,-0.89,-0.14,0.51,0.47,1.11,-8.32,1.53,-0.54,0.28,1.14,0.51,-8.92,0.66
-1.07,0.77,1.58,-0.08,-9.81,0.27,0.12,1.02,0.75,-0.56,-9.48,-0.33,1.08,0.69,-0.16,-0.35,-9.73,1.23,3.5,-1.7,-0.83,-1.13,-8.75,-0.84,1.31,-0.7,-1.75,-0.19,-6.04,4.18,0.71,0.6,-0.58,0.73,-8.93,3.04,-0.02,-0.09,-0.07,1.62,-9.43,3.13,-0.02,-0.34,-0.14,1.45,-9.31,2.94,-0.39,0.12,0.17,0.15,-9.88,2.55,-0.81,0.38,0.87,0.42,-10.26,2.13,-0.32,-0.34,-0.4,1.2,-13.5,-3.14,-1.3,-1.25,-3.73,-2.88,-18.65,-20.3,0.51,-0.09,-3.06,-9.93,-12.8,-18.64,1.5,3.07,-0.86,-8.81,-3.94,-2.46,-0.08,2.4,0.31,4.96,-1.01,23.44,0.14,0.5,0.36,11.68,-3.21,28.16,-0.39,-1.4,0.38,10.92,-6.6,23.04,-0.67,-2.36,-0.27,2.39,-8.51,11.11,-0.25,-1.53,0.36,0.35,-8.29,6.37,-0.51,-1.47,0.97,1.15,-9.18,3.26,-0.58,-1.44,0.1,0.72,-9.63,0.89,-0.23,-0.88,0.38,0.43,-8.76,-0.83,-0.17,-0.07,0.88,0.86,-7.66,-0.16,-0.1,-0.56,0.62,0.97,-9.14,-1.47,0.08,-0.81,-0.18,1.86,-9.81,-1.43,0.34,-0.59,0.41,1.53,-9.66,-1.02,0.21,-0.02,0.65,0.42,-8.8,-0.52,0.21,0.08,0.37,1.38,-10.75,0.88,0.28,0.11,0.09,0.62,-8.87,0.86,0.14,0.22,-0.18,1.16,-10.54,1.6
-2.37,-1.66,-1.28,-6.97,-11.87,-17.69,-0.37,2.54,0.62,-11.81,-5.5,-17.96,2.98,6.54,-0.83,-6.13,-7.4,2.0,1.38,3.93,-1.66,2.63,-5.82,22.62,0.65,1.71,-0.17,11.17,-6.29,30.16,-0.26,-2.01,-0.65,8.41,-5.72,17.03,-0.57,-2.37,-0.15,1.56,-7.6,9.86,-0.66,-1.59,0.83,0.55,-8.3,5.38,-0.59,-1.53,0.75,0.82,-8.75,1.85,-0.55,-0.97,0.6,0.55,-8.63,-0.35,-0.5,-0.58,1.03,1.32,-10.42,-1.24,-0.4,-0.5,0.37,1.79,-10.14,-1.44,-0.25,-0.43,0.25,1.84,-9.04,-1.36,-0.2,-0.19,0.3,2.63,-8.0,-1.46,-0.04,-0.16,0.01,2.24,-8.17,-1.27,0.2,-0.15,0.0,2.06,-8.9,0.0,0.09,-0.1,-0.24,2.02,-9.01,0.06,0.32,0.01,0.01,1.96,-9.47,0.2,0.02,0.07,-0.06,2.06,-9.72,0.89,0.16,-0.09,0.01,2.01,-9.66,1.49,-0.01,0.02,0.1,2.02,-9.76,1.5,0.12,0.24,0.33,2.09,-9.08,1.43,-0.1,0.25,-0.08,1.47,-9.38,1.51,0.08,0.23,0.07,2.41,-9.56,1.69,0.07,-0.05,0.24,2.44,-9.88,1.77,-0.08,-0.16,-0.23,1.65,-10.09,2.02,0.05,0.4,-0.22,1.57,-9.44,1.95,0.37,0.97,-0.01,1.24,-9.12,2.95,0.66,1.49,-0.01,1.14,-9.05,2.37,0.74,1.63,-0.21,2.39,-8.9,1.53
2.45,4.79,0.72,-8.71,-2.24,-18.56,3.37,5.6,2.2,0.31,-2.15,1.43,1.05,2.01,0.66,-2.52,-3.8,27.23,0.64,-0.03,0.18,3.86,-7.9,31.41,-0.51,-2.79,-1.05,5.12,-11.4,23.85,-1.26,-3.16,-0.87,-2.34,-10.89,11.91,-0.81,-1.65,-0.73,-1.75,-10.0,6.83,-0.62,-1.15,-0.49,0.74,-8.69,3.41,-0.68,-1.21,-0.09,0.51,-9.39,1.87,-0.77,-0.69,-0.1,0.9,-9.41,0.24,-0.38,-0.36,0.23,2.78,-8.59,-0.04,-0.51,-0.69,-0.2,2.42,-9.32,0.09,-0.54,-0.76,-0.24,2.27,-7.63,-0.21,-0.24,-0.4,0.03,2.58,-7.66,-0.07,-0.47,-0.53,-0.11,1.88,-8.53,0.53,-0.46,-0.94,-0.62,0.84,-7.48,0.27,-0.1,-0.06,-1.39,6.95,-11.56,-5.9,0.46,0.28,1.64,5.87,-7.03,2.63,0.17,-0.8,-0.03,0.49,-9.56,1.4,0.31,0.39,-0.24,3.37,-8.37,1.22,0.23,0.1,0.42,3.29,-9.67,1.71,0.11,-0.24,-0.36,2.85,-10.0,1.23,0.07,-0.21,-0.01,2.44,-9.12,0.88,0.13,0.03,0.18,2.29,-8.64,1.23,0.37,0.17,-0.13,2.58,-9.15,2.15,0.18,0.03,0.14,2.97,-9.39,2.87,0.2,-0.08,0.22,2.85,-9.31,3.05,-0.02,0.1,0.05,2.58,-9.88,2.81,-0.27,-0.06,0.07,2.78,-9.76,2.48,-0.21,-0.33,-0.08,3.1,-8.85,2.42
2.36,-0.2,-1.53,-13.25,-1.14,-18.56,3.06,4.38,-1.67,-5.34,-2.4,-4.23,2.68,4.08,0.74,5.14,-1.32,19.93,1.09,0.67,0.15,13.37,-9.97,33.09,-0.84,-1.11,0.6,8.56,-14.99,23.91,-1.49,-1.45,0.15,3.32,-13.17,13.25,-1.38,-1.08,-0.02,1.9,-10.15,7.69,-1.57,-1.3,-0.43,1.43,-8.3,3.02,-1.57,-1.46,-0.29,0.81,-7.61,0.59,-1.63,-1.07,-0.05,0.93,-6.88,-1.1,-1.08,-0.66,0.04,1.35,-6.69,-2.1,-0.81,-0.47,0.17,1.72,-6.43,-3.08,-0.39,-0.63,0.34,1.48,-7.63,-5.48,0.2,-0.6,-0.05,-0.83,-6.7,-6.94,1.08,0.26,-0.26,-1.14,-6.47,-5.76,1.25,0.93,-0.14,0.62,-7.4,-0.38,0.91,1.08,-0.03,3.96,-8.18,7.61,0.74,0.63,0.35,6.71,-9.72,9.99,0.09,-0.16,0.1,5.58,-11.41,8.54,-0.07,-0.35,-0.26,3.91,-10.93,6.33,-0.45,-0.28,0.15,2.86,-9.83,4.27,-0.3,-0.21,0.21,2.26,-9.14,2.34,-0.22,-0.09,0.04,1.55,-8.99,1.76,-0.37,0.21,0.11,1.9,-9.16,2.04,-0.19,0.12,0.14,2.12,-8.92,2.21,-0.2,0.3,-0.04,2.64,-9.17,3.07,-0.42,0.21,0.13,3.5,-9.45,3.03,-0.94,-0.12,-0.04,3.89,-9.39,-1.6,-1.27,-1.0,-0.53,-2.37,-6.93,-13.48,1.92,-0.9,-1.82,-14.64,4.52,-21.77
1.94,1.02,-1.34,-11.57,-1.11,-15.76,0.0,0.0,0.0,0.0,0.0,0.0,0.0,0.0,0.0,0.0,0.0,0.0,0.0,0.0,0.0,0.0,0.0,0.0,0.0,0.0,0.0,0.0,0.0,0.0,0.0,0.0,0.0,0.0,0.0,0.0,0.0,0.0,0.0,0.0,0.0,0.0,-1.95,-1.41,-0.45,9.03,-17.75,15.79,-1.3,-1.03,-1.02,2.43,-8.05,4.69,-1.22,0.24,-0.71,0.96,-4.92,0.01,-1.65,0.12,-0.26,1.73,-4.65,-4.58,-0.18,-0.26,-0.51,1.73,-3.91,-5.57,0.4,-0.47,-0.22,3.0,-5.68,-3.09,-0.07,-0.39,-0.1,3.95,-8.48,-1.04,-0.0,-0.25,0.52,4.75,-7.15,-0.34,0.41,-0.04,0.33,4.41,-8.09,0.29,-0.0,-0.02,0.09,4.78,-9.16,1.68,-0.18,-0.21,0.13,4.51,-9.18,1.74,-0.13,-0.38,0.01,3.95,-8.52,1.11,-0.12,-0.11,-0.18,3.77,-8.84,0.81,-0.38,-0.07,-0.07,4.27,-8.64,1.11,-0.24,-0.09,-0.23,4.41,-8.83,1.13,-0.15,0.12,-0.47,4.49,-8.66,1.09,-0.11,-0.01,-0.18,4.92,-8.55,0.97,-0.15,0.05,-0.15,4.61,-8.95,0.77,-0.18,-0.03,-0.38,4.79,-8.2,0.33,-0.21,-0.18,-0.15,4.7,-8.13,0.13,-0.2,-0.07,-0.45,4.68,-8.48,-0.14,-0.21,0.03,-0.2,4.51,-8.19,-0.31,-0.05,0.13,-0.15,4.52,-8.0,-0.19
1.46,4.11,-1.76,-4.43,-4.79,-11.94,0.77,6.33,0.1,0.89,-4.46,6.25,0.88,4.12,1.4,10.68,-5.4,26.06,-0.17,-0.15,0.47,20.04,-8.82,32.76,-1.25,-3.69,-1.12,11.69,-9.01,17.71,-1.3,-3.3,-0.45,6.47,-6.31,7.85,-1.0,-2.15,-0.19,4.78,-4.49,2.0,-0.85,-1.89,-0.4,3.91,-4.3,-1.25,-0.55,-1.08,-0.15,3.92,-5.78,-3.62,-0.69,-0.69,0.45,4.79,-6.01,-3.58,-0.47,-0.41,0.03,5.13,-6.08,-3.54,-0.21,-0.35,-0.12,5.56,-6.22,-3.51,-0.33,-0.18,0.27,6.73,-6.33,-2.47,-0.04,-0.29,0.89,6.41,-6.69,-2.05,-0.07,-0.05,0.56,6.06,-6.8,-1.95,0.03,0.36,0.21,6.83,-7.17,-1.54,-0.09,0.06,0.14,6.74,-7.61,-1.41,-0.0,-0.12,-0.24,6.03,-7.34,-1.58,0.15,0.05,-0.41,6.55,-7.45,-1.4,0.04,-0.06,-0.31,6.46,-7.29,-1.11,0.16,0.28,-0.47,6.39,-7.06,-0.96,0.11,0.33,-0.05,6.97,-6.7,-0.75,-0.09,0.22,-0.12,6.92,-6.84,-0.83,-0.0,0.07,0.14,6.95,-6.48,-0.85,0.1,0.21,-0.09,7.03,-6.64,-0.78,0.13,0.15,-0.08,7.01,-6.69,-0.53,0.16,0.08,0.02,6.82,-6.83,-0.37,-0.03,0.1,-0.09,6.83,-6.96,-0.27,0.02,0.19,0.13,7.04,-6.57,-0.32,0.02,0.09,0.16,7.08,-7.16,-0.01
1.76,-0.71,-0.89,-9.99,-4.61,-24.13,1.73,6.39,-2.18,-6.33,-4.63,-12.25,-0.21,5.98,-0.35,8.27,-2.14,23.11,0.24,1.24,-0.2,16.7,-2.26,39.52,-0.1,-2.44,-0.93,13.8,-6.8,25.39,-0.09,-3.45,-0.87,7.04,-5.19,9.16,-0.57,-2.61,-0.27,3.77,-4.68,-0.07,-0.61,-1.3,-0.17,4.1,-5.16,-4.55,-0.41,-0.87,-0.16,4.66,-5.24,-4.7,-0.43,-0.18,0.23,6.1,-4.66,-3.77,-0.48,0.09,0.54,7.67,-5.06,-1.78,-0.34,0.13,0.4,8.25,-4.91,-0.6,-0.27,0.13,0.14,8.47,-5.82,0.28,-0.65,0.15,-0.05,8.58,-5.47,0.97,-0.87,0.06,0.25,8.91,-5.43,0.46,0.04,0.35,-0.5,7.5,-5.57,-0.23,0.29,-0.73,-0.57,8.33,-4.46,0.88,-0.69,-0.1,0.47,8.47,-5.39,-0.76,-1.87,0.93,1.31,6.48,-5.35,-1.84,0.14,0.03,0.01,7.14,-5.47,-0.92,1.0,-1.03,-0.48,8.38,-5.25,0.97,1.14,-0.64,-0.81,7.82,-5.93,-0.61,0.96,0.25,0.27,7.2,-5.71,0.49,0.02,0.86,-0.97,7.86,-6.1,1.74,0.0,0.0,0.0,0.0,0.0,0.0,0.0,0.0,0.0,0.0,0.0,0.0,0.0,0.0,0.0,0.0,0.0,0.0,0.0,0.0,0.0,0.0,0.0,0.0,0.0,0.0,0.0,0.0,0.0,0.0,-0.31,0.1,-0.24,8.37,-4.72,0.8
-1.49,5.76,-0.07,-2.37,-1.18,-18.24,-0.47,7.15,-0.31,-0.05,-4.31,8.29,0.22,4.44,-0.92,8.24,-1.87,28.1,-0.91,0.73,2.14,18.56,0.59,35.59,-0.21,-3.08,0.6,15.88,-9.89,22.5,0.7,-3.22,-1.05,10.13,-5.84,9.02,0.89,-2.9,-1.23,6.34,-1.84,3.56,0.98,-2.15,-0.79,5.0,-1.03,-1.13,0.54,-1.3,-0.29,5.92,-0.97,-3.61,0.13,-0.87,-0.09,7.3,-2.02,-2.87,0.61,-0.96,-0.21,7.37,-2.35,-1.9,0.81,-0.41,-0.23,7.72,-1.65,-1.63,0.45,-0.15,-0.08,8.88,-1.17,-0.57,0.27,-0.32,0.07,9.48,-2.26,0.82,0.44,-0.2,-0.18,9.63,-1.78,0.36,0.22,-0.09,0.0,9.81,-1.85,0.0,0.36,-0.12,-0.0,9.74,-2.08,0.82,0.68,-0.31,-0.37,9.61,-1.89,0.1,0.27,0.31,-0.41,8.91,-0.7,-0.22,0.55,0.79,-0.29,9.15,-0.68,0.06,-0.21,0.29,0.0,9.59,-1.13,1.34,-0.14,-0.45,0.16,10.19,-1.68,1.38,0.03,-0.59,-0.14,9.59,-1.47,0.5,-0.15,-0.41,0.04,9.43,-0.83,-0.49,-0.72,-0.03,0.05,9.29,-1.27,-0.3,-0.17,0.1,-0.14,9.48,-1.09,-0.11,-0.03,-0.15,0.1,9.53,-0.82,0.58,-0.15,-0.28,0.05,9.59,-1.0,0.28,-0.04,-0.13,0.24,9.53,-1.61,0.01,-0.02,-0.16,0.16,9.63,-1.58,0.13
-0.13,-3.35,0.5,5.27,-3.62,-6.3,0.43,-3.72,0.21,-5.32,-6.51,-26.44,-1.06,5.49,-0.9,-12.49,-2.46,-27.42,-2.13,10.17,-0.3,-7.51,-3.73,11.13,-1.17,4.02,-0.81,5.58,0.47,37.97,-1.22,1.41,2.87,19.9,-0.15,33.96,-0.05,-0.68,0.9,19.91,-9.71,24.56,0.27,-1.87,-0.4,13.33,-6.83,12.81,0.78,-1.67,-1.31,7.88,-3.37,5.6,0.37,-1.22,-0.65,6.07,-0.95,1.94,0.08,-1.36,-0.28,6.32,-0.83,0.39,0.14,-1.54,0.01,7.28,-1.56,-1.33,0.2,-1.05,-0.33,7.56,-1.92,-2.21,-0.1,-0.6,-0.5,7.78,-0.55,-1.64,0.14,-0.37,-0.33,8.03,-0.49,-0.24,0.06,-0.22,-0.11,8.28,-0.2,0.23,0.11,-0.16,0.16,8.96,-0.99,1.38,0.35,-0.14,0.07,9.16,-1.51,1.64,0.09,-0.26,0.17,9.53,-1.33,0.74,0.47,0.0,0.06,9.87,-2.1,1.46,0.03,0.07,0.08,9.87,-1.26,0.92,-0.02,-0.18,-0.16,9.74,-1.27,1.07,-0.4,-0.31,0.31,9.49,-1.15,0.58,-0.25,-0.25,0.13,10.2,-1.79,1.39,0.03,-0.31,-0.09,9.88,-1.01,1.45,0.23,-0.45,-0.18,9.62,-0.99,1.04,0.23,-0.34,-0.16,9.64,-1.23,0.67,0.29,-0.31,-0.21,9.59,-1.2,0.61,0.17,-0.1,-0.01,9.63,-0.99,0.72,0.09,-0.19,-0.06,9.51,-0.76,0.69
-0.73,-2.95,-0.21,-4.86,-1.98,-18.52,-2.45,6.98,1.04,-7.81,-2.08,-36.13,-0.03,9.23,-0.87,-5.0,-8.28,14.11,-1.4,2.71,1.3,12.32,3.31,39.54,-0.71,-0.16,2.12,20.46,-2.66,36.45,0.54,-2.42,-0.15,16.08,-7.39,21.04,0.88,-2.6,-0.75,9.43,-4.78,9.45,1.08,-2.18,-0.79,5.12,-1.91,2.83,0.79,-1.6,-0.28,4.94,-0.96,-0.43,0.72,-1.33,-0.0,5.9,-1.24,-1.29,0.41,-1.34,-0.05,7.15,-1.85,-1.51,0.2,-1.2,-0.09,7.79,-1.33,-1.95,0.25,-0.81,0.05,8.21,-1.12,-1.66,0.01,-0.69,0.2,8.89,-1.36,-1.39,0.26,-0.61,-0.17,9.49,-1.74,-0.43,0.14,-0.49,-0.16,9.07,-1.06,-0.45,-0.1,0.02,0.09,9.4,-1.71,-0.09,0.17,-0.1,-0.01,9.57,-1.68,0.6,0.18,-0.35,-0.02,9.61,-1.49,0.43,0.02,-0.06,-0.0,9.82,-1.65,0.21,0.12,-0.25,-0.12,9.92,-2.35,1.01,0.2,-0.41,-0.13,9.67,-1.36,0.29,0.15,-0.5,-0.05,9.63,-1.1,0.15,0.06,-0.34,-0.05,9.48,-1.06,-0.34,0.01,-0.32,-0.09,9.51,-1.35,-0.32,-0.05,-0.33,0.08,9.46,-0.86,-0.62,-0.08,-0.21,0.03,9.48,-0.91,-0.39,0.07,-0.21,0.07,9.49,-0.86,-0.71,-0.01,-0.1,0.02,9.58,-1.19,-0.84,0.03,0.1,0.08,9.32,-0.92,-1.24
-1.03,-2.32,-0.17,4.97,-4.33,-7.36,-1.75,0.13,0.69,1.99,-1.46,-18.3,-1.51,6.98,0.75,-1.34,-3.46,-15.24,-0.63,8.07,-0.48,0.34,-3.46,3.55,-1.48,5.01,1.19,7.31,0.68,23.29,-0.82,-0.5,1.31,13.6,-3.26,30.53,0.08,-2.01,0.92,13.55,-4.96,22.48,0.58,-3.16,0.13,10.27,-5.92,10.06,0.9,-2.84,-0.54,8.18,-4.61,4.54,0.77,-2.64,-0.79,7.14,-3.34,0.93,0.43,-2.05,-0.45,6.7,-2.17,-1.96,0.3,-1.66,-0.33,6.94,-1.89,-2.71,0.62,-1.49,-0.27,7.45,-1.32,-2.68,0.56,-1.21,-0.21,7.52,-1.24,-3.21,0.27,-0.55,-0.12,8.18,-1.35,-3.57,0.27,-0.32,0.06,8.91,-1.51,-2.5,0.3,-0.29,-0.06,9.17,-1.75,-1.82,0.16,-0.12,-0.05,9.32,-1.9,-1.74,0.2,-0.1,-0.06,9.36,-1.95,-1.37,0.17,-0.19,0.03,9.37,-1.89,-1.35,0.28,-0.06,0.07,9.25,-1.59,-1.28,0.53,-0.3,0.46,9.17,-1.71,-1.42,0.52,-0.57,0.49,9.28,-1.64,-0.95,0.18,-0.53,0.67,9.31,-2.14,-1.48,0.23,0.06,0.33,9.43,-2.58,-2.03,0.17,0.33,0.21,9.47,-2.83,-1.44,0.1,0.17,0.04,9.52,-3.12,-0.72,0.12,0.0,0.02,9.41,-2.33,-0.81,0.13,0.07,0.03,9.44,-2.4,-1.32,-0.11,0.03,-0.08,9.38,-3.24,-1.24
1.03,-1.97,0.75,-3.17,-4.54,-11.43,0.48,4.5,-0.55,-9.72,-3.6,-28.95,-2.49,12.14,0.88,-12.37,-0.57,6.16,1.54,3.58,0.27,9.85,-4.86,39.54,-0.9,0.21,3.41,22.49,-3.32,35.09,-0.27,-2.22,1.13,18.55,-15.63,23.6,0.14,-2.54,-1.04,9.14,-8.85,7.58,0.16,-1.88,-1.07,5.09,-4.65,4.1,-0.02,-1.86,-0.59,3.83,-3.01,1.47,-0.06,-1.35,-0.17,4.54,-2.99,-0.44,0.03,-1.22,0.05,5.49,-3.32,-1.37,0.14,-1.0,0.29,6.02,-3.32,-0.77,0.21,-1.17,0.21,6.9,-3.85,-1.15,0.28,-0.58,0.37,7.52,-3.42,-1.54,-0.02,-0.46,0.54,8.0,-3.71,-0.72,0.16,-0.53,0.51,8.31,-4.61,0.37,0.49,-0.53,-0.0,8.34,-4.77,0.36,0.4,-0.23,0.28,8.13,-4.37,0.11,0.02,-0.12,0.7,8.1,-4.73,0.36,0.1,-0.22,0.7,8.11,-5.24,0.49,0.3,-0.02,0.37,7.7,-5.53,0.12,-0.02,0.63,0.57,8.15,-5.29,-0.39,-0.47,0.71,0.74,7.68,-5.5,0.88,-0.28,0.33,0.52,7.9,-5.89,1.32,0.19,0.15,0.12,8.11,-6.04,0.52,-0.19,0.2,0.25,7.68,-5.47,0.78,0.06,0.21,0.24,7.86,-5.63,1.23,0.09,0.11,0.01,7.86,-5.72,1.45,-0.05,0.08,0.17,7.9,-5.7,1.36,-0.31,-0.03,0.54,7.36,-6.04,1.45
0.64,-2.92,-0.22,3.68,-7.43,-4.83,3.1,0.54,-1.17,-6.81,-6.89,-29.07,-0.8,8.74,-0.37,-8.68,-4.82,-20.99,2.71,4.76,-1.65,4.51,0.12,33.33,-0.32,2.13,2.42,12.03,5.5,37.09,-1.43,-0.12,4.06,13.57,-9.3,34.47,-0.79,-2.87,-0.18,6.58,-11.87,13.21,-1.08,-2.43,-0.04,4.19,-7.61,6.28,-0.78,-1.89,-0.01,2.95,-5.25,1.19,-0.59,-1.3,0.27,3.12,-5.57,-0.49,-0.57,-0.69,0.4,4.29,-6.49,-1.27,-0.3,-0.49,0.54,4.47,-7.0,0.15,0.24,-0.69,0.69,3.25,-7.78,1.13,-0.31,-0.47,0.2,4.98,-7.02,0.01,0.15,-0.28,0.43,5.38,-7.52,0.16,0.17,-0.12,0.15,5.49,-7.85,0.73,0.36,-0.18,0.29,5.23,-7.7,1.02,0.05,0.03,0.27,5.22,-8.3,1.07,-0.17,0.04,0.3,5.16,-8.28,1.3,-0.29,0.09,0.34,5.04,-8.23,1.44,-0.21,0.03,0.14,5.38,-7.85,1.69,-0.23,0.05,0.04,5.52,-7.64,1.75,-0.21,-0.01,0.42,5.51,-7.9,1.79,0.09,0.05,0.05,5.75,-7.61,1.64,-0.13,-0.2,0.13,5.57,-7.49,1.53,0.0,-0.2,0.24,5.37,-7.66,1.09,0.07,-0.17,0.14,5.34,-7.79,0.88,0.2,-0.09,0.2,5.14,-7.9,0.84,0.04,-0.07,-0.03,4.97,-8.19,0.75,-0.03,0.17,0.2,4.95,-8.15,1.16
2.05,-6.38,-1.98,-2.44,-10.16,-11.02,3.02,-0.41,-5.31,-12.42,-11.66,-32.82,-2.57,11.14,-1.89,-14.38,7.46,-3.32,2.05,3.67,1.22,3.84,-2.56,39.54,0.26,-0.96,0.81,15.6,-8.48,38.37,-0.98,-0.91,1.0,13.39,-17.39,22.13,-0.76,-2.42,-1.12,7.75,-12.89,12.49,-1.27,-2.03,-0.64,3.37,-5.44,5.0,-0.92,-1.31,0.14,2.46,-4.03,0.99,-0.59,-0.75,0.52,2.79,-4.54,-0.22,-0.41,-1.02,1.3,3.76,-6.49,-0.19,-0.28,-0.79,0.76,4.25,-7.52,-0.16,-0.27,-0.58,0.54,4.24,-7.49,0.32,0.36,-0.63,0.29,4.35,-7.64,0.04,0.29,-0.41,0.45,4.59,-7.86,0.26,0.05,-0.3,0.3,4.85,-8.66,0.89,0.26,-0.27,-0.06,4.72,-8.65,1.32,-0.32,-0.66,0.18,4.66,-8.41,1.98,-0.71,-1.07,0.66,4.89,-8.96,1.72,-0.47,-0.47,-0.02,4.65,-8.87,0.12,-0.41,0.1,-0.01,4.47,-7.66,0.29,-0.1,0.09,0.12,4.91,-8.04,0.56,-0.06,-0.09,-0.1,5.1,-8.4,0.2,-0.13,0.05,-0.24,5.15,-7.83,-0.01,-0.1,0.18,-0.07,5.24,-7.69,0.18,0.0,0.18,-0.19,5.53,-7.71,0.62,0.12,-0.13,-0.16,5.42,-7.79,0.63,0.15,-0.11,-0.15,5.28,-7.73,0.53,-0.15,0.21,0.09,5.48,-8.06,1.04,0.02,0.02,0.01,5.37,-8.04,1.38
1.6,-0.06,-2.55,-3.42,-6.3,-15.06,0.0,0.0,0.0,0.0,0.0,0.0,0.0,0.0,0.0,0.0,0.0,0.0,1.66,6.85,-0.3,0.23,-3.03,13.27,1.36,1.34,-0.7,6.8,-6.16,25.63,-0.41,1.18,1.49,9.64,-9.06,19.71,0.05,0.11,-0.47,8.92,-13.64,12.56,-0.36,-0.32,-1.38,7.4,-9.53,9.01,-0.34,-0.5,-0.85,5.98,-5.8,4.8,-0.2,-0.4,-0.24,5.82,-4.94,3.09,0.01,-0.2,-0.25,5.77,-5.24,3.23,0.25,-0.12,0.03,5.78,-4.95,4.42,0.24,-0.11,0.3,5.66,-5.32,4.12,0.07,0.21,0.23,5.78,-6.45,4.08,0.09,0.01,-0.09,6.12,-7.01,4.59,-0.0,0.11,-0.19,6.08,-6.29,4.36,-0.12,0.08,-0.07,6.15,-6.01,4.84,-0.02,-0.3,-0.22,6.13,-6.44,4.83,-0.02,-0.28,-0.02,5.97,-5.8,4.09,0.02,-0.1,0.07,5.96,-6.26,4.11,-0.04,-0.05,-0.09,5.95,-6.46,4.46,-0.06,-0.23,-0.0,5.92,-6.17,4.16,-0.13,0.1,-0.05,5.74,-5.99,3.75,0.03,0.25,0.14,5.83,-6.13,3.75,0.17,0.02,-0.03,5.75,-6.56,4.14,0.08,0.03,-0.18,5.82,-6.26,4.04,0.03,0.14,-0.01,5.92,-5.94,4.09,-0.0,0.1,0.13,6.05,-6.23,4.83,0.36,-0.02,-0.24,6.06,-6.38,4.49,0.03,0.18,0.12,5.96,-5.68,4.24
4.09,-3.5,-1.62,3.97,-6.67,-16.6,0.0,0.0,0.0,0.0,0.0,0.0,0.0,0.0,0.0,0.0,0.0,0.0,0.0,0.0,0.0,0.0,0.0,0.0,0.0,0.0,0.0,0.0,0.0,0.0,0.0,0.0,0.0,0.0,0.0,0.0,0.0,0.0,0.0,0.0,0.0,0.0,-0.48,0.95,2.96,14.26,-10.23,28.83,0.06,-0.78,-0.06,12.28,-13.83,18.1,-0.29,-0.86,-0.56,7.06,-6.82,6.61,-0.23,-0.42,-0.18,5.86,-6.43,2.92,-0.01,-0.05,-0.26,5.95,-5.88,2.16,-0.38,-0.11,0.18,6.24,-4.44,2.76,-0.18,-0.21,0.22,6.59,-5.34,3.25,-0.02,0.19,-0.1,6.63,-5.58,2.53,-0.12,0.28,0.16,6.64,-4.47,3.47,-0.12,0.28,0.22,6.82,-5.21,4.02,0.12,0.11,0.26,6.9,-5.83,3.94,-0.04,0.37,0.24,6.82,-6.23,4.06,-0.08,0.12,0.05,6.8,-5.81,4.49,-0.0,0.1,0.14,6.51,-5.68,3.7,0.0,0.27,0.14,6.5,-6.06,3.83,-0.02,0.07,-0.07,6.6,-6.03,4.47,0.08,0.25,0.2,6.53,-5.64,4.02,-0.03,0.1,0.23,6.56,-5.61,4.29,0.0,0.09,-0.01,6.59,-6.11,4.54,0.01,0.03,-0.06,6.46,-6.03,4.3,0.13,0.11,0.14,6.49,-5.49,4.27,0.01,0.09,0.32,6.44,-5.88,4.46,-0.0,-0.0,0.02,6.51,-6.23,4.51
1.06,4.55,-2.42,-3.35,2.79,-8.86,1.71,4.67,-4.02,-3.85,4.87,9.59,-0.39,3.2,-3.26,3.11,12.62,18.46,-0.3,1.31,-1.73,6.72,15.52,19.6,1.42,-0.94,-0.51,7.12,15.78,13.3,-0.07,-0.92,1.4,4.26,13.59,5.92,0.73,-1.23,1.21,2.66,10.32,4.92,1.23,-1.48,1.26,3.16,9.3,0.44,0.4,-1.03,1.27,2.86,8.99,-1.21,-0.08,-0.7,0.49,3.11,8.37,-3.06,-0.33,-0.43,0.38,3.7,7.88,-2.51,-0.59,-0.4,0.93,3.84,8.52,-1.83,-0.35,-0.36,0.71,3.96,7.57,-1.6,-0.3,-0.38,0.58,3.82,7.29,-1.41,-0.04,-0.05,0.3,4.0,7.82,-1.5,0.13,-0.22,0.0,3.86,7.32,-1.3,0.18,-0.48,-0.34,4.16,7.16,-0.6,-0.34,-0.17,-0.32,4.37,7.95,-0.69,-0.4,-0.16,-0.25,4.24,7.83,-0.53,0.19,0.1,-0.34,4.3,8.62,-0.6,0.01,0.18,-0.55,4.54,8.39,-0.31,-0.52,-0.02,-0.07,5.09,9.65,0.19,-0.9,-0.16,0.33,4.82,9.0,-0.15,-0.21,-0.06,0.13,4.52,7.97,-0.39,0.11,-0.15,-0.14,4.61,8.48,-0.11,0.03,-0.15,0.07,4.87,8.56,0.6,0.2,-0.58,0.15,4.21,9.14,0.4,0.09,-0.03,0.04,4.2,8.03,-0.46,0.12,-0.01,-0.12,4.44,8.07,0.1,0.18,0.05,-0.17,4.71,8.45,0.23
-2.6,-1.07,0.78,3.84,10.79,-3.3,-1.64,-2.73,4.57,-8.23,13.66,-33.75,5.72,6.38,-2.93,-11.78,4.97,-12.2,2.75,10.19,-6.06,-2.86,0.69,20.6,-1.04,-0.34,-1.56,8.6,15.83,26.4,-1.02,0.47,1.27,7.81,16.52,12.08,-0.3,-0.75,1.15,4.92,9.09,8.95,-0.81,-0.32,0.53,4.63,8.08,6.07,0.36,-1.08,-0.41,0.92,7.31,7.17,0.15,-1.91,-0.88,1.84,8.46,3.59,-2.6,-0.39,-0.6,2.47,8.38,0.8,-0.29,0.58,-0.31,0.54,10.07,0.24,1.66,-1.05,-0.52,0.71,8.38,0.45,0.99,-1.1,-1.36,2.23,10.2,0.01,0.45,-1.38,-0.14,2.77,10.15,-1.28,1.67,-1.25,0.08,1.7,9.92,-1.39,2.62,-1.34,0.32,2.49,10.1,-1.59,1.36,-1.32,0.58,2.92,8.05,-1.94,0.75,-1.13,0.32,2.65,8.82,-1.52,-0.88,0.1,0.12,3.35,8.53,-1.09,-2.03,1.86,-0.12,3.54,8.19,-3.09,-2.06,1.05,-0.11,0.94,9.53,-1.72,-1.96,0.88,0.18,3.99,10.45,0.33,-1.13,0.02,0.37,1.33,5.19,3.33,-1.7,-0.44,-0.98,3.2,10.37,-0.25,-0.31,1.39,-1.7,3.2,9.43,1.79,-0.68,1.63,-1.36,1.07,8.18,2.0,-0.84,0.53,-0.93,1.1,9.06,2.71,0.2,-0.66,-0.49,1.25,9.7,4.29,1.73,-2.23,-0.81,1.24,9.08,3.0
-0.63,-2.74,0.44,0.16,11.43,-2.52,1.7,-4.62,2.09,-9.07,11.11,-19.01,-1.01,1.63,-0.45,-11.06,5.55,-21.25,-1.17,9.41,-1.91,-9.6,5.0,-2.61,-1.71,3.69,-1.31,-1.35,7.3,27.47,-2.48,-0.29,1.93,6.69,14.03,24.62,0.14,-1.33,1.29,6.23,8.11,17.57,0.37,-2.18,0.69,5.14,7.87,14.46,0.51,-2.11,0.73,1.88,8.11,8.93,0.44,-2.49,0.12,-1.96,8.78,3.72,-0.07,-1.19,0.34,-1.98,9.85,-1.25,0.26,-0.65,-0.08,-1.17,10.0,-2.2,0.48,-0.67,-0.0,-0.28,10.48,-2.93,0.19,-0.35,0.4,-0.08,9.6,-2.91,0.52,0.34,0.42,0.39,8.28,-2.1,-0.16,0.64,-0.38,0.92,8.65,-1.54,-0.18,0.23,-0.11,1.01,9.4,0.0,-0.2,0.04,0.18,1.32,10.17,0.98,0.03,-0.18,-0.15,1.46,9.35,1.4,0.22,-0.16,-0.15,1.8,8.86,1.46,0.75,0.92,-0.08,1.92,9.31,1.18,0.2,0.45,0.14,1.02,8.95,0.43,-0.4,0.02,0.33,1.63,9.17,0.87,-0.23,0.24,0.28,1.87,9.27,0.77,-0.13,0.43,0.28,1.57,9.03,1.65,-0.49,0.45,-0.19,2.46,9.4,1.74,-0.13,-0.01,-0.01,2.17,9.62,1.73,-0.16,0.18,0.06,1.96,9.63,1.99,-0.13,-0.03,-0.06,2.02,9.42,2.22,-0.11,0.21,0.02,1.88,8.99,1.68
1.59,2.55,-1.43,-4.63,10.14,-18.94,0.81,7.18,-2.57,-5.73,3.69,-0.72,1.4,4.29,-3.17,-4.58,7.16,9.71,-1.99,2.87,0.54,1.65,10.45,24.08,1.4,0.26,-1.29,9.26,16.43,33.05,0.25,-4.2,3.17,4.41,19.42,18.86,-0.97,-4.53,5.12,-2.22,14.98,6.41,-0.64,-3.6,4.1,-2.99,10.37,-1.19,-1.64,-2.66,3.94,-1.6,9.36,-2.14,-1.55,-2.6,2.59,0.23,7.67,-4.8,-0.41,-1.65,1.89,2.8,7.64,-6.73,0.2,-0.42,2.23,2.6,7.5,-4.11,-0.43,-0.13,1.58,4.06,4.94,-3.44,-1.06,0.21,0.99,5.99,4.84,-4.3,0.15,1.23,0.71,5.07,4.98,-1.89,0.45,0.58,0.41,8.11,4.75,1.36,2.56,-1.07,1.29,8.37,5.27,1.73,3.57,-0.69,1.3,8.54,7.22,0.64,-0.02,-0.14,1.24,9.85,4.53,0.11,-0.44,0.63,0.81,6.61,3.56,-0.84,-0.42,0.88,-0.19,8.89,4.53,0.68,0.62,-0.13,0.49,8.92,5.84,1.66,0.93,-0.53,0.1,8.37,2.62,0.57,2.65,-1.05,0.09,9.34,4.33,0.2,0.23,-0.41,0.48,9.09,4.38,-0.69,-0.09,0.43,0.17,8.78,3.3,-1.87,-0.78,1.12,-0.2,8.15,2.83,-1.33,0.52,0.34,-0.96,10.29,3.99,0.49,0.88,-0.19,-0.41,9.52,5.7,0.48,-0.68,0.39,0.43,9.92,6.0,-0.8
1.95,-0.19,-1.59,7.45,2.29,-1.09,2.2,0.05,-1.85,9.4,5.43,-0.58,1.41,0.42,0.07,7.48,9.91,-2.67,0.47,1.2,0.65,8.18,5.49,-1.82,-0.04,0.69,-0.15,8.43,5.54,-0.58,-0.05,0.34,-0.1,8.12,5.18,0.12,0.1,0.08,0.48,8.6,4.76,0.03,1.78,1.73,1.08,8.44,4.01,-0.08,1.79,0.66,0.39,8.88,4.47,-0.34,1.74,-0.39,0.5,8.13,5.93,0.16,0.0,0.0,0.0,0.0,0.0,0.0,0.0,0.0,0.0,0.0,0.0,0.0,0.0,0.0,0.0,0.0,0.0,0.0,0.0,0.0,0.0,0.0,0.0,0.0,0.0,0.0,0.0,0.0,0.0,0.0,0.0,0.0,0.0,0.0,0.0,0.0,0.0,0.0,0.0,0.0,0.0,0.0,0.0,0.0,0.0,0.0,0.0,0.0,0.0,0.0,0.0,0.0,0.0,0.0,0.0,0.0,0.0,0.0,0.0,0.0,0.0,0.0,0.0,0.0,0.0,0.0,0.0,0.0,0.0,0.0,0.0,0.0,0.0,0.0,0.0,0.0,0.0,0.0,0.0,0.0,0.0,0.0,0.0,0.0,0.0,0.0,0.0,0.0,0.0,0.0,0.0,0.0,0.0,0.0,0.0,0.0,0.0,0.0,0.0,0.0,0.0,0.0,0.0,0.0,0.0,0.0,0.0,0.0,0.0,0.0,0.0,0.0,0.0,0.0,0.0,0.0,0.0,0.0,0.0,0.0
-0.27,8.38,-0.82,-9.77,4.93,-3.03,3.02,2.79,-0.21,-2.13,-3.63,37.61,0.71,2.13,1.22,-0.81,-5.79,31.79,0.58,-2.07,-1.17,3.39,-14.91,27.56,-0.23,-1.84,-1.01,-1.81,-9.12,7.94,-0.26,-1.38,-0.33,-0.68,-7.33,6.55,-0.28,-1.54,-0.13,0.2,-8.9,4.58,-0.19,-1.12,-0.29,1.2,-8.09,2.03,-0.59,-0.53,0.0,1.38,-8.49,1.12,0.26,0.21,-0.83,3.06,-11.51,0.63,0.09,0.37,-1.26,2.15,-8.45,1.48,-0.65,0.47,-0.89,2.05,-8.2,2.03,-0.48,0.63,-1.28,5.43,-8.91,2.57,0.02,-0.51,-0.51,4.13,-7.53,2.87,0.54,-0.6,-0.28,3.73,-7.35,1.52,0.21,-0.39,-0.34,3.89,-7.39,1.99,0.07,-0.48,-0.51,4.84,-7.02,1.95,0.35,-0.44,-0.16,4.82,-6.66,1.31,-0.05,0.19,0.14,3.49,-7.48,2.93,0.13,-0.01,0.05,4.15,-8.66,3.41,0.74,-0.02,0.07,3.94,-7.47,3.28,0.31,0.14,0.53,3.98,-8.19,3.57,0.21,0.4,-0.09,4.15,-8.69,4.52,0.26,0.47,-0.37,4.41,-8.22,5.73,0.23,0.49,-0.07,4.53,-8.1,5.54,-0.13,0.42,-0.17,4.38,-8.34,5.6,-0.29,0.1,-0.03,4.39,-7.96,5.56,-0.13,-0.06,-0.07,4.49,-7.78,5.1,-0.19,-0.3,-0.13,4.24,-8.28,4.18,-0.02,-0.17,-0.17,4.16,-7.76,3.67
1.83,-2.8,-1.15,2.28,-9.81,-8.39,2.02,2.02,-2.27,-6.76,-8.69,-24.96,-1.5,8.0,1.15,-6.27,5.9,1.77,1.56,2.42,0.26,1.88,-5.0,33.81,-0.45,1.2,1.31,5.1,-14.49,27.13,-0.37,-0.74,-0.35,6.5,-19.66,27.49,-0.65,-2.66,-1.66,2.96,-12.93,18.74,-1.04,-2.42,-0.98,2.13,-6.05,8.88,-1.11,-2.21,-0.51,2.77,-5.78,5.84,-1.07,-2.15,-0.43,2.72,-5.13,2.76,-1.16,-1.41,-0.02,3.12,-4.8,-0.02,-1.06,-1.02,-0.18,3.84,-5.76,-0.39,-0.95,-0.82,-0.12,4.28,-6.14,-0.66,-0.77,-0.45,-0.11,4.57,-6.04,-0.36,-0.53,-0.48,0.03,4.89,-6.7,0.54,-0.3,-0.54,-0.13,5.26,-7.25,0.72,-0.33,-0.62,0.28,5.13,-6.8,0.61,-0.21,-0.45,0.07,5.34,-7.8,0.43,-0.08,-0.39,-0.08,5.37,-8.14,0.82,-0.0,-0.26,-0.15,5.27,-7.96,0.76,-0.03,-0.21,-0.14,5.42,-7.87,0.96,0.03,-0.22,-0.02,5.48,-7.91,1.34,0.13,-0.05,-0.0,5.46,-7.75,1.33,0.05,-0.16,-0.05,5.42,-7.67,1.23,0.15,-0.17,-0.0,5.51,-8.28,1.14,0.11,-0.17,-0.0,5.44,-7.98,1.0,0.12,0.01,-0.14,5.37,-8.1,1.03,-0.06,-0.02,-0.16,5.47,-8.24,1.23,0.01,-0.01,-0.02,5.51,-7.79,1.6,-0.15,-0.16,0.07,5.65,-7.82,1.55
1.63,-2.31,-0.71,2.71,-8.19,-2.89,1.53,-2.73,-4.05,-7.92,-11.16,-20.76,-0.56,8.09,-3.38,-12.9,1.39,-20.03,0.47,8.78,1.11,-1.92,1.39,37.29,1.84,1.15,-0.64,13.35,-2.38,39.6,-1.87,-0.26,2.74,13.41,-15.46,26.27,-0.19,-1.88,-0.53,8.97,-17.38,14.52,-0.51,-1.12,-0.95,4.11,-7.77,5.62,-0.3,-0.68,-0.79,3.27,-4.77,3.01,-0.54,-0.64,-0.26,3.91,-3.97,2.48,0.05,-1.12,0.15,4.74,-4.57,1.8,0.02,-0.83,0.15,4.86,-5.52,1.27,-0.23,-0.64,0.46,5.34,-5.81,2.08,-0.33,-1.11,0.44,5.79,-6.39,2.41,-0.08,-0.99,-0.21,6.1,-6.44,1.59,-0.31,-0.69,0.18,5.98,-6.2,0.82,-0.19,-0.09,0.26,6.1,-6.4,1.11,-0.38,-0.08,0.31,6.19,-6.95,1.72,0.01,0.03,0.03,6.08,-7.04,1.56,-0.16,0.05,0.31,6.04,-6.66,1.65,-0.14,-0.26,0.12,6.27,-7.32,2.35,0.24,-0.29,0.32,6.27,-6.59,2.17,0.22,-0.25,0.27,6.23,-7.13,1.93,-0.29,-0.26,0.03,6.36,-7.4,2.06,0.16,-0.16,-0.01,6.11,-7.2,2.08,-0.06,-0.15,0.83,5.72,-4.92,2.41,-0.46,-0.23,0.17,5.99,-8.24,2.08,-0.12,-0.12,0.15,5.85,-6.86,2.13,-0.28,-0.21,0.47,6.0,-7.64,1.92,-0.21,0.12,0.09,5.99,-7.91,2.05
1.35,-1.9,-0.2,3.39,-8.59,-10.42,2.86,-1.15,-2.53,-6.09,-7.38,-22.08,0.48,4.37,-2.13,-10.83,-1.66,-24.46,-2.08,5.66,-1.69,-6.3,-0.15,6.43,1.49,5.72,-1.3,3.49,-0.75,17.44,2.06,3.31,-1.95,10.23,-4.21,31.84,-0.87,2.4,1.91,12.71,-8.6,18.16,0.72,0.6,-0.33,10.64,-14.84,15.74,0.02,0.52,-0.45,9.64,-9.77,9.89,0.39,-0.08,-0.87,7.55,-7.18,5.31,-0.1,0.17,-0.35,6.92,-4.38,3.69,0.04,-0.38,-0.15,7.01,-4.7,3.99,0.14,0.17,0.19,6.78,-5.14,2.76,0.02,0.04,-0.06,6.67,-5.18,4.67,0.0,0.11,0.04,6.76,-4.94,4.73,-0.04,-0.03,0.25,6.88,-5.7,4.39,-0.18,0.09,0.12,6.78,-6.37,3.85,-0.13,0.16,0.0,6.81,-6.26,4.41,-0.02,0.03,-0.1,6.66,-5.97,4.32,0.05,0.15,-0.08,6.79,-5.87,3.96,-0.12,0.12,-0.14,6.93,-5.13,4.82,0.02,-0.1,-0.12,7.03,-4.73,4.45,0.02,0.16,0.03,7.09,-5.25,4.02,0.09,0.17,-0.05,6.95,-5.14,4.38,-0.11,-0.16,0.1,6.7,-5.31,4.58,0.11,0.02,-0.11,6.91,-5.37,3.92,0.05,0.04,0.18,6.81,-5.46,4.71,-0.02,-0.33,0.11,6.93,-5.63,4.62,0.04,0.07,0.18,6.9,-5.41,4.17,0.15,-0.04,0.18,6.81,-6.09,4.91
2.41,0.47,-0.5,-3.85,-1.05,-26.4,1.11,5.72,-0.56,-10.2,-2.59,-26.67,1.74,5.79,-1.81,-10.94,-4.01,1.78,1.69,7.45,0.18,-7.22,4.68,18.09,1.34,4.86,1.24,1.37,-7.91,38.7,0.56,0.3,0.58,9.42,-15.04,28.06,0.39,-0.15,-0.56,8.4,-12.59,15.95,-0.08,-0.65,-0.11,6.65,-6.31,8.86,-0.29,-0.58,0.16,5.97,-6.55,5.25,-0.28,-0.58,0.21,6.14,-6.91,4.43,-0.21,-0.73,-0.15,5.83,-6.25,4.0,-0.22,-0.56,0.07,5.62,-5.89,3.83,-0.13,-0.46,0.14,5.27,-6.28,3.92,-0.13,-0.1,0.04,5.23,-6.36,3.8,0.04,-0.26,0.17,5.39,-6.86,3.87,-0.04,-0.16,0.11,5.55,-6.69,3.72,-0.18,-0.12,0.21,5.84,-6.49,3.75,-0.0,-0.11,0.03,5.94,-6.33,3.78,-0.03,0.0,0.19,5.86,-6.26,3.91,-0.03,0.07,0.31,5.67,-6.35,3.97,0.02,-0.05,0.31,5.37,-7.0,3.99,0.15,0.02,0.11,5.21,-6.9,3.98,0.07,0.09,0.24,5.46,-7.43,4.39,0.1,-0.01,0.03,5.57,-7.22,4.36,0.09,0.06,-0.07,5.62,-7.03,4.51,0.01,0.07,-0.0,5.6,-6.63,4.62,0.07,0.05,-0.09,5.75,-6.83,4.96,0.09,-0.18,-0.01,5.75,-6.62,4.6,-0.1,0.02,0.05,5.7,-6.98,4.46,0.02,-0.06,0.02,5.63,-7.03,4.54
4.14,-1.56,-2.11,0.25,-9.12,-17.33,1.62,3.75,-2.28,-6.78,-6.95,-22.54,-1.06,7.42,-1.21,-9.82,-2.11,-10.13,1.1,5.46,-1.84,-0.47,-1.99,11.85,0.63,4.2,-1.05,-0.13,2.24,28.05,0.0,0.0,0.0,0.0,0.0,0.0,0.0,0.0,0.0,0.0,0.0,0.0,0.0,0.0,0.0,0.0,0.0,0.0,0.0,0.0,0.0,0.0,0.0,0.0,0.0,0.0,0.0,0.0,0.0,0.0,0.0,0.0,0.0,0.0,0.0,0.0,0.0,0.0,0.0,0.0,0.0,0.0,0.0,0.0,0.0,0.0,0.0,0.0,0.0,0.0,0.0,0.0,0.0,0.0,0.0,0.0,0.0,0.0,0.0,0.0,0.0,0.0,0.0,0.0,0.0,0.0,0.0,0.0,0.0,0.0,0.0,0.0,0.0,0.0,0.0,0.0,0.0,0.0,0.0,0.0,0.0,0.0,0.0,0.0,0.0,0.0,0.0,0.0,0.0,0.0,0.0,0.0,0.0,0.0,0.0,0.0,0.0,0.0,0.0,0.0,0.0,0.0,0.0,0.0,0.0,0.0,0.0,0.0,0.0,0.0,0.0,0.0,0.0,0.0,0.0,0.0,0.0,0.0,0.0,0.0,0.0,0.0,0.0,0.0,0.0,0.0,0.0,0.0,0.0,0.0,0.0,0.0,0.0,0.0,0.0,0.0,0.0,0.0,0.0,0.0,0.0,0.0,0.0,0.0,0.0,0.0,0.0,0.0,0.0,0.0
0.11,4.6,0.65,-9.34,-1.86,-27.64,0.22,9.14,0.26,-12.36,-3.3,-20.42,0.07,8.66,-0.0,-5.17,-6.38,25.89,-0.12,4.96,2.13,7.66,-10.58,39.54,-0.86,-0.99,1.39,16.6,-19.53,39.53,0.37,-4.27,-1.45,9.69,-17.61,21.11,0.43,-4.97,-2.01,3.54,-11.98,13.69,-0.07,-4.6,-2.05,-3.02,-4.54,2.1,-0.62,-3.78,-1.02,-1.75,-1.48,-1.85,-0.9,-2.54,-0.37,1.25,-2.13,-5.38,-1.25,-1.89,-0.36,3.65,-2.13,-6.39,-0.98,-1.36,-0.02,4.92,-2.07,-6.37,-0.37,-0.41,0.06,7.25,-2.76,-6.21,-0.11,-0.15,-0.1,7.96,-3.6,-5.41,0.25,-0.02,-0.18,8.67,-4.58,-4.32,0.6,0.03,-0.58,8.39,-4.63,-3.62,0.41,0.16,-0.5,8.31,-4.13,-3.8,0.28,0.65,-0.5,7.97,-3.43,-3.57,0.69,1.19,0.01,7.65,-4.51,-2.57,1.07,1.38,0.07,8.57,-4.25,-1.27,1.0,0.99,0.28,9.46,-4.64,-0.58,0.68,0.44,-0.3,9.43,-3.97,0.6,-0.37,0.14,0.08,8.95,-3.77,0.81,-0.22,0.01,-0.1,9.25,-4.29,0.94,0.01,0.05,-0.27,8.74,-5.12,0.77,0.03,-0.12,-0.07,8.72,-4.59,0.78,-0.15,-0.18,-0.12,9.09,-4.0,0.36,-0.23,-0.46,-0.45,9.07,-3.27,0.36,0.0,-0.29,-0.79,10.05,-3.14,-0.01,-0.05,-0.18,-0.16,8.32,-2.34,-0.61
-1.2,-4.58,0.4,6.37,-5.84,-13.62,-1.97,7.79,0.87,-10.6,-5.8,-38.89,0.55,13.11,-0.03,-16.01,-6.25,-15.28,0.09,5.73,-0.64,-4.81,0.67,29.15,-1.55,3.24,4.21,0.89,3.77,39.52,-0.56,-1.4,2.55,12.69,-13.92,39.55,0.14,-3.29,-0.43,9.88,-17.47,19.13,0.03,-4.05,-0.72,4.72,-7.15,10.0,-0.27,-3.85,0.12,1.48,-4.2,2.54,-0.47,-2.82,0.59,2.67,-3.56,-1.93,-0.71,-1.95,0.37,4.9,-4.05,-3.06,-0.32,-1.63,0.82,5.38,-4.41,-3.05,-0.32,-1.58,1.36,5.23,-4.38,-3.83,-0.18,-1.21,1.88,5.48,-4.8,-3.93,0.15,-0.46,1.37,5.84,-6.99,-3.1,0.14,-0.23,1.12,6.23,-7.95,-2.31,0.2,-0.04,0.93,5.81,-8.41,-1.6,0.01,0.34,0.35,5.89,-9.01,-0.84,0.0,0.06,0.28,5.98,-8.54,0.06,0.34,0.16,0.47,5.42,-7.55,-0.2,-0.15,0.27,0.71,5.61,-8.45,-0.26,0.02,0.15,0.34,5.75,-8.31,0.38,0.27,0.25,0.21,5.58,-8.15,0.21,0.01,0.25,0.21,5.41,-7.97,0.53,-0.07,0.2,-0.08,5.36,-8.68,0.74,0.09,0.02,-0.06,5.78,-8.1,0.99,0.31,0.17,-0.13,5.52,-7.61,0.57,0.15,0.18,0.05,5.53,-8.11,0.45,0.15,0.18,-0.34,5.86,-7.99,0.72,0.45,-0.11,-0.1,5.56,-7.77,0.69
-1.02,11.82,-0.72,-12.24,6.77,-2.19,1.66,3.03,1.19,-4.02,-1.14,39.55,1.07,0.59,-0.85,7.36,-9.34,34.82,0.35,-0.27,-0.67,7.31,-12.07,17.08,0.22,-0.13,-0.96,3.8,-11.33,9.05,0.1,0.45,-0.45,4.17,-7.16,6.22,-0.17,0.16,0.44,4.48,-7.72,4.72,-0.2,0.34,0.61,4.71,-8.28,5.84,-0.07,-0.26,0.06,5.09,-7.08,7.44,0.07,-0.28,-0.11,4.29,-6.32,5.25,-0.15,-0.15,0.19,4.47,-6.46,5.86,0.08,-0.47,-0.21,4.31,-7.53,6.02,-0.11,-0.31,0.03,3.95,-7.03,5.62,-0.18,-0.5,-0.25,4.17,-6.99,5.88,-0.26,-0.27,-0.06,3.77,-7.51,5.04,-0.12,-0.31,-0.26,3.8,-7.65,5.29,-0.08,-0.25,0.29,4.1,-5.81,3.52,-0.46,0.23,0.6,4.51,-7.24,4.25,0.07,-0.11,-0.1,5.08,-7.72,4.89,-0.12,0.13,0.05,4.3,-6.5,4.29,0.05,0.22,0.05,4.75,-6.73,4.81,0.04,-0.04,0.02,4.83,-7.48,5.19,0.12,0.15,-0.06,4.46,-7.46,4.58,-0.04,0.2,0.11,4.42,-7.26,4.91,0.07,0.03,-0.14,4.48,-7.53,5.15,0.05,0.0,0.02,4.35,-6.79,4.85,-0.1,0.24,0.11,4.44,-7.34,4.68,-0.14,0.18,-0.25,4.72,-6.75,5.45,0.03,-0.06,-0.24,4.72,-6.97,5.2,0.04,0.04,0.07,4.74,-6.75,4.91
