-1.4,0.55,1.8,8.4,-13.97,2.58,-2.87,1.02,0.25,5.27,-20.24,4.66,-2.42,0.45,-3.74,2.67,-10.21,7.01,-1.76,-0.99,-5.61,1.91,9.54,5.86,-1.0,-0.3,-1.64,7.18,22.6,-3.21,-1.86,1.62,0.79,11.97,12.38,4.13,-0.53,0.6,0.41,12.5,6.78,5.2,0.25,-0.5,0.2,11.02,2.51,0.86,0.13,-0.15,0.12,9.7,0.78,1.23,0.12,-0.05,-0.06,9.07,0.41,2.51,0.43,-0.15,-0.2,9.45,1.15,1.93,0.26,0.13,-0.03,9.83,1.11,2.38,0.04,0.13,0.07,9.91,0.56,2.88,0.17,-0.13,-0.05,9.59,0.53,2.37,0.13,-0.21,-0.05,9.33,0.79,1.72,-0.02,-0.11,0.05,9.44,0.58,1.54,0.0,-0.07,0.04,9.49,0.43,1.55,0.06,-0.02,-0.01,9.43,0.7,1.63,0.11,0.02,-0.01,9.59,0.88,1.6,0.03,-0.01,0.02,9.69,0.41,1.92,0.03,-0.03,-0.08,9.61,0.95,1.85,0.03,-0.02,-0.07,9.55,1.1,1.7,0.01,0.01,-0.01,9.67,0.81,1.9,0.04,-0.05,-0.08,9.6,0.93,1.83,0.01,-0.04,-0.08,9.55,1.17,1.67,0.03,0.0,0.0,9.59,1.36,1.88,0.04,-0.07,0.03,9.62,0.97,1.73,0.08,-0.05,0.01,9.58,1.04,1.59,0.05,-0.02,0.03,9.53,1.05,1.51,0.02,0.02,0.03,9.51,1.06,1.58
-2.15,-0.29,0.63,8.36,-19.57,5.4,-1.69,-0.98,-1.53,4.67,-15.45,2.91,-2.08,-0.53,-3.34,1.9,-4.78,0.49,-2.16,0.5,-3.84,2.37,5.53,1.11,-1.52,0.98,-3.03,5.02,13.48,2.6,-1.65,0.7,-0.5,10.94,11.98,4.98,-1.14,0.27,-0.13,12.82,8.86,4.52,-0.88,-0.02,-0.06,11.99,7.28,3.87,0.06,-0.33,0.09,10.56,5.1,1.8,0.13,-0.28,0.2,9.78,2.93,0.9,0.31,-0.15,0.28,9.27,1.96,0.88,0.33,-0.08,0.47,9.5,0.66,1.32,0.25,-0.0,0.26,9.7,0.11,1.66,0.4,0.0,0.11,9.47,0.85,1.97,0.3,-0.06,0.33,9.56,0.02,1.76,0.27,0.02,0.21,9.6,-0.25,1.75,0.19,0.03,0.21,9.5,-0.74,1.7,0.18,0.03,0.07,9.39,-0.72,1.86,0.12,-0.04,-0.03,9.49,-0.15,1.64,0.17,-0.08,-0.12,9.7,0.46,1.33,0.01,-0.06,-0.14,9.8,0.7,1.41,0.03,-0.08,-0.14,9.78,0.87,1.54,0.14,-0.03,-0.06,9.7,0.61,1.4,0.03,0.02,-0.02,9.6,0.34,1.32,-0.0,0.04,-0.02,9.55,0.56,1.62,-0.01,-0.0,0.02,9.64,0.25,1.53,0.03,0.05,-0.05,9.64,0.27,1.4,-0.05,0.11,-0.04,9.6,0.28,1.87,0.03,-0.04,-0.11,9.61,0.46,1.64,-0.01,-0.02,-0.08,9.66,0.62,1.58
-2.96,-0.61,-2.45,3.61,-16.39,4.28,-1.86,-0.1,-4.39,2.86,-3.25,4.56,-1.8,0.09,-3.18,6.0,12.69,3.8,-1.41,-0.11,-0.97,9.62,13.92,0.91,-1.2,0.41,0.13,11.83,6.16,-0.21,-0.56,0.56,-0.63,11.31,3.71,0.86,-0.34,-0.09,-0.53,10.84,2.45,0.51,0.11,-0.19,-0.38,10.13,2.34,-0.82,-0.16,0.29,0.01,9.85,0.81,0.07,-0.06,0.22,-0.0,9.95,0.31,1.6,0.09,-0.05,-0.07,10.27,-0.42,1.56,0.07,-0.17,-0.14,10.15,-0.09,1.16,0.14,-0.13,-0.09,9.64,0.2,0.63,0.05,-0.01,0.06,9.66,-0.34,0.62,0.08,0.01,0.07,9.6,-0.65,0.4,0.07,0.03,0.0,9.63,-0.82,0.67,0.05,-0.02,0.01,9.72,-0.63,0.87,0.12,-0.04,-0.04,9.83,-0.59,0.8,0.13,0.02,-0.01,9.9,-0.35,0.93,0.1,-0.01,-0.01,9.68,-0.38,0.85,0.01,0.04,-0.0,9.68,-0.48,0.72,0.05,0.03,-0.04,9.77,-0.56,1.04,0.13,-0.1,-0.11,9.75,-0.53,0.91,0.13,-0.14,-0.09,9.63,-0.27,0.34,0.0,0.08,-0.01,9.71,-0.47,0.41,-0.15,0.07,0.04,9.81,-0.57,1.19,0.05,-0.17,-0.09,9.36,-0.54,0.83,0.09,-0.2,-0.25,9.83,-0.29,0.55,0.13,-0.06,-0.31,9.98,0.23,0.5,-0.1,0.03,-0.02,9.88,0.07,0.95
-1.48,0.0,2.14,5.66,-16.73,3.29,-3.36,0.58,-0.1,5.4,-16.61,4.98,-1.43,-0.5,-3.56,2.55,-9.46,6.0,-2.02,-1.12,-4.41,2.83,1.67,3.66,-1.6,-0.65,-3.81,5.72,12.03,0.91,-2.14,0.13,-1.23,10.64,15.1,-1.64,-1.86,0.59,-0.25,12.68,8.88,-1.2,-0.69,0.35,-0.53,11.72,6.29,-0.2,0.3,-0.47,-0.2,10.05,4.86,-1.26,0.14,-0.36,0.27,9.81,2.25,-2.74,-0.03,0.22,0.07,9.34,1.15,-1.36,0.15,0.33,0.03,9.77,1.05,0.1,0.08,0.1,0.03,10.18,0.84,0.08,0.18,0.11,0.05,10.06,0.83,-0.04,-0.01,0.18,0.15,9.68,0.57,0.35,0.04,0.15,0.19,9.68,-0.18,0.39,0.13,0.09,0.11,9.78,-0.24,0.01,-0.09,0.09,0.06,9.61,-0.31,0.1,-0.06,0.14,-0.07,9.64,-0.29,0.2,-0.04,0.14,-0.15,9.68,0.28,0.12,-0.05,0.22,-0.1,9.83,0.58,0.38,-0.23,0.05,-0.07,9.81,0.25,0.75,0.18,-0.06,-0.23,9.83,0.4,0.2,0.09,0.02,-0.19,9.87,1.03,0.5,-0.02,-0.07,-0.07,9.88,0.87,0.15,-0.13,0.1,-0.12,9.93,0.82,-0.17,-0.06,0.19,-0.08,9.72,1.03,0.58,-0.07,0.08,-0.03,9.92,0.89,0.38,-0.16,0.09,0.06,9.75,0.74,0.57,0.02,0.04,0.04,9.72,0.75,0.23
-1.96,0.14,1.4,9.1,-11.1,2.91,-2.16,-0.15,0.9,6.37,-13.89,3.76,-2.22,-0.33,-1.69,5.49,-11.58,3.49,-2.0,-0.21,-3.04,5.04,-3.48,3.17,-1.48,0.01,-2.57,5.62,5.57,3.05,-1.14,0.29,-1.99,7.63,6.91,2.67,-0.95,0.46,-1.63,9.73,9.52,2.28,-1.53,0.58,-0.19,11.12,4.79,3.26,-0.62,-0.19,-0.65,10.81,3.92,1.69,0.02,-0.5,-0.58,10.24,4.74,0.0,-0.29,-0.18,-0.04,10.14,2.89,-0.21,0.02,0.03,-0.02,9.96,2.25,0.66,0.32,-0.04,-0.02,9.82,1.73,0.47,0.09,0.14,0.22,9.82,0.36,0.88,0.13,0.06,0.13,9.71,-0.22,1.6,0.24,-0.1,-0.01,9.68,0.19,1.05,0.07,0.03,0.08,9.67,0.22,0.92,0.01,0.08,0.1,9.7,0.28,0.93,0.04,-0.0,0.04,9.63,0.24,0.82,0.06,0.03,0.0,9.74,0.38,0.7,0.05,0.09,0.05,9.83,0.29,1.05,0.04,-0.09,-0.02,9.72,0.01,1.23,0.07,-0.06,-0.08,9.73,0.29,0.83,0.0,0.04,-0.04,9.78,0.28,1.24,0.04,-0.06,-0.08,9.84,0.25,1.27,0.07,-0.14,-0.14,9.79,0.53,0.86,0.07,-0.09,-0.11,9.75,0.79,0.73,0.1,-0.06,-0.09,9.8,0.85,0.9,0.09,-0.08,-0.06,9.79,0.82,0.72,0.1,-0.01,-0.01,9.74,0.57,0.68
-2.78,0.35,2.11,3.68,-27.07,0.96,-2.9,0.28,-2.51,-0.36,-21.61,2.75,-2.19,0.72,-5.71,0.12,0.29,6.65,-3.46,0.72,-4.24,3.55,13.89,8.44,-2.48,0.46,-1.21,13.03,16.56,7.77,-1.33,-0.15,-0.45,13.23,10.19,2.92,-0.91,-0.54,-0.26,12.32,6.61,-1.03,-0.41,-0.22,-0.17,9.6,4.16,-2.33,0.03,-0.17,0.06,9.16,2.53,-1.96,0.25,-0.1,-0.0,9.17,1.18,-1.39,0.33,0.29,0.02,9.84,0.5,0.01,0.41,0.26,0.06,10.24,0.44,1.43,0.3,0.1,0.05,10.33,0.28,1.48,0.32,-0.03,0.1,10.01,0.04,0.99,0.29,-0.02,0.07,9.62,-0.47,0.54,0.2,-0.03,0.12,9.56,-0.83,0.31,0.35,-0.07,0.04,9.56,-0.93,0.03,0.17,0.08,0.02,9.63,-0.6,0.0,0.05,0.14,0.03,9.68,-0.66,0.95,0.26,-0.17,-0.17,9.65,-0.53,0.32,0.05,0.0,-0.1,9.78,-0.02,-0.25,-0.09,0.16,-0.03,9.7,0.05,0.51,0.02,0.0,-0.16,9.84,-0.08,0.45,0.0,-0.02,-0.2,9.81,0.1,-0.04,-0.16,0.13,-0.16,9.62,0.8,-0.26,-0.12,0.15,-0.03,9.87,0.01,0.75,0.16,-0.02,-0.19,9.84,0.2,0.32,0.11,0.07,-0.16,9.88,0.66,0.52,-0.02,0.06,-0.03,10.01,0.3,0.76,0.03,-0.02,-0.09,10.0,0.13,1.13
-0.95,0.06,2.9,8.41,-18.85,2.84,-3.55,0.94,3.85,2.36,-36.5,4.9,-2.8,-0.31,-3.48,-4.36,-25.81,8.93,-3.2,-1.29,-8.1,-5.36,11.6,9.86,-2.35,-1.61,-5.19,5.34,30.44,-1.39,-2.33,1.6,-0.38,13.72,17.11,2.83,-0.72,0.79,-0.37,13.93,10.4,2.49,0.13,-0.1,-0.02,11.93,4.35,-2.76,0.04,0.45,0.32,10.06,1.03,-1.17,-0.06,0.28,0.1,9.7,0.18,0.67,0.36,-0.17,-0.21,9.84,1.16,0.1,0.19,0.09,0.04,10.14,0.45,0.78,0.1,0.11,0.03,10.06,0.18,1.67,0.26,-0.08,-0.05,10.03,0.06,0.85,0.28,-0.08,-0.11,9.69,0.34,0.44,0.21,0.03,0.04,9.55,0.28,0.57,0.24,-0.08,0.13,9.67,-0.55,0.54,0.24,-0.07,0.06,9.5,-0.44,0.47,0.14,-0.02,0.04,9.64,-0.38,0.28,0.03,0.08,-0.01,9.74,-0.23,0.59,0.06,-0.01,-0.05,9.83,0.06,0.45,0.03,-0.0,-0.02,9.81,0.28,0.47,0.08,0.0,-0.0,9.76,0.45,0.65,0.17,-0.07,0.04,9.81,0.26,0.47,0.1,0.01,0.12,9.83,-0.08,0.69,0.04,-0.07,0.08,9.89,-0.05,0.98,0.11,-0.23,0.04,9.89,0.16,0.34,0.18,-0.09,0.11,9.78,0.15,-0.02,0.07,0.02,0.16,9.81,-0.23,0.49,0.21,-0.09,0.08,9.77,-0.29,0.29
-1.96,0.39,1.5,8.49,-18.98,1.4,-2.13,0.55,0.31,9.28,-26.05,1.97,-2.86,0.8,-2.06,7.65,-18.73,3.96,-2.76,1.0,-2.71,3.32,-13.07,7.0,-2.85,1.18,-4.79,0.03,9.55,9.71,-1.32,0.93,-4.25,1.48,23.38,11.83,-1.14,-0.24,-2.43,5.08,23.67,7.28,-1.1,-0.21,0.1,8.31,12.37,1.92,-0.72,-0.05,0.16,8.82,7.23,2.57,-0.36,-0.28,0.08,9.26,5.98,1.52,-0.2,-0.12,0.29,9.68,3.6,0.2,-0.18,0.23,0.26,9.4,2.21,0.62,-0.17,0.4,0.12,9.28,2.18,2.84,0.0,-0.06,0.09,9.38,1.49,1.92,0.06,-0.09,0.05,9.36,1.67,1.53,-0.08,0.02,0.16,9.27,0.93,1.9,0.04,0.1,0.06,9.33,1.14,2.13,-0.05,0.2,0.16,9.5,0.48,2.95,0.11,0.16,-0.02,9.71,0.57,2.64,-0.08,0.11,0.0,9.67,1.08,3.14,-0.02,-0.03,0.03,9.72,1.3,2.69,-0.02,0.11,0.05,9.75,0.94,2.87,0.11,0.04,0.02,9.78,1.14,3.08,-0.02,-0.02,0.03,9.66,1.18,3.1,-0.08,-0.2,0.02,9.57,0.84,3.09,-0.03,-0.29,-0.07,9.42,1.25,2.04,-0.06,-0.09,0.01,9.25,1.41,1.88,-0.07,-0.1,0.06,9.4,1.22,2.1,-0.06,-0.09,0.06,9.43,1.2,1.75,0.01,0.04,0.06,9.47,1.08,2.25
-0.8,-0.58,2.65,7.78,-15.45,5.69,-3.32,-0.92,1.73,6.94,-38.56,2.25,-3.15,-1.37,-3.37,2.98,-33.73,-6.96,-3.93,2.46,-6.38,-2.69,-15.14,5.45,-1.73,1.94,-6.67,-4.46,37.84,31.49,-1.29,-2.57,-3.56,1.74,39.87,8.94,-1.8,-0.59,1.53,8.2,13.33,-1.67,-0.96,-0.41,1.29,8.51,4.76,-2.98,-0.33,-0.28,0.47,9.43,5.77,-3.06,-0.12,0.31,0.52,9.88,4.47,0.36,-0.14,0.05,0.58,9.76,3.06,2.05,0.22,-0.04,0.23,9.09,2.16,1.15,0.16,0.06,0.22,8.97,1.75,1.76,0.16,-0.08,0.29,9.12,1.06,1.62,0.24,0.03,0.3,9.37,0.75,1.63,0.3,0.13,0.14,9.73,0.07,2.32,0.38,-0.07,-0.05,9.8,1.31,1.76,0.2,-0.1,0.22,9.73,1.42,2.03,0.14,-0.25,0.51,9.64,0.95,1.99,0.05,-0.24,0.63,9.86,0.43,1.76,-0.49,0.12,0.76,9.39,-0.81,2.35,-0.63,-0.08,0.62,9.49,-0.84,2.15,-0.12,-0.16,0.45,9.57,-0.48,1.71,0.26,-0.21,0.16,9.81,-0.54,1.51,0.35,-0.25,0.09,9.72,-0.09,1.27,0.26,-0.19,0.0,9.65,-0.17,1.27,-0.21,-0.19,0.23,9.68,-0.47,1.71,0.1,-0.37,-0.02,9.69,-0.75,1.6,0.27,-0.42,-0.31,9.5,-0.76,1.07,1.12,-0.13,-0.76,8.2,-0.72,0.11
-0.5,-0.42,3.15,4.93,-11.29,1.33,-3.32,0.46,4.5,6.29,-33.21,5.08,-2.84,-0.44,0.15,5.08,-38.56,2.07,-3.86,0.78,-7.25,-0.57,-22.11,-1.28,-5.14,3.71,-8.41,-4.83,8.75,28.2,-1.97,-0.15,-8.04,-2.68,39.87,26.95,-1.2,-2.68,-0.27,5.08,31.62,-0.61,-0.52,-1.59,1.82,6.4,14.55,-5.79,-0.03,-0.79,2.29,7.75,4.78,-5.19,0.55,0.19,1.46,9.07,1.75,-4.59,0.4,0.84,1.17,10.19,0.47,-2.85,0.17,0.8,0.98,9.6,-1.66,0.15,0.52,0.4,0.52,8.41,-1.52,0.01,0.44,0.07,0.4,8.14,-2.12,-0.09,0.17,0.27,-0.22,8.43,-1.64,-0.05,0.01,0.25,-0.46,8.67,-0.68,1.06,0.7,-0.05,-0.3,7.34,0.86,-1.69,-0.68,1.59,0.58,9.88,-0.69,2.36,-0.08,0.5,-0.03,9.8,-1.06,4.41,0.5,-0.18,-0.42,9.15,0.16,1.07,-0.49,0.4,0.03,9.53,-0.72,1.89,-0.1,0.14,-0.35,10.21,-0.4,1.79,-0.09,0.15,-0.21,9.98,0.99,0.53,-0.44,0.52,-0.08,9.99,-0.3,1.39,-0.22,0.27,-0.45,9.64,0.46,1.54,0.05,0.11,-0.07,5.9,1.24,3.32,-0.46,0.03,0.57,9.66,-0.76,1.1,-0.16,0.04,-0.03,9.8,-0.26,1.62,0.03,-0.14,0.09,9.83,-0.41,1.6,-0.01,-0.08,0.0,9.77,-0.52,1.77
-3.14,0.28,2.15,8.19,-27.11,0.9,-3.31,0.75,-1.72,5.15,-35.12,3.36,-3.29,1.23,-5.67,-0.81,-19.01,6.44,-3.16,1.96,-5.85,-4.9,13.21,14.55,-1.69,0.97,-2.67,4.31,28.35,13.39,-0.86,-0.14,-0.17,9.46,19.81,11.61,-0.4,-1.88,-1.78,9.81,17.19,3.35,-0.52,-1.63,-0.37,8.6,14.34,-3.8,-0.41,-0.39,0.79,7.65,7.98,-4.15,-0.29,0.34,0.51,7.6,3.15,-1.16,0.26,0.37,0.34,8.58,2.73,-0.28,0.47,0.58,0.42,9.15,1.64,0.9,0.06,0.5,0.29,10.04,-0.21,2.68,0.28,0.2,-0.03,9.84,0.86,2.68,0.04,0.1,0.11,9.77,1.08,3.01,-0.02,0.01,-0.11,9.78,1.24,2.47,-0.01,-0.11,-0.08,9.65,1.91,2.23,-0.03,-0.03,0.12,9.59,1.48,1.78,0.0,0.02,-0.02,9.38,0.77,1.76,-0.02,-0.11,-0.07,9.5,1.15,2.04,0.01,-0.17,-0.1,9.62,1.27,1.62,-0.01,-0.09,-0.12,9.47,1.61,1.51,-0.04,-0.08,-0.1,9.67,1.82,1.83,-0.04,-0.12,-0.08,9.62,1.55,1.42,-0.02,-0.01,-0.12,9.36,2.07,1.37,-0.18,-0.02,0.06,9.49,1.6,1.49,-0.13,-0.07,0.01,9.44,1.72,1.38,0.03,0.01,-0.01,9.37,1.8,1.3,-0.02,0.05,0.04,9.54,1.56,1.61,-0.09,0.03,0.03,9.51,1.47,1.66
-2.65,0.87,0.06,4.85,-35.45,1.79,-1.25,0.13,-6.81,-4.97,-17.34,2.28,-2.37,1.68,-8.26,-9.86,25.53,9.8,-2.1,1.1,-3.09,7.96,29.23,10.86,-1.08,0.53,-0.29,13.33,14.2,13.71,-0.3,-1.22,-0.73,8.24,13.97,1.77,-0.06,-0.92,0.47,7.28,5.93,-3.68,0.19,0.21,0.85,7.94,0.47,0.33,0.26,0.07,0.52,9.54,-0.64,2.15,0.3,0.09,0.22,9.73,-0.2,3.08,0.05,0.11,-0.01,9.4,0.35,3.01,-0.11,0.05,-0.04,9.3,0.99,2.18,-0.1,0.07,-0.03,9.19,0.99,2.16,-0.06,0.18,-0.04,9.48,1.4,2.44,-0.13,0.1,0.17,9.49,1.91,2.75,0.11,-0.02,0.14,9.35,1.18,2.07,0.57,0.01,0.07,9.3,1.08,2.41,0.13,-0.04,0.18,9.55,0.88,2.32,0.07,0.05,-0.15,9.56,1.28,2.77,0.0,-0.02,-0.08,9.42,1.6,2.59,-0.14,-0.04,0.04,9.24,1.52,2.14,-0.03,-0.02,0.04,9.33,1.64,2.03,-0.08,0.0,0.08,9.39,1.09,2.26,-0.06,-0.02,-0.03,9.24,1.22,2.05,0.01,-0.03,-0.08,9.39,1.24,2.17,0.0,0.0,0.0,0.0,0.0,0.0,0.0,0.0,0.0,0.0,0.0,0.0,0.0,0.0,0.0,0.0,0.0,0.0,0.0,0.0,0.0,0.0,0.0,0.0,0.0,0.0,0.0,0.0,0.0,0.0
-2.73,-0.02,0.56,9.36,-29.19,1.18,-2.32,0.02,-3.37,3.17,-25.64,1.43,-2.69,1.43,-5.91,-2.35,2.04,4.64,-1.58,1.74,-4.76,-0.94,21.12,14.52,-1.11,-0.04,-1.99,4.68,18.87,10.29,-0.68,-0.58,-1.14,-0.94,15.54,4.84,-1.08,0.19,0.2,10.4,11.94,5.56,-0.39,-0.69,0.59,9.23,4.0,1.36,0.11,-0.49,0.11,8.43,3.52,0.2,-0.16,-0.22,0.26,8.07,2.96,0.84,-0.19,-0.18,0.01,8.75,0.64,1.41,0.34,-0.13,-0.48,9.24,3.36,0.89,0.04,0.03,-0.06,9.53,2.68,1.65,0.06,-0.09,-0.01,9.6,1.89,2.32,0.14,-0.07,-0.03,9.49,2.47,2.0,0.03,-0.02,0.25,9.52,1.55,2.65,0.13,-0.14,0.14,9.55,1.32,2.37,0.15,-0.02,0.19,9.27,2.02,1.77,0.1,0.01,0.29,9.45,1.32,2.11,0.09,-0.05,0.23,9.47,0.97,2.09,0.12,-0.08,0.18,9.34,1.31,1.63,0.08,0.05,0.21,9.43,0.97,1.89,0.02,0.04,0.16,9.45,1.02,2.05,0.05,-0.03,0.15,9.46,1.01,1.71,0.02,0.11,0.15,9.49,0.99,1.84,-0.05,0.06,0.15,9.5,0.96,2.19,-0.0,0.01,0.1,9.5,1.0,1.85,0.01,0.07,0.14,9.64,0.92,2.06,-0.0,0.07,0.15,9.56,0.8,2.17,-0.01,0.01,0.18,9.56,0.33,2.12
-3.01,-0.24,-0.42,3.58,-36.19,2.73,-3.29,-0.71,-5.62,-1.55,-19.94,-7.48,-3.6,5.37,-7.22,-7.23,6.02,8.99,-0.66,-2.72,-3.65,1.79,39.87,17.31,-0.81,-1.95,0.26,6.72,20.41,-4.57,-0.34,-0.82,0.78,6.93,7.94,-5.55,-0.29,0.09,0.81,8.94,6.55,-1.01,0.02,0.23,0.58,9.69,6.74,0.07,-0.03,0.12,0.77,9.99,2.21,2.3,0.06,-0.08,0.5,10.01,1.06,1.95,0.19,-0.13,0.21,10.03,0.44,1.63,0.27,-0.22,0.07,9.98,1.59,1.81,0.25,-0.26,0.07,10.18,0.24,1.98,0.41,-0.19,-0.24,9.88,1.9,1.84,0.15,-0.26,0.0,9.56,1.85,1.45,0.21,-0.15,0.03,9.17,1.87,0.53,0.13,0.08,0.13,9.23,1.34,1.06,-0.03,0.12,0.17,9.34,1.0,1.09,-0.02,0.12,0.08,9.42,0.97,1.3,-0.07,0.12,0.09,9.37,1.17,2.05,-0.24,-0.06,0.16,9.28,1.18,2.57,-0.2,-0.18,0.08,9.46,0.73,1.87,0.35,-0.15,-0.24,9.07,1.5,1.65,0.38,-0.07,-0.12,9.32,2.24,0.87,-0.3,0.16,0.31,9.19,2.71,0.76,-0.54,0.36,0.74,9.54,1.2,2.01,-0.71,0.28,0.69,9.89,0.6,2.22,-1.26,0.02,0.63,10.23,-0.15,2.34,-0.71,-0.08,0.05,9.77,-1.1,1.39,-0.42,-0.02,-0.31,9.66,-0.51,1.18
-1.77,0.37,2.85,7.01,-25.64,6.7,-3.71,-0.24,-0.65,1.17,-38.56,3.89,-3.95,0.64,-5.72,-3.09,-20.96,-0.47,-5.36,4.1,-6.06,-1.11,21.38,29.63,-1.24,-1.0,-4.49,6.55,37.82,11.77,-1.15,-0.29,-1.06,10.65,30.37,3.46,-0.29,-0.23,1.29,8.77,7.83,-0.38,0.27,-0.28,0.78,8.05,-0.34,-2.39,0.43,0.03,0.1,8.73,0.19,-1.53,0.23,0.18,0.15,9.46,-0.08,0.84,0.43,0.11,-0.05,9.62,0.47,2.1,0.4,0.06,-0.03,9.5,0.02,3.01,0.4,-0.08,-0.07,9.68,-0.8,2.44,0.45,-0.04,-0.18,9.62,-0.6,1.9,0.35,-0.01,-0.22,9.69,-0.19,2.15,0.06,0.04,-0.1,9.87,-0.22,1.83,0.09,0.1,-0.16,9.86,0.24,1.75,-0.05,0.13,-0.05,9.9,0.14,2.53,-0.08,0.02,0.02,9.89,-0.11,2.41,-0.01,-0.0,-0.07,9.62,0.11,2.02,-0.06,0.07,-0.04,9.53,0.5,2.22,-0.25,-0.03,0.11,9.45,0.17,2.03,0.07,-0.03,-0.07,9.51,-0.01,1.21,-0.12,0.13,-0.03,9.69,-0.2,1.86,-0.43,0.02,-0.18,9.73,-0.26,1.9,-0.3,0.03,-0.32,9.56,0.41,2.02,-0.24,0.1,-0.06,9.5,0.92,2.61,-0.17,-0.07,0.11,9.55,0.27,2.09,0.14,0.05,0.02,9.31,0.3,1.4,0.08,0.29,0.16,9.28,0.1,2.33
-1.55,0.63,1.63,6.91,-22.42,7.04,-4.96,0.86,0.78,4.67,-38.56,8.44,-4.43,0.51,-5.07,-0.46,-30.36,6.1,-5.3,1.99,-8.41,-6.29,3.59,18.67,-3.85,0.19,-7.04,-3.03,29.5,17.8,-1.38,-0.51,-2.25,5.6,29.28,7.66,-0.94,-0.21,-0.2,7.77,16.38,2.34,-0.47,-0.39,0.94,7.8,6.89,-1.2,-0.17,-0.19,0.63,7.9,2.67,-2.51,-0.25,0.26,0.39,8.88,1.02,-0.4,-0.05,0.17,0.15,9.38,1.09,0.94,0.07,0.18,0.03,9.62,1.35,2.39,0.15,0.0,-0.09,9.4,1.6,2.63,0.06,-0.05,-0.02,9.48,1.25,1.88,0.01,0.07,0.06,9.65,0.62,1.53,-0.06,0.12,0.12,9.86,0.16,1.66,-0.08,0.16,0.13,9.92,-0.01,1.87,-0.07,0.15,0.06,10.03,-0.16,2.21,-0.18,0.1,-0.03,9.94,0.16,2.32,0.03,0.05,-0.2,9.72,0.86,1.88,-0.16,0.08,0.01,9.64,1.23,1.92,-0.2,0.02,0.09,9.73,0.47,2.06,-0.04,-0.03,-0.03,9.64,0.36,2.02,-0.02,-0.06,-0.07,9.64,0.48,1.67,-0.1,-0.01,-0.07,9.61,0.42,2.02,-0.01,-0.1,-0.16,9.46,0.88,1.86,-0.02,-0.01,-0.08,9.52,1.0,1.45,-0.05,0.05,-0.01,9.48,0.75,2.07,0.01,-0.05,-0.07,9.48,0.97,1.43,-0.09,0.08,0.01,9.44,1.01,1.72
-1.67,0.31,2.46,9.45,-27.4,3.07,-3.77,-0.29,-0.74,1.88,-38.56,0.6,-3.76,1.24,-6.4,-3.81,-10.31,9.3,-2.66,0.9,-7.02,-1.18,39.87,21.67,-1.27,-0.86,-1.69,7.84,39.77,4.73,-1.23,0.03,2.46,8.41,6.79,-0.52,-0.14,-0.06,0.99,7.59,0.2,-3.99,-0.14,0.42,0.47,8.67,-0.34,-1.54,0.12,0.05,-0.02,9.84,0.72,0.26,0.2,0.13,-0.13,9.77,1.5,1.54,0.09,0.2,-0.0,9.66,1.51,2.15,0.19,0.01,0.02,9.89,0.13,2.04,0.42,-0.16,-0.22,9.83,-0.04,1.8,0.02,-0.13,-0.05,9.83,-0.03,0.64,-0.02,0.2,-0.11,9.8,0.52,1.6,0.06,0.17,0.0,9.78,0.58,1.87,0.01,0.1,0.06,9.65,0.64,2.07,-0.01,0.04,0.09,9.61,0.15,1.44,0.13,0.19,-0.04,9.59,0.29,2.0,0.18,0.05,-0.08,9.53,0.18,1.92,-0.06,0.02,0.09,9.7,0.02,1.52,-0.0,0.13,-0.01,9.61,0.03,1.8,-0.02,0.06,-0.02,9.65,0.11,1.98,-0.01,0.06,-0.06,9.5,0.28,1.61,0.04,0.14,-0.06,9.7,0.36,2.02,0.03,-0.03,-0.02,9.65,0.65,2.44,-0.01,-0.09,0.03,9.67,0.35,1.28,-0.01,0.05,0.0,9.54,0.29,1.54,-0.01,0.03,-0.03,9.77,0.04,1.89,0.02,-0.0,-0.15,9.66,0.23,1.98
-3.43,0.37,2.44,7.62,-38.56,2.04,-2.14,0.04,-4.06,1.15,-37.75,-2.53,-4.92,2.97,-7.14,-6.56,-6.66,14.79,-2.42,0.97,-6.96,-1.96,39.87,28.35,-0.86,-1.98,-1.9,4.12,37.25,3.33,-0.81,-1.18,1.23,5.32,13.75,-6.2,-0.21,0.19,1.02,6.71,5.06,-5.12,0.18,0.39,0.93,8.88,3.87,-1.72,0.21,0.34,1.01,10.21,0.51,0.39,0.19,0.28,0.56,10.47,-0.27,2.79,0.45,-0.18,0.19,9.8,0.16,2.16,0.51,-0.18,0.16,9.18,0.6,0.96,0.44,-0.04,0.29,9.04,0.78,0.08,0.4,0.23,0.44,9.42,1.01,1.4,0.37,0.19,0.66,9.71,-0.09,1.46,0.12,0.03,0.61,9.51,-0.71,1.54,-0.45,-0.01,0.62,9.46,-1.57,0.83,-0.35,0.03,0.32,9.57,-1.49,0.92,-0.33,0.11,0.19,9.96,-1.58,1.09,-0.34,0.09,0.05,9.93,-1.21,1.43,0.03,0.05,-0.07,9.9,-1.09,0.97,0.16,0.05,-0.08,9.75,-0.87,0.91,0.09,0.02,-0.1,9.58,-0.48,0.59,-0.11,0.12,0.02,9.64,-0.75,0.56,-0.18,0.19,0.03,9.4,-1.07,0.76,0.26,0.3,-0.31,9.22,-1.06,1.07,0.36,0.03,-0.35,9.08,-0.49,1.79,0.4,-0.09,-0.33,9.25,-0.37,1.17,0.06,0.13,-0.27,9.6,-0.37,1.05,-0.23,0.2,-0.24,9.87,-0.52,1.24
-2.94,-0.06,-2.07,4.48,-18.41,3.37,-3.43,0.63,-3.95,1.76,3.12,8.4,-1.89,0.19,-4.21,3.56,14.33,8.26,-1.31,0.22,-2.18,7.79,18.41,4.06,-0.98,0.49,-0.78,10.62,13.74,4.03,-0.71,0.03,-0.02,10.66,9.19,2.41,-0.42,-0.15,0.07,10.18,5.54,0.46,-0.45,-0.15,0.22,9.38,2.16,-0.06,-0.17,-0.23,0.03,9.26,1.28,-0.52,-0.2,-0.05,-0.01,9.27,1.7,-0.22,-0.26,0.12,0.17,9.51,1.31,1.19,-0.05,0.01,0.07,9.67,1.14,1.44,0.04,-0.05,0.04,9.81,1.07,1.44,0.0,-0.11,0.07,9.73,0.64,0.97,0.01,-0.09,0.09,9.6,0.29,0.68,0.04,0.09,0.16,9.56,0.51,0.71,-0.1,0.24,0.37,9.68,-0.58,1.26,0.02,0.19,0.11,9.58,-0.37,1.93,0.09,0.06,0.05,9.64,-0.12,1.45,-0.11,0.18,0.19,9.66,-0.47,2.23,-0.06,0.01,0.08,9.54,-0.47,2.18,-0.05,-0.07,0.02,9.48,-0.13,1.41,-0.07,0.02,0.06,9.51,-0.29,1.23,0.03,0.12,-0.01,9.45,-0.02,1.65,0.06,0.06,-0.04,9.61,0.26,1.47,0.0,0.09,0.08,9.68,0.19,1.31,0.12,0.12,0.15,9.81,-0.46,1.82,0.16,-0.03,0.11,9.74,-0.68,1.9,0.26,-0.07,0.0,9.75,-0.82,1.56,0.0,0.05,0.0,9.65,-0.41,1.83
-4.5,0.33,-1.54,6.3,-37.91,5.81,-4.17,0.73,-5.82,0.55,-18.76,8.01,-2.49,1.1,-6.32,-2.42,17.78,19.69,-0.6,-1.6,-3.33,1.04,28.82,10.53,-0.97,-0.65,-1.67,4.98,23.35,2.46,-0.46,-0.12,-0.03,6.37,13.41,0.32,-0.49,-0.0,0.56,6.94,7.68,-0.28,-0.31,0.04,0.62,7.98,2.55,-1.52,-0.14,0.34,0.29,8.99,2.35,-0.23,-0.02,0.48,0.25,9.59,2.1,2.07,0.01,0.09,0.15,9.75,1.65,2.98,0.02,0.06,0.03,9.6,1.82,2.5,0.08,0.06,0.05,9.62,2.2,2.38,-0.02,-0.01,0.31,9.86,1.19,2.31,-0.0,-0.02,0.28,9.87,0.49,2.38,-0.02,0.06,0.09,10.17,0.15,2.55,-0.04,-0.12,-0.15,9.88,1.09,2.95,-0.11,-0.11,-0.06,9.54,1.6,2.31,-0.0,-0.06,-0.07,9.26,1.86,1.97,-0.03,-0.06,0.1,9.2,1.81,1.99,-0.11,-0.02,0.22,9.3,1.21,1.74,-0.04,0.07,0.14,9.42,0.97,2.0,0.03,-0.01,0.05,9.5,1.05,1.9,-0.03,0.06,0.07,9.55,1.05,2.29,-0.06,0.01,0.05,9.6,0.96,2.6,-0.01,-0.17,-0.05,9.55,1.31,2.27,0.03,-0.2,-0.04,9.45,1.48,1.77,-0.08,-0.08,0.09,9.41,1.26,1.71,-0.14,-0.07,0.17,9.5,0.61,2.2,0.01,-0.16,-0.04,9.41,0.99,1.85
-1.92,1.44,1.39,9.45,-17.43,9.6,-2.73,1.15,-0.08,9.01,-28.36,14.25,-3.58,-1.16,-4.96,2.05,-17.56,10.24,-4.46,-0.2,-7.03,-1.18,16.76,16.53,-1.92,-1.71,-5.61,2.22,37.05,8.78,-1.32,-1.43,-1.07,5.91,30.52,-0.98,-0.87,0.15,1.29,8.05,8.62,-1.19,-0.39,-0.03,1.0,7.91,2.59,-1.25,-0.14,0.0,0.44,8.56,0.01,-1.28,-0.16,0.11,0.15,9.2,0.54,-0.02,-0.11,0.04,0.09,9.39,0.92,1.17,-0.02,-0.08,0.04,9.57,1.31,2.12,0.05,-0.13,-0.01,9.49,1.31,2.22,-0.01,-0.16,0.01,9.37,1.32,1.85,0.03,-0.05,0.11,9.64,0.96,1.45,0.01,0.03,0.21,9.68,0.18,1.74,0.1,0.09,0.1,9.71,-0.46,1.4,0.11,0.1,0.01,9.6,0.02,1.73,-0.07,0.07,0.11,9.83,0.24,2.11,0.0,-0.05,-0.01,9.55,-0.06,2.4,0.15,-0.08,-0.13,9.4,0.41,1.29,0.04,0.05,-0.02,9.28,0.59,1.85,0.04,-0.05,0.04,9.35,0.23,1.38,-0.09,0.13,0.06,9.4,-0.02,1.24,-0.07,0.07,-0.01,9.38,-0.11,2.19,0.0,-0.1,-0.12,9.55,-0.08,1.46,0.06,0.13,-0.22,9.4,0.36,1.29,-0.01,0.13,-0.14,9.44,0.86,2.36,0.0,-0.01,-0.1,9.45,0.9,1.75,-0.04,0.12,-0.05,9.44,0.87,1.9
-3.69,0.75,1.06,6.89,-34.33,6.98,-4.6,0.54,-3.09,4.2,-29.09,12.37,-4.87,-0.15,-7.02,-1.19,12.36,19.41,0.0,0.0,0.0,0.0,0.0,0.0,-2.12,-0.25,-2.97,3.83,26.21,8.23,-0.4,-0.67,-0.32,6.88,14.43,2.45,-0.14,-0.76,0.29,7.56,7.95,-2.44,0.14,-0.07,0.47,8.2,4.66,-2.0,0.41,0.12,0.41,8.93,3.42,-1.35,0.21,0.3,0.54,9.5,1.75,-0.07,0.12,0.24,0.44,9.93,1.82,2.09,0.49,-0.05,0.4,9.93,1.5,1.0,0.29,0.13,0.38,10.14,0.35,1.46,0.42,0.04,0.16,9.98,0.33,1.99,0.28,-0.05,0.29,9.98,0.11,1.21,0.31,0.18,0.2,10.07,-0.21,1.27,0.35,0.33,0.11,10.09,-0.13,2.28,0.12,0.09,0.17,10.19,-0.83,2.79,0.37,-0.09,-0.11,10.14,-0.31,2.23,0.29,-0.04,-0.04,9.87,0.51,1.86,0.07,-0.08,0.23,9.86,-0.2,1.97,0.13,-0.12,0.22,9.75,-0.7,1.54,0.11,-0.09,0.13,9.65,-0.59,1.59,-0.02,-0.11,0.13,9.58,-0.77,1.39,-0.06,-0.14,0.07,9.5,-0.76,1.63,0.02,-0.12,-0.06,9.5,-0.59,1.32,0.04,-0.13,-0.17,9.49,0.01,1.66,-0.1,-0.24,0.02,9.45,-0.02,1.53,-0.05,-0.22,0.03,9.5,-0.68,0.99,0.01,-0.04,-0.09,9.42,-0.56,0.98
-2.41,-0.36,2.33,6.24,-33.09,4.25,-2.9,-1.16,-1.16,2.06,-29.79,-2.71,-4.48,2.21,-4.8,-1.55,-4.86,11.07,-2.31,0.93,-6.55,3.37,39.87,23.69,-0.55,-0.76,0.2,10.42,24.77,-4.71,-1.07,0.45,1.95,9.8,5.16,-0.23,-0.57,-0.36,0.84,8.96,-0.64,-3.2,-0.24,0.01,0.01,9.16,2.09,-3.54,-0.32,0.42,0.4,9.52,2.27,-0.19,-0.23,0.06,0.43,9.47,0.1,0.87,0.06,-0.09,-0.01,9.35,0.07,0.57,-0.03,-0.1,-0.18,9.38,0.59,0.73,-0.01,-0.05,-0.09,9.27,0.68,0.41,-0.04,0.07,0.14,9.4,0.0,0.1,-0.15,0.24,0.17,9.78,-0.43,0.87,-0.16,0.33,0.08,9.94,-0.47,1.78,-0.1,-0.02,0.04,9.95,-0.71,1.12,-0.06,-0.01,-0.11,9.95,-0.39,0.68,0.01,0.06,-0.16,10.01,-0.2,1.17,-0.12,-0.01,-0.05,10.36,-0.54,1.43,-0.15,-0.15,-0.11,10.03,-0.62,1.22,0.07,-0.28,-0.39,9.48,-0.15,-0.09,-0.11,0.02,-0.35,9.23,0.47,0.26,-0.07,-0.09,-0.14,9.43,0.72,0.41,-0.11,-0.01,0.02,9.6,0.77,0.19,-0.16,0.15,0.17,9.81,0.59,0.67,-0.27,0.05,0.26,10.02,0.31,1.14,-0.08,-0.02,0.19,9.99,-0.02,0.43,-0.05,0.13,0.12,9.96,0.01,0.71,-0.21,-0.03,0.18,9.9,-0.22,1.1
-1.35,0.22,2.23,7.06,-19.61,4.24,-3.17,0.28,2.57,4.9,-38.56,3.62,-2.47,-0.45,-2.25,-1.08,-30.75,-0.72,-3.5,3.4,-7.5,-4.94,1.01,13.06,-2.44,1.85,-6.82,-0.2,32.99,24.03,-0.94,-1.11,-2.74,9.14,29.89,4.25,-1.19,0.22,0.68,10.31,14.77,2.67,-0.64,-0.21,0.95,9.09,4.94,0.42,-0.12,-0.32,0.08,8.64,2.36,-2.45,-0.23,0.22,0.1,8.98,2.58,-0.87,-0.25,0.34,0.29,9.91,2.19,1.65,0.01,0.05,0.31,9.75,1.74,1.95,0.1,0.04,0.26,9.51,1.29,2.29,0.16,-0.16,0.23,9.48,0.52,2.2,0.29,-0.26,0.11,9.34,0.47,1.12,0.17,0.08,0.25,9.59,-0.21,1.75,0.08,0.09,0.19,9.69,-0.65,2.22,0.04,0.07,0.06,9.61,-0.77,1.99,-0.04,0.05,-0.03,9.58,-0.18,1.96,0.02,0.07,-0.06,9.55,0.38,2.04,0.06,0.11,0.07,9.55,0.3,1.99,-0.21,0.03,0.23,9.72,-0.18,2.49,-0.08,-0.01,0.09,9.82,-0.48,1.71,-0.17,0.05,0.09,9.73,-0.04,2.38,-0.08,-0.05,0.05,9.75,-0.35,2.14,0.07,-0.03,-0.05,9.47,-0.19,1.89,0.04,-0.03,-0.02,9.37,-0.26,2.13,0.05,-0.14,-0.04,9.4,0.0,2.13,-0.03,-0.09,0.04,9.47,-0.24,1.62,-0.04,0.08,-0.0,9.45,-0.52,1.63
-1.42,0.94,-1.05,10.44,-18.3,9.13,-3.45,-0.42,-1.91,7.72,-16.56,11.76,-4.17,-1.31,-3.32,4.65,-11.44,9.31,-4.21,-0.89,-4.54,-0.34,6.66,7.55,-3.42,-0.06,-5.64,-1.53,18.55,8.64,-2.99,0.14,-4.03,0.78,30.71,11.03,-0.7,-0.52,0.65,5.86,19.52,0.3,-0.82,0.23,2.45,7.55,10.32,1.38,-0.22,-0.06,1.65,8.14,2.46,1.67,0.13,-0.26,1.1,8.42,2.44,0.67,0.15,-0.05,0.92,9.04,1.14,1.17,0.03,0.22,0.41,9.27,1.11,2.68,0.19,-0.15,0.03,9.22,1.94,2.77,0.1,-0.26,0.1,9.13,1.63,1.59,0.16,-0.07,0.06,9.11,1.42,1.46,0.07,0.17,0.22,9.43,0.95,2.03,0.06,0.23,0.25,9.38,0.68,2.02,0.1,0.41,0.19,9.53,0.06,2.4,0.01,0.36,0.07,9.57,0.37,3.06,-0.01,0.14,0.03,9.61,0.44,2.96,0.04,0.12,-0.04,9.43,1.49,2.37,-0.09,0.21,0.15,9.39,1.05,2.84,-0.04,0.12,0.17,9.31,0.76,2.79,0.01,0.11,0.16,9.4,0.4,2.57,-0.08,0.12,0.05,9.34,0.33,2.89,-0.0,0.06,-0.03,9.23,0.74,2.97,0.05,0.06,-0.03,9.26,0.7,2.33,0.0,0.07,0.02,9.36,0.8,2.85,0.02,0.06,-0.01,9.42,1.04,2.77,-0.01,0.05,0.05,9.5,0.41,3.07
-1.46,1.02,-1.3,5.72,-11.98,7.21,-1.37,0.71,-1.67,4.98,-1.97,7.75,-1.61,1.25,-1.88,5.86,6.24,9.76,-1.81,0.9,-1.72,8.51,14.09,11.23,-1.12,-0.19,-0.99,11.27,14.84,3.39,-0.88,-0.1,-0.44,11.02,9.97,0.54,-0.49,-0.03,-0.24,9.73,6.51,-0.25,-0.18,0.02,0.32,9.35,2.04,-0.53,-0.22,0.16,0.15,9.47,0.49,0.46,-0.09,0.01,-0.2,9.16,1.32,2.04,-0.09,-0.11,-0.03,9.23,1.41,2.01,-0.03,0.06,0.01,9.17,1.06,2.0,-0.07,0.16,0.13,9.53,0.14,2.67,0.01,0.03,0.13,9.5,-0.31,2.92,0.11,0.1,0.17,9.72,-1.05,3.28,0.1,0.0,-0.04,9.57,-1.12,3.2,-0.08,-0.03,-0.03,9.49,-0.51,2.87,-0.06,0.09,0.06,9.63,-0.62,3.55,-0.0,-0.06,-0.02,9.5,-0.48,3.32,-0.08,-0.11,0.07,9.37,-0.89,2.8,-0.0,-0.05,-0.06,9.28,-0.81,2.98,-0.01,-0.08,-0.09,9.09,-0.41,2.71,-0.08,-0.05,0.0,9.14,-0.4,2.32,-0.15,0.06,0.06,9.24,-0.43,2.99,-0.1,-0.08,0.04,9.27,-0.55,2.72,-0.08,-0.07,0.02,9.27,-0.4,2.54,-0.24,-0.03,0.09,9.35,-0.32,2.77,-0.23,-0.02,0.12,9.33,-0.76,2.93,-0.11,-0.13,0.0,9.34,-0.69,2.48,-0.16,-0.02,-0.02,9.37,-0.13,2.32
-2.3,-0.15,-1.3,4.57,-9.32,-0.49,-2.24,0.82,-3.27,3.55,-0.33,0.13,-1.2,1.64,-2.32,4.34,11.29,6.7,-0.61,-0.08,0.21,7.59,8.17,4.82,-0.19,0.3,-0.48,9.73,8.68,3.42,-0.37,0.29,-1.07,11.07,7.27,2.91,-0.24,0.04,-0.75,11.5,6.1,1.91,-0.02,0.18,-0.19,12.12,2.44,0.89,-0.25,0.54,0.07,11.31,1.88,2.66,0.17,0.03,-0.0,9.66,1.77,2.78,0.11,-0.11,0.07,9.49,1.39,2.38,-0.01,-0.13,0.13,9.8,0.76,1.66,0.04,-0.04,0.1,9.51,0.83,2.07,0.15,-0.08,0.13,9.27,0.81,1.92,0.09,0.11,0.14,9.29,-0.18,2.06,0.05,0.14,-0.01,9.29,-0.01,2.69,0.4,-0.03,-0.07,9.55,0.35,1.81,0.05,0.25,0.15,9.44,0.42,2.09,-0.1,0.2,0.18,9.48,0.21,2.64,0.1,0.05,0.06,9.5,0.38,2.48,-0.03,-0.02,0.12,9.56,0.25,2.17,-0.02,0.03,0.04,9.57,0.13,2.3,0.03,-0.01,-0.03,9.5,0.25,2.22,0.02,-0.12,-0.05,9.43,0.18,2.01,0.16,0.03,-0.06,9.38,0.29,1.83,-0.03,0.15,0.03,9.54,0.09,2.48,-0.04,-0.07,-0.06,9.49,0.05,2.28,-0.0,-0.1,-0.14,9.5,0.47,2.1,0.01,-0.02,-0.07,9.54,0.78,2.33,-0.01,-0.07,0.01,9.58,0.58,2.18
-0.86,0.79,-1.74,8.04,5.11,3.06,-0.8,0.5,-1.54,10.06,9.47,4.17,-0.53,0.17,-1.08,10.97,8.49,3.33,-0.17,-0.08,-0.95,10.69,8.67,2.42,-0.08,-0.3,-0.14,10.34,5.73,1.42,0.04,-0.22,0.09,10.05,3.27,0.92,0.04,-0.19,0.1,9.67,2.51,1.36,0.14,-0.24,0.43,9.58,1.5,1.13,0.07,-0.08,0.5,9.45,0.22,1.28,-0.05,-0.01,0.31,9.5,-0.16,1.83,0.07,-0.1,0.13,9.48,0.47,1.49,0.09,0.03,0.26,9.39,-0.13,1.14,-0.03,0.13,0.21,9.63,-0.42,2.0,0.1,-0.17,-0.11,9.64,0.75,1.52,0.06,-0.1,-0.04,9.69,0.82,1.03,-0.06,0.04,-0.01,9.6,0.78,1.27,-0.06,-0.09,-0.0,9.68,0.7,1.04,-0.01,-0.06,-0.01,9.41,0.77,0.64,-0.05,0.1,0.04,9.58,0.63,1.07,-0.1,0.08,0.03,9.6,0.59,1.45,-0.04,0.01,0.01,9.73,0.51,1.31,0.02,0.13,-0.02,9.78,0.91,1.48,-0.1,0.04,0.05,9.83,0.54,1.88,-0.03,0.0,-0.03,9.73,1.02,1.37,-0.17,0.06,0.09,9.6,0.53,1.89,-0.08,-0.13,0.0,9.7,0.33,1.62,-0.06,-0.1,-0.02,9.89,0.5,1.42,-0.16,-0.03,0.05,9.64,0.33,1.78,-0.07,-0.15,-0.01,9.65,0.19,1.51,0.1,-0.14,-0.11,9.68,0.59,0.96
-2.55,0.43,1.12,5.73,-37.35,-0.49,-2.6,-0.13,-3.42,1.05,-28.05,-1.97,-3.79,2.74,-6.7,-5.13,5.34,17.62,-2.63,2.24,-6.33,-1.39,33.07,28.34,-0.33,-2.13,-3.29,8.24,32.89,3.67,-0.94,-0.42,0.95,9.22,15.49,1.35,-0.42,-0.57,1.54,8.82,4.19,-3.02,-0.08,0.15,0.82,9.98,2.54,-2.56,-0.12,0.68,0.57,10.51,2.56,1.08,-0.28,0.52,0.42,9.87,2.83,3.22,-0.15,0.11,0.45,9.22,2.22,2.53,-0.06,0.01,0.43,8.88,1.63,2.1,0.04,0.0,0.3,9.11,0.77,1.76,-0.01,0.12,0.35,9.29,0.41,1.81,-0.14,0.21,0.3,9.49,-0.41,2.35,-0.05,0.16,0.07,9.48,0.24,2.64,-0.06,0.16,0.03,9.61,0.48,2.61,-0.2,0.11,0.1,9.63,0.9,2.76,-0.03,0.14,0.12,9.58,0.32,2.77,-0.04,0.07,0.04,9.58,0.44,3.1,-0.03,-0.03,0.0,9.5,0.74,2.54,-0.01,0.06,0.13,9.48,0.43,2.7,-0.07,0.03,0.18,9.43,0.17,2.56,0.08,0.07,0.08,9.4,-0.06,2.57,0.05,0.08,-0.01,9.38,-0.16,2.84,-0.01,0.02,-0.06,9.37,0.25,3.03,-0.01,-0.06,-0.07,9.39,0.52,2.82,0.01,0.01,0.02,9.33,0.34,2.73,-0.06,0.05,0.01,9.38,0.11,2.87,-0.03,-0.03,-0.05,9.4,0.23,2.88
-0.69,0.6,2.01,9.75,-17.23,3.73,-1.17,0.63,1.09,8.24,-26.59,5.14,-1.55,-0.88,-2.39,4.54,-20.43,2.37,-2.35,-0.86,-4.23,1.84,-7.52,0.42,-1.49,0.67,-5.66,-0.47,12.77,2.44,-1.87,1.72,-2.43,5.38,24.57,10.89,-0.85,0.35,-0.41,9.27,17.9,6.8,-0.65,-0.19,0.3,10.27,10.51,2.4,-0.52,-0.22,0.71,9.53,3.58,0.65,-0.36,-0.23,0.29,9.51,3.08,0.18,-0.18,-0.08,0.17,9.45,3.75,0.68,-0.19,0.12,0.43,9.48,2.89,1.7,-0.13,0.06,0.52,9.5,1.52,2.17,0.05,-0.11,0.33,9.27,0.84,1.82,0.11,-0.16,0.17,9.27,1.2,1.6,0.03,-0.14,0.25,9.43,0.81,1.72,0.08,-0.15,0.22,9.43,0.45,1.48,0.03,-0.06,0.2,9.58,0.19,1.65,0.09,-0.03,0.09,9.64,0.22,1.76,0.12,-0.1,0.02,9.64,0.29,1.68,0.0,-0.11,0.01,9.72,0.24,1.5,0.08,-0.03,-0.01,9.6,0.57,1.42,0.02,0.09,0.09,9.52,0.86,1.57,-0.09,0.06,0.17,9.59,0.22,2.21,-0.03,-0.06,0.08,9.58,0.38,1.8,0.04,-0.01,0.05,9.58,0.53,1.6,0.0,-0.01,0.08,9.57,0.25,1.76,0.04,-0.06,0.03,9.59,0.3,1.45,0.04,0.05,0.05,9.53,0.27,1.6,0.03,0.06,0.05,9.57,0.18,1.88
-0.77,0.43,2.32,6.81,-14.05,3.39,-0.86,0.71,1.68,6.78,-21.41,4.86,-2.99,0.63,-0.14,4.49,-34.1,6.55,-2.41,-0.46,-6.06,-1.36,-21.72,5.03,-2.9,0.73,-8.38,-4.78,8.7,11.84,-1.87,-0.33,-6.22,3.32,39.85,11.58,-1.35,0.36,1.17,9.97,28.02,4.88,-1.47,0.25,2.64,10.16,4.53,2.82,-0.33,-0.27,0.37,8.93,-2.25,-3.1,-0.5,0.43,-0.51,9.43,0.33,-1.03,-0.25,0.36,-0.65,9.94,4.76,3.6,-0.02,-0.48,0.05,9.71,3.14,1.21,-0.13,-0.12,0.2,9.5,1.43,0.79,-0.02,0.01,0.06,9.21,1.57,2.33,0.06,-0.22,0.13,9.42,1.18,1.53,0.06,-0.0,0.2,9.55,0.25,1.14,0.04,0.2,0.15,9.65,-0.25,2.02,0.09,0.05,0.02,9.84,0.03,2.56,0.09,-0.08,-0.06,9.82,0.08,1.81,0.2,0.1,-0.1,9.44,0.7,1.3,0.03,0.12,0.09,9.58,1.02,2.01,0.03,0.08,0.27,9.45,0.3,1.87,0.05,0.17,0.21,9.63,-0.24,2.41,0.09,0.02,0.08,9.4,-0.31,2.22,0.1,-0.01,0.03,9.44,-0.05,2.05,0.09,-0.0,0.02,9.46,-0.16,2.33,0.09,-0.13,0.0,9.65,-0.43,2.13,0.07,-0.06,-0.1,9.5,0.08,1.59,-0.01,0.08,-0.02,9.48,0.3,2.11,-0.01,0.03,0.02,9.59,0.08,2.19
-1.48,0.02,2.86,6.08,-31.54,1.39,-2.77,0.02,0.15,3.11,-38.55,-3.09,-4.39,3.31,-5.82,-2.16,-17.8,10.59,-3.02,2.3,-6.78,-1.09,22.91,29.78,-0.92,-0.99,-4.79,5.66,38.89,11.47,-1.45,-0.04,0.27,8.76,23.81,-2.16,-0.87,0.34,1.52,8.19,7.49,-0.87,-0.13,0.06,0.54,8.15,1.03,-3.78,-0.21,0.51,0.46,9.1,1.13,-1.95,-0.09,0.55,0.49,10.04,1.06,1.24,-0.05,0.28,0.14,10.5,0.97,2.19,0.15,0.21,-0.09,10.14,1.23,1.88,0.12,0.1,-0.03,9.83,1.66,1.39,0.11,0.21,0.21,9.77,1.38,1.13,-0.03,0.34,0.55,9.9,-0.02,1.86,0.15,0.26,0.31,10.0,-0.78,2.41,-0.04,0.21,0.21,10.09,-1.09,2.65,0.02,0.11,0.08,10.0,-0.6,2.5,0.11,-0.03,-0.02,9.82,-0.01,2.35,-0.04,-0.02,0.06,9.54,0.13,1.84,0.04,0.04,0.1,9.55,-0.07,1.91,0.02,-0.01,0.18,9.68,-0.19,2.01,0.05,-0.05,0.16,9.43,-0.6,1.75,0.12,0.04,0.11,9.43,-0.56,1.77,0.11,-0.06,0.25,9.44,-0.3,2.41,-0.06,-0.13,0.3,9.53,-0.93,1.79,-0.05,-0.07,0.1,9.65,-1.12,1.7,-0.07,-0.04,-0.06,9.67,-0.63,1.92,-0.07,-0.07,0.0,9.66,-0.71,1.96,-0.0,-0.01,-0.05,9.65,-0.62,1.85
-0.6,0.21,3.56,6.89,-21.94,3.23,-3.2,-0.03,-0.07,4.39,-38.55,3.33,-2.99,0.35,-5.09,0.35,-31.37,-1.88,-2.96,3.32,-7.49,-4.58,-2.12,6.03,-0.25,-0.25,-3.0,0.39,37.51,21.07,-0.39,-0.56,-1.32,8.1,34.39,3.94,-0.87,0.43,0.85,8.96,12.39,0.7,-0.36,-0.12,0.99,7.8,1.52,-1.45,-0.04,-0.0,0.34,8.61,1.53,-1.31,-0.04,0.22,0.42,9.82,1.71,1.48,-0.08,0.11,0.4,9.68,-0.4,2.5,0.01,-0.05,0.02,9.46,-0.06,3.23,0.33,-0.23,-0.11,9.55,0.95,2.78,0.09,-0.05,0.05,9.34,1.15,1.36,-0.11,0.01,0.19,9.58,0.24,1.88,0.14,0.1,0.16,9.56,0.38,1.66,-0.06,0.33,0.28,9.61,-0.18,2.13,-0.0,0.02,0.05,9.74,-0.61,2.55,0.08,-0.08,-0.1,9.61,0.0,1.87,-0.04,0.11,-0.01,9.47,0.26,1.91,-0.04,0.03,-0.05,9.63,0.13,3.07,0.05,-0.13,-0.08,9.58,0.28,2.58,-0.07,0.03,0.04,9.52,0.05,2.33,-0.08,0.03,-0.02,9.62,0.22,2.89,-0.03,-0.22,-0.03,9.65,0.05,2.14,-0.02,-0.15,-0.01,9.57,0.14,1.72,-0.18,0.04,0.03,9.62,0.17,2.22,-0.16,-0.07,-0.0,9.52,0.13,2.6,0.01,-0.25,-0.1,9.61,0.59,1.84,-0.07,-0.13,0.01,9.51,0.46,1.53
-1.15,-0.24,2.87,8.8,-20.8,2.89,-2.73,-0.58,1.9,7.12,-35.27,0.87,-4.01,0.41,-3.02,1.22,-29.0,-4.36,-4.02,3.45,-5.58,-1.53,2.62,17.08,0.0,0.0,0.0,0.0,0.0,0.0,0.0,0.0,0.0,0.0,0.0,0.0,0.0,0.0,0.0,0.0,0.0,0.0,0.0,0.0,0.0,0.0,0.0,0.0,0.0,0.0,0.0,0.0,0.0,0.0,0.0,0.0,0.0,0.0,0.0,0.0,0.0,0.0,0.0,0.0,0.0,0.0,0.0,0.0,0.0,0.0,0.0,0.0,0.0,0.0,0.0,0.0,0.0,0.0,0.0,0.0,0.0,0.0,0.0,0.0,-0.22,0.27,0.52,9.42,1.26,-0.56,-0.09,0.24,0.29,9.56,1.1,-0.81,0.02,0.36,0.14,9.62,1.45,-0.3,0.04,0.24,0.08,9.77,0.86,0.05,0.03,0.21,0.01,10.1,0.62,0.05,0.0,0.0,0.0,0.0,0.0,0.0,0.0,0.0,0.0,0.0,0.0,0.0,0.0,0.0,0.0,0.0,0.0,0.0,0.0,0.0,0.0,0.0,0.0,0.0,0.0,0.0,0.0,0.0,0.0,0.0,0.0,0.0,0.0,0.0,0.0,0.0,0.0,0.0,0.0,0.0,0.0,0.0,0.0,0.0,0.0,0.0,0.0,0.0,0.0,0.0,0.0,0.0,0.0,0.0,-0.02,0.05,0.03,9.84,0.8,0.5,-0.05,-0.02,0.16,9.89,0.55,0.08
-2.93,-0.82,-0.69,9.88,-29.55,3.86,-4.35,-1.4,-3.03,2.53,-20.82,0.92,-3.14,0.37,-4.93,-2.31,2.83,6.03,-1.65,1.97,-5.31,0.63,39.87,30.37,-0.25,-2.81,-1.82,4.86,32.66,0.02,-0.45,-1.82,1.42,4.65,13.88,-12.24,-0.52,0.44,0.95,7.26,4.29,-4.09,-0.37,0.54,0.71,9.41,5.8,1.28,-0.03,0.09,0.84,9.81,4.64,0.89,-0.13,0.0,0.75,9.95,-0.22,-0.03,0.06,-0.05,0.11,9.92,1.04,0.39,-0.01,0.07,0.09,10.22,1.8,1.55,0.22,-0.17,0.08,10.07,1.24,0.26,-0.0,-0.09,0.09,9.91,1.17,0.03,-0.02,0.04,0.08,9.83,1.07,0.57,0.16,0.05,0.05,9.63,1.17,0.18,0.07,0.09,0.12,9.44,0.75,-0.05,0.11,0.1,0.06,9.38,1.12,0.38,0.14,0.05,0.02,9.75,0.85,0.61,0.19,0.03,-0.16,10.07,0.77,0.73,0.23,0.03,-0.29,9.88,2.07,0.85,0.06,0.03,0.19,9.73,1.7,0.59,-0.0,0.0,0.23,9.63,0.61,0.29,-0.13,0.05,0.1,9.57,0.32,0.77,-0.05,-0.03,-0.01,9.66,0.42,0.23,-0.17,0.01,-0.06,9.7,0.73,0.85,0.0,-0.12,-0.06,9.64,0.92,0.47,-0.09,0.04,0.09,9.61,0.99,0.4,-0.09,0.03,0.07,9.77,0.76,0.88,0.09,-0.17,-0.05,9.68,0.88,0.37
-2.06,0.2,3.32,6.41,-28.02,3.79,-3.78,0.16,0.74,4.92,-37.58,3.17,0.0,0.0,0.0,0.0,0.0,0.0,-1.86,2.22,-5.07,0.98,16.03,16.39,0.0,0.0,0.0,0.0,0.0,0.0,-2.2,0.1,-2.06,12.24,26.5,8.36,-1.52,-0.71,-1.35,10.29,15.24,-0.98,-1.56,-0.4,-0.67,7.76,9.0,-4.37,-0.84,-0.3,0.09,8.21,4.94,-5.64,-0.6,0.33,0.28,9.17,4.57,-3.41,-0.33,0.57,0.46,9.74,1.23,0.16,-0.05,0.27,0.05,9.95,1.22,0.9,-0.01,0.19,-0.05,9.77,1.44,0.54,-0.06,0.34,-0.07,9.83,1.44,1.41,0.06,0.09,-0.06,9.8,1.95,1.81,-0.01,0.1,0.14,9.83,1.87,1.18,-0.06,0.33,0.4,9.86,0.42,2.12,-0.18,0.16,0.48,9.97,0.06,2.61,-0.2,-0.01,0.44,9.73,-0.13,2.82,-0.22,-0.26,0.21,9.8,-0.42,3.21,-0.04,-0.62,0.02,9.38,0.23,2.37,0.06,-0.62,0.21,9.01,0.34,1.85,0.18,-0.64,0.35,9.27,-0.65,0.84,-0.13,-0.49,0.3,9.55,-0.76,0.6,-0.28,-0.58,0.21,9.41,-1.35,0.77,0.02,-0.7,-0.2,8.96,-1.26,-0.25,-0.18,-0.74,-0.24,11.65,-1.01,-1.36,0.15,-0.53,0.06,13.67,0.18,-3.08,0.0,0.0,0.0,0.0,0.0,0.0,0.0,0.0,0.0,0.0,0.0,0.0
-1.15,0.3,-6.9,-2.84,4.16,6.46,-2.04,0.04,-4.8,3.53,21.95,5.5,-0.63,0.64,-1.51,11.42,18.7,1.6,-0.74,0.99,-0.5,14.79,12.32,0.33,-0.5,0.66,-0.02,13.88,7.42,2.02,0.07,-0.03,0.15,11.53,4.3,0.17,0.09,0.12,0.33,9.79,1.36,1.07,0.23,-0.14,0.17,9.58,0.63,1.69,0.36,-0.24,0.05,9.73,0.84,0.93,0.08,0.09,0.32,9.66,0.82,1.65,0.07,0.04,0.37,9.56,0.11,1.77,0.16,-0.03,0.23,9.58,0.0,1.51,0.2,0.03,0.19,9.49,0.05,0.94,0.08,0.12,0.25,9.57,-0.23,1.64,0.23,-0.13,0.16,9.39,-0.73,1.16,0.12,0.02,0.11,9.34,-0.61,1.06,0.06,0.13,0.13,9.58,-0.92,2.09,0.03,-0.13,-0.0,9.84,-0.99,2.03,0.0,-0.06,-0.13,9.74,-0.3,1.37,-0.07,0.02,-0.06,9.62,0.05,1.64,-0.06,-0.07,0.01,9.78,-0.36,1.38,-0.01,0.01,-0.07,9.65,-0.04,1.12,-0.08,0.07,-0.04,9.72,0.02,1.42,-0.02,-0.09,-0.05,9.84,0.02,1.28,-0.01,-0.02,-0.05,9.68,0.21,0.97,-0.09,0.11,0.04,9.67,0.03,1.28,-0.01,-0.05,-0.04,9.73,-0.15,1.24,0.08,-0.04,-0.1,9.55,0.25,0.87,-0.07,0.11,0.02,9.62,0.1,1.14,0.02,0.08,-0.02,9.6,0.0,1.48
-3.12,1.5,0.02,5.32,-30.1,3.6,-2.69,0.88,-3.77,1.01,-19.6,4.78,-3.33,0.62,-4.06,-0.5,10.79,8.42,-2.45,0.32,-1.53,4.38,14.84,10.67,-1.28,-0.11,-0.6,10.98,12.09,5.45,-0.99,0.16,-0.56,13.85,8.72,3.36,-0.58,-0.04,-0.83,13.69,7.64,2.62,-0.25,-0.36,-0.33,12.02,4.72,0.21,-0.02,-0.42,-0.07,10.85,3.19,-0.44,0.06,-0.33,-0.02,9.14,1.73,-0.25,0.27,-0.23,0.12,9.61,0.93,-0.1,0.1,0.06,0.31,9.94,0.13,0.82,0.11,0.06,0.22,9.83,-0.42,1.56,0.24,-0.03,0.13,9.75,0.05,1.14,0.23,0.08,0.17,9.72,-0.27,0.77,0.07,0.14,0.2,9.8,-0.89,1.5,0.14,-0.15,0.03,9.68,-0.33,1.2,0.13,-0.05,0.14,9.8,-0.11,0.76,0.03,0.08,0.24,9.63,-0.74,1.65,0.19,-0.12,0.13,9.84,-0.75,1.2,0.32,-0.17,0.01,9.73,-0.56,0.68,0.15,-0.03,0.06,9.5,-0.67,1.0,-0.01,-0.05,0.1,9.64,-0.59,1.13,0.15,-0.09,0.1,9.69,-0.52,0.95,0.02,-0.04,0.15,9.6,-1.07,0.95,-0.02,-0.03,0.07,9.53,-0.97,0.84,-0.04,0.05,0.08,9.66,-0.76,0.82,0.01,-0.02,0.04,9.82,-0.99,1.15,0.02,-0.08,-0.07,9.78,-0.7,1.05,-0.0,-0.06,-0.05,9.74,-0.5,0.75
-2.19,0.31,-0.99,5.3,-14.65,2.29,-2.55,0.68,-2.54,4.03,-8.38,3.69,-2.34,1.09,-4.21,3.85,0.95,6.47,-2.32,1.22,-4.2,5.43,11.77,9.23,-2.04,0.63,-2.73,8.59,14.72,8.26,-0.84,-0.43,-1.26,10.47,11.02,0.6,-0.75,-0.11,-0.53,10.55,7.78,-0.3,-0.57,-0.05,-0.2,10.18,5.76,-0.16,-0.19,-0.11,-0.11,9.5,4.43,0.25,-0.06,-0.1,-0.01,9.53,3.55,0.54,0.08,-0.11,0.03,9.96,3.2,0.78,0.23,-0.09,0.2,9.79,2.84,0.5,0.16,-0.01,0.5,9.47,1.47,0.85,0.29,-0.03,0.29,9.31,0.96,0.98,0.27,-0.0,0.3,9.55,1.02,1.21,0.33,-0.0,0.36,9.68,0.55,0.86,0.16,0.11,0.33,9.63,0.58,1.24,0.1,0.09,0.33,9.75,0.48,1.32,0.05,0.08,0.28,9.8,0.25,1.41,0.14,0.03,0.13,9.71,0.2,1.39,0.12,-0.01,0.09,9.57,0.43,1.16,0.06,-0.01,0.1,9.59,0.35,1.16,0.08,0.0,0.09,9.6,0.35,1.12,0.01,0.07,0.14,9.72,0.39,1.08,0.09,0.07,0.05,9.74,0.28,1.33,0.27,0.01,-0.12,9.75,0.65,1.28,0.15,0.03,-0.2,9.91,0.96,1.11,-0.09,0.17,-0.13,10.04,1.07,1.67,0.07,0.05,-0.04,9.82,1.09,1.65,0.03,-0.09,0.18,9.63,0.48,0.92
-1.32,-0.37,2.41,6.93,-19.59,2.28,-2.36,0.03,0.92,3.67,-21.47,3.38,-1.86,-0.16,-2.62,2.81,-6.11,2.14,-2.91,0.68,-2.33,5.38,3.56,4.39,-2.44,1.09,-1.6,9.21,6.1,4.81,-1.74,0.71,-2.26,10.63,10.3,5.03,-0.86,0.08,-1.52,12.09,7.64,1.48,-0.29,-0.34,-1.17,11.75,4.21,-2.3,-0.18,-0.15,-0.52,10.44,1.96,-2.09,-0.03,0.02,-0.21,9.83,0.25,-1.09,-0.13,0.11,-0.19,9.79,-0.09,0.01,-0.04,0.14,-0.16,9.98,0.02,0.6,-0.07,0.18,0.01,10.43,-0.19,1.01,0.1,-0.05,-0.03,10.13,0.22,0.54,0.07,-0.06,0.13,9.95,-0.33,0.39,0.08,-0.0,0.22,9.67,-1.18,0.46,0.15,-0.07,0.14,9.53,-1.37,0.36,0.11,-0.0,0.09,9.72,-1.24,0.42,0.1,0.04,0.08,9.75,-1.23,0.53,0.11,-0.05,0.02,9.67,-1.19,0.32,0.07,-0.04,0.01,9.66,-1.12,0.14,0.07,0.02,0.02,9.65,-1.06,0.22,0.1,0.01,0.06,9.64,-1.08,0.56,0.16,-0.05,0.05,9.65,-0.96,0.04,0.11,0.1,0.13,9.65,-1.0,0.13,0.12,0.09,0.17,9.88,-1.28,0.38,0.2,-0.03,0.08,9.83,-1.0,-0.11,0.14,0.12,0.14,9.76,-0.96,0.34,0.13,0.11,0.16,9.72,-1.41,0.69,0.06,0.05,0.12,9.73,-1.62,0.75
-3.83,0.26,3.11,7.4,-35.43,3.76,-3.9,-0.62,-3.78,-0.56,-35.47,2.88,-4.54,1.5,-5.98,-5.85,-0.78,11.45,-4.02,0.93,-5.31,5.31,34.53,11.99,-2.44,0.31,-1.13,9.23,26.83,5.83,-1.21,-0.1,-0.21,10.16,14.78,0.75,-0.24,-0.01,0.03,12.79,7.6,-5.1,0.17,0.04,0.2,12.1,4.6,-0.34,0.41,-0.59,0.3,8.85,2.06,-2.04,0.34,-0.03,0.53,8.43,-0.28,-1.81,0.29,0.23,0.16,9.07,-0.8,0.42,0.27,0.03,-0.12,10.2,0.02,0.64,0.25,0.02,-0.1,10.27,1.22,-0.12,0.09,0.15,0.08,9.76,1.22,0.2,0.13,0.09,0.18,9.63,0.51,0.0,0.07,0.06,0.19,9.6,0.63,-0.08,0.09,0.01,0.2,9.68,0.6,0.15,0.3,-0.06,0.19,9.65,0.15,-0.45,0.21,0.07,0.12,9.62,0.06,-0.07,0.33,-0.08,-0.02,9.77,0.48,-0.08,0.44,-0.08,0.15,10.0,0.52,-0.21,0.44,-0.12,0.15,9.94,0.33,-0.03,0.31,-0.23,0.18,9.72,0.35,-0.26,0.41,-0.21,0.13,9.69,0.42,-0.11,0.28,-0.17,0.12,9.74,0.25,-0.18,0.22,0.04,0.1,10.03,-0.21,-0.26,0.27,0.03,0.03,9.9,-0.12,-0.17,0.1,-0.04,0.03,9.68,0.25,-0.24,-0.05,0.03,0.21,9.88,-0.07,-0.09,-0.14,0.03,0.23,10.13,0.12,-0.26
-0.81,-0.33,2.53,8.97,-15.39,2.8,-3.64,0.22,2.3,5.23,-29.39,3.16,-2.5,-0.13,-1.65,-1.09,-24.66,3.05,-1.38,0.54,-6.25,-2.75,-0.2,2.9,-2.69,1.95,-1.76,5.03,26.95,12.92,-1.74,0.88,0.09,16.87,18.76,7.75,-0.14,-0.79,-0.13,14.4,6.31,-1.92,-0.18,-0.89,-0.06,11.12,1.12,-3.63,-0.16,-0.12,-0.03,9.78,-0.85,-2.47,0.08,-0.09,-0.38,9.42,0.66,-0.25,0.36,0.11,-0.19,9.76,0.7,-0.41,0.12,0.57,0.16,10.24,-0.91,2.77,0.2,-0.02,0.01,10.05,-1.08,2.05,0.12,-0.11,0.02,9.79,-1.34,1.2,0.24,-0.16,-0.12,9.53,-0.89,0.74,0.1,-0.15,0.01,9.59,-0.39,0.74,0.11,0.0,0.14,9.83,-0.59,0.8,0.14,0.07,0.15,9.78,-1.09,1.06,-0.03,0.02,0.15,9.63,-1.42,1.31,-0.03,-0.11,0.06,9.61,-1.28,1.05,0.12,-0.07,-0.03,9.56,-1.14,0.7,0.01,-0.05,-0.02,9.62,-1.26,0.79,-0.1,-0.19,-0.04,9.78,-1.32,0.67,0.05,-0.02,-0.05,9.78,-0.93,0.41,-0.14,0.02,0.01,9.8,-1.19,1.05,-0.13,-0.19,-0.11,9.77,-1.26,1.01,-0.07,-0.24,-0.22,9.72,-0.72,0.23,-0.2,-0.08,-0.11,9.78,-0.75,0.56,-0.11,-0.15,-0.12,9.77,-0.81,0.8,0.0,-0.15,-0.15,9.77,-0.52,0.02
-1.53,0.11,2.46,9.8,-31.62,8.05,-2.65,-1.82,-1.94,5.17,-38.56,5.18,-5.27,-0.68,-5.73,-2.32,-24.83,-5.92,-3.74,3.54,-7.63,-7.58,30.8,29.38,-2.22,-2.36,-2.78,2.24,39.66,12.49,-1.02,-1.43,-1.08,6.73,25.41,0.52,-0.17,-0.81,0.51,6.46,7.83,-5.44,-0.09,-0.32,0.64,8.58,3.64,-4.96,-0.01,0.25,0.49,9.83,2.25,-0.95,0.26,0.06,0.1,9.86,3.68,0.65,-0.03,-0.02,0.51,9.95,1.66,0.9,0.07,0.14,0.28,9.79,0.97,1.02,0.19,0.16,-0.03,9.64,2.1,1.27,-0.02,0.02,0.15,9.73,2.07,0.94,-0.05,-0.0,0.19,9.79,1.58,0.49,0.04,0.11,0.04,9.77,1.72,1.0,0.02,-0.07,-0.0,9.65,1.8,0.57,0.06,0.02,-0.05,9.52,2.64,-0.25,0.03,0.22,0.11,9.36,2.35,0.75,0.07,0.16,0.18,9.43,2.41,0.77,0.22,0.26,0.29,9.16,1.74,0.8,0.36,0.33,0.15,9.03,1.52,0.84,0.29,0.34,0.11,9.25,0.48,1.2,0.29,0.26,-0.05,9.5,0.95,1.38,0.0,0.08,-0.0,9.72,1.65,0.96,-0.06,0.08,0.03,9.81,1.74,0.97,-0.1,0.18,0.06,9.87,2.06,1.1,-0.21,0.06,0.21,9.96,1.54,1.21,-0.21,0.02,0.2,9.97,1.33,0.76,-0.06,0.23,0.12,9.87,1.27,1.51
-2.79,0.72,-2.92,5.66,-16.75,2.64,-2.73,1.1,-4.2,3.62,2.15,6.6,-2.51,1.17,-2.86,5.16,22.5,7.91,-1.15,0.88,-0.82,8.32,20.29,8.98,-0.53,-0.06,0.25,9.5,9.57,4.91,-0.02,-0.16,-0.05,8.59,2.41,0.73,0.01,-0.03,-0.33,9.02,1.92,1.45,-0.02,-0.26,-0.36,9.42,3.07,2.47,0.04,-0.28,-0.08,9.41,1.69,1.7,-0.04,-0.18,-0.09,9.24,1.15,1.97,0.04,-0.17,-0.16,9.28,1.21,1.36,-0.08,0.08,0.18,9.24,2.1,1.69,-0.31,0.21,0.33,9.63,0.25,2.51,-0.2,0.14,0.21,9.46,0.16,1.87,-0.03,0.28,0.07,9.76,0.48,2.5,-0.03,0.05,0.02,9.91,0.61,3.46,-0.01,-0.15,-0.04,9.73,0.81,2.62,0.03,0.03,0.09,9.49,0.75,2.05,0.14,0.04,0.06,9.49,0.48,2.36,0.04,0.02,0.1,9.58,0.02,2.73,0.15,-0.14,-0.01,9.51,0.37,2.27,0.11,-0.09,0.03,9.42,0.5,2.02,-0.0,0.01,0.09,9.44,0.33,2.07,0.0,-0.04,0.12,9.44,0.34,2.37,0.06,-0.09,0.07,9.44,0.51,2.01,0.11,-0.04,0.07,9.4,0.45,1.86,0.01,0.09,0.13,9.36,0.02,2.1,0.1,0.08,0.05,9.39,0.12,2.62,-0.01,-0.04,0.03,9.61,0.29,2.56,0.03,-0.05,0.03,9.58,0.36,2.15
-1.9,-0.67,-1.65,8.39,-14.25,4.82,-2.09,-0.45,-2.49,6.85,-6.96,3.0,-1.97,0.56,-2.87,5.49,6.79,5.49,-1.78,-0.08,-2.06,7.15,13.52,5.88,-1.06,-0.11,-1.63,8.33,15.98,3.45,-1.12,0.01,-0.13,8.77,11.9,3.0,-0.53,-0.63,0.3,8.61,3.92,-0.95,-0.31,-0.39,0.01,8.3,2.78,-2.93,-0.49,0.14,0.26,8.98,1.66,-0.64,-0.32,0.05,0.02,9.5,1.74,1.11,-0.15,0.03,-0.02,9.57,1.88,1.37,0.01,0.03,0.03,9.5,1.99,1.12,-0.09,0.12,0.28,9.66,0.92,1.63,0.05,-0.0,0.14,9.69,0.2,1.29,0.04,0.04,0.09,9.97,0.6,1.13,-0.09,0.12,0.23,10.17,-0.03,1.9,0.06,-0.02,0.07,10.07,-0.41,1.98,0.11,-0.14,-0.13,9.86,0.16,1.37,0.04,-0.04,-0.08,9.73,0.32,1.09,-0.09,-0.04,0.01,9.73,0.23,1.61,0.03,-0.05,-0.03,9.55,0.07,1.2,0.02,-0.01,-0.06,9.54,0.42,1.18,-0.15,-0.02,0.03,9.8,0.26,1.63,0.11,-0.08,-0.11,9.5,0.73,1.08,-0.13,-0.02,0.04,9.57,0.54,1.32,0.05,-0.05,-0.04,9.41,0.09,0.83,-0.01,0.01,-0.08,9.37,0.34,0.94,-0.05,0.06,-0.08,9.51,0.28,1.16,0.1,0.03,-0.13,9.6,0.92,1.18,-0.01,0.08,0.01,9.78,0.52,1.47
-2.9,-0.32,1.05,7.88,-22.37,4.06,-2.54,-0.09,-2.09,5.86,-16.12,3.49,-3.09,0.89,-3.65,5.54,3.03,6.53,-2.74,0.52,-2.6,7.84,12.02,7.68,-1.14,-0.14,-2.53,9.0,18.47,0.68,-1.12,0.35,-0.5,9.42,16.2,-0.28,-0.92,0.43,0.92,9.71,7.31,-0.63,-0.1,0.42,0.45,9.53,2.6,-0.01,0.08,0.32,0.39,9.24,0.88,0.57,0.03,0.33,0.39,9.73,-0.78,1.54,0.36,0.16,-0.12,9.83,-0.39,1.8,0.31,0.11,-0.18,9.82,0.47,1.84,0.03,0.21,0.09,9.91,0.16,2.14,0.08,0.16,0.08,10.06,-0.18,2.43,0.2,0.04,0.04,10.03,-0.45,2.11,0.13,0.13,0.08,9.93,-0.8,1.95,-0.03,0.15,0.05,9.96,-0.99,2.44,0.2,-0.05,-0.13,9.71,-0.17,2.12,0.16,-0.01,-0.03,9.73,-0.1,2.17,0.13,-0.09,-0.05,9.64,-0.28,2.12,0.07,-0.19,-0.09,9.51,-0.08,1.95,0.03,-0.03,0.06,9.59,-0.42,1.68,-0.01,0.03,0.06,9.58,-0.69,2.09,0.04,-0.11,-0.06,9.54,-0.31,1.75,-0.12,-0.0,0.05,9.59,-0.02,1.65,-0.05,0.02,0.03,9.58,-0.29,1.78,0.01,0.06,-0.04,9.49,-0.25,1.95,0.0,-0.04,-0.07,9.58,-0.19,1.78,-0.1,0.0,-0.01,9.62,0.07,1.82,-0.03,-0.0,0.0,9.7,-0.22,1.95
-2.9,-0.29,-0.65,8.45,-22.42,2.46,-2.53,-0.39,-3.39,5.52,-15.45,1.76,-3.01,-0.12,-4.01,3.08,-6.01,2.84,-0.3,-0.1,-5.44,1.44,14.77,7.56,-0.77,-0.58,-3.29,3.63,30.32,7.27,-1.03,-0.12,-0.19,7.06,22.69,3.19,-0.86,0.09,1.2,7.7,8.47,0.88,-0.59,-0.03,0.92,7.93,4.53,-1.14,-0.29,0.26,0.77,8.51,1.54,-1.62,-0.16,0.32,0.46,9.22,0.98,0.18,-0.07,0.17,0.07,9.38,1.43,1.42,-0.03,0.06,-0.11,9.41,1.98,1.8,0.05,-0.04,-0.19,9.39,2.16,1.12,0.05,0.03,-0.18,9.38,2.83,0.7,-0.11,0.13,0.07,9.66,2.51,1.05,-0.01,0.13,0.22,9.67,1.77,0.99,-0.02,0.2,0.22,9.89,1.14,1.27,0.04,0.11,0.02,9.79,1.69,1.21,0.08,0.12,0.03,9.72,1.77,1.42,0.01,0.11,0.11,9.69,0.81,1.44,0.19,0.14,-0.14,9.53,0.89,1.44,0.11,0.13,-0.27,9.33,1.77,1.32,-0.06,0.1,-0.12,9.29,2.38,1.32,0.08,0.14,-0.02,9.32,2.49,1.31,0.07,0.15,0.15,9.46,2.05,1.37,0.14,0.14,0.24,9.56,1.45,1.56,0.08,0.1,0.15,9.6,1.18,1.6,0.08,0.04,0.02,9.52,1.32,1.66,0.02,0.0,-0.05,9.53,1.42,1.68,0.07,-0.02,-0.09,9.48,1.7,1.43
-2.2,0.49,1.99,6.77,-19.78,2.63,-2.23,0.55,-0.56,6.85,-30.63,1.0,-2.39,0.69,-4.16,1.99,-14.96,1.6,-2.94,1.76,-4.82,2.22,7.12,10.54,-1.15,0.12,-3.45,5.65,23.96,14.86,-1.1,-0.76,-1.43,8.36,21.26,6.16,-0.57,-0.78,-0.02,8.9,11.12,0.79,-0.18,-0.61,0.08,8.31,5.77,-3.4,-0.2,0.09,0.2,9.24,2.29,-2.55,-0.01,0.22,-0.06,10.53,2.23,0.28,0.17,0.04,-0.03,11.02,2.38,1.21,0.11,0.03,0.01,10.84,2.28,1.34,0.09,-0.03,0.13,10.13,2.49,2.24,0.29,-0.26,0.21,9.53,2.14,2.08,0.16,-0.23,0.3,9.37,0.92,1.02,0.06,-0.21,0.16,9.29,0.53,0.49,0.16,-0.14,0.08,9.31,1.35,0.09,0.03,0.07,0.25,9.57,0.59,0.29,-0.06,0.16,0.16,9.86,0.19,1.06,0.07,0.07,0.07,9.97,0.21,0.91,-0.04,0.11,0.01,9.84,0.08,1.02,-0.01,-0.02,-0.08,9.79,0.23,1.3,0.16,-0.04,-0.16,9.68,0.85,0.59,-0.14,0.11,0.01,9.83,0.87,1.28,-0.01,-0.05,-0.09,9.84,0.7,1.36,0.02,-0.04,-0.1,9.77,1.25,0.9,-0.05,-0.01,-0.02,9.79,1.14,1.15,-0.12,-0.09,-0.01,9.67,0.91,0.86,-0.08,-0.06,-0.06,9.67,1.17,0.68,-0.07,0.04,0.02,9.74,1.29,1.21
-0.42,-0.64,1.96,8.56,-11.94,3.01,-2.85,-0.13,0.93,8.45,-19.04,2.73,-2.89,0.46,-1.1,6.22,-24.05,4.34,-3.44,0.02,-4.04,0.45,-11.54,7.96,-3.06,0.01,-4.0,-0.32,5.97,9.71,-2.52,-0.35,-2.22,3.6,15.57,8.03,-1.16,-0.34,-1.08,9.19,16.0,1.62,-1.25,0.07,-0.55,12.99,10.18,0.52,-0.69,-0.05,-0.76,12.35,8.17,-0.2,-0.32,-0.14,-0.13,11.31,5.54,-0.23,-0.11,-0.31,-0.06,10.06,3.08,-0.21,0.25,-0.41,-0.17,9.32,2.48,-0.8,0.44,-0.04,0.08,9.72,1.86,-0.8,0.12,0.25,0.25,10.05,0.81,0.21,0.11,0.11,0.11,10.09,0.33,1.12,0.33,-0.35,-0.13,9.86,1.31,0.71,0.26,-0.21,0.1,9.76,1.77,-0.25,0.09,0.09,0.34,9.7,0.72,-0.15,0.06,0.12,0.35,9.5,0.29,0.39,0.19,-0.04,0.19,9.73,-0.22,0.28,0.3,0.03,0.14,9.56,0.17,0.03,0.08,0.16,0.23,9.55,-0.38,0.41,0.07,0.11,0.15,9.64,-0.39,0.56,0.1,0.1,0.07,9.79,-0.16,0.74,0.11,0.12,0.07,9.81,-0.13,0.78,-0.02,0.07,0.05,9.97,-0.25,1.33,0.06,-0.11,-0.06,9.9,-0.11,1.04,0.11,-0.09,-0.1,9.76,0.36,0.42,0.01,0.01,-0.01,9.72,0.38,0.49,-0.01,0.0,0.03,9.83,0.08,0.66
-0.57,-0.08,2.42,9.37,-17.52,5.31,-3.23,-0.71,2.14,4.99,-36.41,4.21,-3.42,-0.31,-4.29,-2.12,-25.73,4.19,-3.98,0.44,-7.12,-3.95,8.99,12.21,-3.07,-0.23,-4.08,3.36,24.0,7.55,-1.68,0.08,-2.13,7.94,22.14,6.39,-1.04,-0.53,-0.99,9.78,16.48,0.34,-0.76,-0.19,0.49,11.41,8.52,-4.44,-0.58,0.34,0.63,11.46,4.9,-1.79,-0.12,0.01,0.37,10.19,4.37,0.77,0.28,-0.31,0.43,8.93,3.13,-1.03,-0.04,0.1,0.67,8.88,1.3,-0.24,0.14,0.05,0.38,9.39,0.31,0.63,0.3,-0.06,0.13,9.84,1.58,-0.49,0.12,0.21,0.35,10.04,0.75,0.03,0.19,0.13,0.16,9.84,0.41,0.85,0.25,-0.09,0.06,9.57,1.63,0.58,0.23,-0.0,0.28,9.86,1.3,0.17,0.16,0.02,0.36,9.89,0.55,0.33,0.3,-0.07,0.1,9.48,0.56,-0.04,0.43,0.03,0.06,9.32,0.75,-0.43,0.25,0.22,0.14,9.4,0.28,0.24,0.09,0.07,0.09,9.6,0.01,0.79,0.25,0.05,-0.01,9.79,0.37,0.12,0.06,0.21,0.09,9.88,0.39,0.65,0.06,-0.02,-0.04,9.96,0.14,0.95,0.0,0.05,-0.01,9.84,0.51,0.35,-0.09,0.07,0.03,9.94,0.36,1.05,0.04,-0.15,-0.14,9.73,0.56,0.34,-0.11,-0.01,-0.06,9.83,0.68,0.34
-0.02,0.45,3.3,4.74,-11.4,2.45,-0.38,0.99,3.53,2.97,-19.69,1.94,-3.71,2.25,-1.84,0.36,-23.75,10.99,-2.36,0.09,-5.73,-1.21,-13.21,12.51,-2.25,-0.39,-6.71,1.1,13.93,10.58,-1.99,0.08,-3.73,6.61,18.98,10.9,-0.92,-1.11,-2.36,8.94,16.14,4.02,-0.66,-0.65,-1.05,11.42,11.93,-5.55,-0.38,0.25,-0.1,12.19,9.7,-3.69,0.2,0.18,0.31,11.62,5.05,-0.18,0.44,0.09,0.34,10.22,3.4,1.33,0.21,0.11,0.55,10.14,1.61,1.95,0.33,-0.18,0.3,9.78,0.52,2.2,0.28,-0.14,0.21,9.69,0.7,1.98,0.19,-0.13,0.29,9.57,0.34,1.67,0.14,-0.15,0.25,9.57,0.16,1.45,0.18,-0.19,0.16,9.34,0.35,0.97,0.11,-0.05,0.22,9.38,0.3,0.95,0.08,-0.02,0.24,9.5,0.09,1.18,0.12,-0.03,0.2,9.53,0.1,1.37,0.17,-0.02,0.2,9.45,-0.2,1.24,0.21,0.05,0.07,9.36,-0.72,1.2,0.13,0.06,-0.01,9.43,-0.37,1.44,0.13,0.03,0.01,9.55,-0.32,1.41,0.04,0.09,0.02,9.71,-0.02,1.29,0.05,0.06,-0.0,9.79,0.0,1.82,0.16,-0.07,-0.06,9.83,0.25,1.67,0.04,-0.02,0.03,9.78,0.05,1.5,0.12,-0.05,-0.02,9.76,0.03,1.58,0.22,-0.14,-0.08,9.75,0.34,1.35
-0.53,0.72,2.32,9.43,-16.55,4.21,-2.64,1.0,3.12,10.65,-31.45,5.87,-3.41,0.46,-1.23,9.06,-28.71,6.67,-3.9,0.68,-3.16,5.12,-10.27,8.08,-1.92,0.49,-2.91,3.69,11.79,6.33,-0.96,0.7,-2.85,5.76,20.64,1.88,-1.88,1.17,-1.41,7.38,20.24,5.94,-0.76,0.25,0.41,8.48,6.62,2.61,-0.45,-0.21,0.13,8.19,1.45,1.18,0.02,-0.68,-0.34,6.88,1.54,-1.57,-0.14,-0.12,0.33,7.36,-0.55,-2.8,-0.23,0.37,0.65,8.19,-2.63,-1.29,-0.18,0.58,0.47,9.5,-3.89,1.95,0.15,-0.05,-0.26,9.94,-3.25,1.56,0.3,-0.14,-0.55,9.75,-1.31,0.5,0.07,-0.03,-0.27,9.88,-0.98,0.53,0.1,0.07,0.09,9.7,-1.49,0.29,-0.0,0.3,0.25,9.89,-2.49,1.1,0.1,0.18,0.12,9.89,-2.97,1.35,0.15,0.06,-0.08,9.82,-2.39,1.28,0.13,0.02,-0.07,9.74,-1.77,1.25,0.13,-0.05,0.01,9.65,-1.9,1.36,0.12,-0.03,0.05,9.48,-2.22,1.22,0.05,-0.07,0.09,9.5,-2.58,1.6,0.05,-0.26,0.01,9.52,-2.62,1.16,0.03,-0.26,-0.08,9.44,-2.12,0.74,-0.04,-0.17,0.0,9.32,-2.29,0.27,0.01,-0.02,0.03,9.31,-2.23,0.32,0.05,0.05,0.13,9.37,-2.35,0.61,0.1,0.08,0.12,9.3,-1.99,0.44
-1.95,-0.75,2.1,5.92,-25.32,6.28,-2.98,-0.69,-0.63,6.02,-33.15,3.37,-4.16,-0.19,-3.57,1.9,-25.76,2.87,-2.88,0.95,-5.91,-0.22,16.87,9.59,-1.83,0.45,-3.79,7.21,36.67,9.19,-1.3,-0.05,-1.18,11.68,32.85,4.95,-0.58,-0.14,0.58,10.11,9.09,-3.18,-0.46,-0.03,0.32,9.61,4.3,-2.55,-0.06,-0.13,0.0,9.91,3.13,-1.9,-0.01,0.09,0.1,10.31,4.17,-1.07,-0.03,0.27,0.33,10.11,3.19,-0.25,0.08,0.28,0.26,9.86,1.51,1.47,0.08,0.06,0.15,9.9,2.27,0.84,-0.05,0.19,0.41,9.85,2.25,0.9,0.05,0.33,0.54,9.75,0.53,1.16,0.17,0.33,0.29,9.77,0.64,1.8,0.16,0.2,0.12,9.86,0.9,1.53,0.18,0.22,0.16,9.81,1.13,1.55,-0.04,0.21,0.28,9.78,0.24,1.76,0.08,0.09,0.07,9.57,0.38,1.64,0.01,-0.02,0.07,9.56,0.99,1.48,-0.04,0.05,0.13,9.48,0.9,1.4,-0.11,0.12,0.15,9.57,0.65,1.55,-0.1,0.11,0.14,9.55,0.51,1.77,-0.19,0.07,0.11,9.62,0.55,1.52,-0.18,0.06,0.05,9.7,0.32,1.7,-0.09,-0.02,-0.09,9.75,0.74,1.43,-0.07,0.04,-0.1,9.73,0.93,1.58,-0.04,0.02,-0.05,9.8,0.83,1.8,-0.04,-0.08,-0.05,9.83,0.71,1.46
-1.86,0.48,2.08,10.21,-25.4,8.22,-3.13,-0.4,-0.27,8.0,-30.16,7.69,-3.5,-0.3,-4.26,3.0,-11.01,5.02,-3.38,0.9,-4.92,1.53,13.72,12.94,-1.67,-1.09,-3.76,6.15,31.06,5.65,-1.36,-0.88,-0.72,8.21,24.32,-1.3,-0.76,-0.49,0.61,7.87,13.61,-3.88,-0.42,-0.02,0.71,7.1,3.13,-4.58,-0.1,0.28,0.41,8.71,2.43,-2.16,-0.07,0.47,0.43,9.63,1.95,0.36,0.13,0.25,0.37,9.76,0.92,1.32,0.09,0.13,0.18,10.07,0.48,1.6,0.06,0.05,0.08,9.96,0.47,1.66,0.04,0.04,0.08,9.93,0.44,1.37,0.02,-0.03,0.05,9.87,0.01,0.93,0.08,-0.03,-0.05,9.8,0.33,0.53,0.02,0.04,-0.05,9.92,0.76,0.66,0.06,-0.02,-0.04,9.76,0.86,0.59,-0.01,0.0,-0.0,9.7,0.82,0.24,0.0,0.14,0.06,9.52,0.99,0.7,0.04,0.08,0.17,9.76,0.33,1.32,0.18,0.02,0.01,9.74,0.22,1.05,0.05,0.07,0.01,9.64,0.32,0.84,-0.04,0.08,0.0,9.65,0.2,1.2,-0.01,-0.01,-0.07,9.6,0.41,1.02,-0.04,0.04,-0.05,9.86,0.29,1.29,0.06,-0.08,-0.16,9.83,0.83,1.1,0.01,-0.04,-0.04,9.86,1.17,0.87,-0.1,0.03,0.03,9.9,0.4,0.71,-0.05,0.04,-0.05,9.84,0.37,0.8
-2.98,0.41,1.45,9.04,-27.73,9.06,-4.03,-1.21,-1.09,2.97,-34.2,6.16,-4.63,-0.78,-5.47,-3.15,-14.25,3.89,-2.45,1.07,-6.28,0.13,38.02,19.2,-0.5,-1.03,-1.29,9.62,39.37,7.85,-0.09,-0.97,0.96,8.75,19.92,-5.06,0.04,0.34,1.74,7.03,2.25,-4.87,0.18,0.57,0.96,8.65,-0.78,-1.22,0.21,0.33,0.53,9.9,-1.05,1.04,0.16,-0.02,0.13,10.08,-0.83,2.35,0.16,-0.28,-0.14,9.73,-0.52,1.74,0.25,-0.25,-0.32,9.27,0.78,1.2,0.16,-0.11,-0.17,9.51,1.51,1.36,0.04,-0.04,-0.02,9.49,1.97,1.44,-0.14,0.01,0.22,9.6,0.38,1.19,0.12,-0.02,0.06,9.31,0.15,0.8,0.16,0.11,-0.1,9.33,-0.16,0.84,0.16,0.08,-0.23,9.43,0.27,1.07,0.1,-0.03,-0.13,9.74,0.27,0.7,-0.08,0.04,-0.09,9.96,0.54,0.72,-0.17,0.09,-0.04,10.3,0.53,1.14,0.05,-0.1,-0.14,10.19,0.99,1.45,0.05,-0.08,-0.03,9.81,1.56,0.83,-0.09,0.06,0.16,9.79,0.96,0.89,0.02,-0.0,0.1,9.46,1.02,0.93,0.05,0.02,0.15,9.48,0.58,0.71,0.05,0.09,0.1,9.56,0.34,0.69,0.0,0.09,0.07,9.81,0.16,0.76,-0.01,0.1,0.04,10.01,0.31,1.07,-0.01,0.07,0.01,10.18,0.21,1.11
-0.06,0.33,3.13,7.23,-6.73,7.02,-0.88,0.77,4.87,5.51,-18.04,10.89,-3.96,-0.11,1.03,3.89,-38.54,8.2,-4.01,0.25,-4.53,-0.61,-31.2,0.96,-5.82,2.94,-7.0,-1.75,6.94,22.43,-3.3,-1.11,-6.61,2.69,37.04,15.82,-1.94,-1.17,-2.2,6.61,39.41,2.06,-0.77,-0.72,0.76,6.68,17.16,-6.38,-0.18,0.3,0.93,6.93,3.23,-4.8,0.2,0.5,0.52,9.2,1.46,-0.85,0.19,0.17,0.27,10.32,0.21,0.94,0.26,-0.15,-0.12,10.07,0.76,0.5,0.16,-0.09,-0.04,9.7,0.38,-0.56,0.11,0.11,0.06,9.77,0.26,0.45,0.1,0.28,0.13,9.78,0.38,1.08,0.05,0.41,0.13,9.76,0.5,1.46,0.15,0.42,0.09,10.25,0.29,1.81,0.12,0.27,0.25,10.24,-0.6,1.99,0.02,0.06,0.14,10.42,-0.98,2.67,0.06,-0.08,-0.03,10.08,-0.82,1.64,0.08,-0.08,-0.13,9.67,-0.25,1.14,-0.07,0.02,-0.07,9.54,0.41,0.91,0.01,0.06,0.06,9.61,0.46,0.72,0.06,0.21,0.03,9.77,0.7,0.82,0.01,0.24,0.21,9.61,0.82,1.21,-0.17,0.15,0.36,9.83,-0.02,1.76,0.06,-0.0,0.22,9.63,-0.42,1.48,-0.03,-0.03,0.3,9.59,-0.23,1.44,0.08,-0.01,0.22,9.66,-0.92,1.45,0.21,0.05,0.01,9.51,-0.7,1.02
-1.7,0.27,1.53,6.62,-25.25,4.8,-3.37,-0.05,-0.94,0.11,-35.81,1.24,-2.85,2.31,-6.07,-2.84,-17.8,6.39,-2.12,1.33,-7.66,-4.54,32.04,24.96,-1.11,-1.33,-2.25,9.93,31.66,-3.47,-1.1,0.98,0.41,10.88,19.79,0.19,-0.55,0.57,0.94,10.14,2.78,1.32,0.05,-0.06,0.28,10.22,1.4,0.21,0.18,-0.12,0.17,10.52,-0.49,1.36,0.21,-0.32,-0.03,9.64,0.3,1.36,0.06,-0.26,0.07,9.28,0.55,1.55,0.03,-0.13,0.12,9.08,0.32,1.49,0.06,-0.08,0.1,9.15,-0.47,1.76,0.08,0.04,-0.01,9.29,0.24,2.17,0.11,0.03,0.08,9.43,0.07,2.25,0.16,-0.1,0.01,9.67,-1.17,2.24,0.16,-0.14,-0.15,9.55,-0.73,1.83,0.2,-0.12,-0.15,9.37,-0.03,1.95,0.07,-0.12,-0.07,9.36,0.03,1.6,0.07,-0.02,-0.1,9.26,0.24,1.54,0.08,0.02,-0.07,9.28,0.35,1.66,0.12,0.01,-0.02,9.63,0.34,1.55,0.14,0.06,0.02,9.81,-0.16,1.46,0.06,0.12,0.04,9.95,-0.8,2.29,-0.05,-0.04,-0.11,9.88,-0.61,2.29,0.13,-0.02,-0.23,9.85,0.01,2.03,0.08,-0.02,-0.06,9.65,0.56,2.26,0.02,-0.06,0.06,9.69,0.26,2.03,-0.02,0.02,0.07,9.62,0.17,1.71,-0.11,0.09,0.18,9.65,0.01,2.2
-2.22,0.44,2.33,5.54,-26.57,2.0,-4.36,0.55,0.92,2.97,-38.54,1.19,-4.63,1.45,-4.54,-1.27,-28.6,0.03,-4.87,3.87,-7.42,-2.64,-2.73,21.24,-4.82,1.21,-6.9,1.95,30.82,22.75,-2.63,-0.2,-1.99,6.57,28.14,10.38,-1.34,-0.36,0.63,7.44,13.98,1.63,-0.48,-0.18,1.28,8.41,3.37,-1.53,-0.04,0.02,0.93,9.47,-1.28,-1.71,0.24,0.14,0.26,9.98,-1.61,-0.24,0.3,0.17,-0.23,9.8,-0.57,1.36,0.4,-0.03,-0.22,9.41,-0.14,1.12,0.47,-0.01,-0.17,9.21,-0.35,0.33,0.49,0.18,0.03,9.35,-0.41,1.0,0.28,0.14,0.26,9.81,-2.03,1.27,0.34,0.06,0.1,9.94,-2.26,0.57,0.24,0.2,0.09,10.01,-2.27,0.43,0.15,0.15,0.06,9.93,-2.45,1.04,0.09,0.02,-0.05,9.89,-1.87,0.68,0.15,0.17,-0.12,9.66,-1.22,0.9,0.07,0.07,-0.03,9.64,-1.48,1.59,0.04,-0.1,-0.05,9.58,-1.33,0.9,0.07,0.07,-0.07,9.64,-1.39,1.04,0.08,-0.07,-0.11,9.81,-1.31,1.38,0.13,-0.2,-0.12,9.72,-1.04,0.33,0.13,0.02,-0.1,9.91,-1.01,0.87,0.08,-0.06,-0.01,10.09,-1.26,0.8,0.03,-0.09,0.0,9.95,-1.52,0.73,0.12,-0.04,-0.15,9.85,-1.18,0.79,0.1,0.01,-0.14,9.75,-0.82,0.85
-2.08,0.1,1.86,7.18,-33.0,2.86,-3.09,-0.63,-1.7,3.24,-38.53,-4.51,-4.28,3.43,-6.35,-5.08,-19.39,1.08,-2.9,3.44,-7.84,-6.28,27.24,33.39,-1.52,-0.57,-3.3,6.44,39.85,12.27,-1.32,-0.61,1.5,9.09,12.19,-0.14,-0.08,-0.09,1.04,8.63,-0.52,-3.32,-0.06,0.08,0.45,10.34,-0.75,-0.02,0.08,-0.15,0.11,10.68,-1.12,0.82,0.3,-0.29,-0.24,9.62,-0.47,0.23,0.03,-0.13,0.0,9.36,-0.91,0.67,0.23,-0.13,-0.08,9.52,-1.36,0.92,0.38,-0.08,-0.21,9.56,-0.62,1.15,0.17,-0.09,0.04,9.82,-0.87,0.87,0.09,-0.03,0.12,9.85,-1.24,0.78,0.03,-0.04,0.11,9.76,-1.67,1.08,0.19,-0.1,-0.03,9.61,-1.16,0.6,0.21,0.01,-0.01,9.48,-1.24,0.82,0.17,-0.07,0.06,9.4,-1.23,0.11,-0.02,0.02,0.17,9.61,-1.64,0.56,0.02,0.03,0.12,9.54,-1.34,0.54,0.02,0.1,0.1,9.63,-1.27,0.78,0.01,0.07,0.05,9.84,-1.13,1.15,0.06,0.02,0.08,9.74,-1.36,0.93,0.1,0.08,0.04,9.71,-1.41,1.02,0.06,0.02,0.03,9.63,-1.35,0.92,0.13,0.01,0.04,9.55,-1.37,0.51,0.04,0.17,0.03,9.78,-1.9,0.92,0.03,0.13,-0.11,9.5,-1.6,1.2,-0.03,0.11,-0.09,9.52,-1.29,0.95
-0.97,0.1,2.82,4.58,-26.19,5.27,-3.06,-0.13,1.72,1.88,-38.54,1.66,-4.32,1.36,-2.79,-2.61,-36.97,-0.19,-3.96,4.08,-6.91,-2.78,0.53,23.74,-2.14,0.14,-6.03,4.0,38.93,24.14,-2.07,-0.02,-2.0,11.15,39.47,10.14,-0.59,-0.59,1.1,9.4,11.41,-2.77,-0.24,-0.32,0.89,7.57,1.01,-5.15,-0.1,0.11,0.6,8.17,-0.88,-2.96,0.07,0.14,0.18,9.32,-0.44,0.71,0.13,-0.07,0.08,9.3,-0.67,1.43,0.19,-0.07,-0.0,9.51,-1.62,1.63,0.26,-0.08,-0.23,9.56,-1.15,1.71,0.23,-0.03,-0.1,9.75,-1.12,1.24,0.13,0.09,0.14,9.85,-1.68,1.37,0.14,0.11,0.1,10.07,-2.35,1.67,0.1,0.1,0.06,9.85,-2.47,2.19,0.1,0.02,-0.01,9.65,-3.1,2.15,0.23,-0.17,-0.32,9.18,-2.63,2.14,0.15,-0.18,-0.33,8.82,-2.2,1.19,0.05,-0.07,-0.25,8.86,-2.07,0.87,-0.02,0.06,-0.33,9.42,-1.23,0.86,-0.02,0.2,-0.31,9.54,-0.43,1.11,-0.13,0.32,-0.06,9.56,0.18,1.58,-0.18,0.19,0.16,10.04,-0.66,1.81,-0.07,0.15,0.04,10.07,-1.01,1.6,-0.11,0.11,0.01,10.0,-0.89,1.9,-0.15,-0.07,-0.06,10.05,-1.04,1.33,-0.07,-0.06,-0.14,9.93,-0.53,0.96,-0.15,0.02,-0.05,9.98,-0.35,1.57
-1.62,0.63,-1.26,8.37,-13.36,5.01,-2.26,-0.16,-1.81,8.1,-8.4,6.2,-3.56,-0.41,-1.09,7.62,-5.22,5.07,-2.53,0.16,-1.59,7.25,0.44,5.93,-2.66,0.25,-1.21,7.58,5.87,6.85,-1.44,0.21,-1.49,8.39,9.46,5.58,-0.44,-0.0,-1.2,9.29,13.94,1.86,-0.4,0.09,0.04,10.06,9.77,0.87,-0.03,0.02,0.34,9.81,4.95,0.63,-0.06,-0.07,0.71,9.34,1.39,-0.24,-0.02,0.05,0.57,9.13,-0.64,-0.11,-0.02,0.16,0.34,9.45,-1.38,0.83,0.06,-0.02,0.06,9.6,0.01,0.94,0.06,0.11,0.17,9.65,-0.43,1.35,0.02,0.05,0.09,9.77,-1.0,1.53,0.12,-0.13,-0.04,9.74,-0.74,0.91,0.15,-0.02,0.0,9.65,-0.84,0.7,0.07,0.08,0.03,9.7,-0.82,0.63,0.02,0.12,0.11,9.64,-0.84,1.3,0.05,0.08,0.13,9.85,-1.09,1.1,0.05,0.16,0.09,9.72,-1.23,0.91,-0.16,0.15,0.16,9.77,-1.58,2.15,0.13,-0.09,-0.12,9.72,-1.0,1.29,0.05,0.03,-0.03,9.7,-0.58,1.1,-0.08,0.07,0.16,9.75,-0.86,1.6,-0.07,0.06,0.17,9.79,-1.36,1.4,-0.04,0.13,0.08,9.66,-1.05,1.37,-0.23,0.07,0.19,9.64,-1.24,1.58,-0.08,0.02,0.12,9.66,-1.41,1.31,0.03,0.09,0.05,9.61,-1.27,1.57
-1.79,-0.2,-2.47,5.08,-10.09,5.72,-1.43,-0.15,-3.35,4.32,0.75,6.31,0.0,0.0,0.0,0.0,0.0,0.0,-0.45,0.66,-2.59,7.28,15.6,5.73,-0.19,0.2,-1.53,10.58,15.42,3.3,-0.2,-0.18,-0.27,10.53,10.39,0.37,-0.49,0.1,0.58,9.38,2.48,-0.7,-0.24,0.16,0.57,8.87,1.09,0.09,-0.1,0.25,0.7,9.17,-0.78,0.6,-0.16,0.53,0.73,9.58,-2.09,2.23,-0.09,0.22,0.18,9.88,-1.74,3.21,0.11,-0.08,-0.17,9.82,-1.03,2.76,0.14,-0.12,-0.22,9.53,-0.21,1.92,0.01,-0.04,-0.02,9.54,-0.2,1.97,0.12,-0.03,0.09,9.53,-0.64,1.69,0.03,0.19,0.33,9.53,-1.37,2.16,-0.13,0.14,0.33,9.68,-2.09,2.7,-0.01,-0.03,0.08,9.57,-2.38,2.58,0.15,-0.1,-0.25,9.45,-1.42,2.24,-0.04,-0.17,-0.17,9.54,-1.04,2.02,0.03,-0.09,-0.18,9.42,-0.54,1.92,-0.06,0.03,-0.02,9.33,-0.38,2.04,0.11,0.1,0.08,9.4,-0.59,2.21,0.1,0.15,0.2,9.43,-0.97,1.99,0.03,0.15,0.31,9.47,-1.03,2.34,-0.12,0.09,0.39,9.7,-1.65,2.44,-0.04,0.04,0.25,9.7,-1.94,2.62,-0.03,-0.09,0.09,9.54,-1.85,2.4,0.03,-0.1,0.03,9.45,-1.64,2.21,0.05,-0.09,0.07,9.42,-1.55,2.09
-2.32,-1.02,-1.77,7.46,-22.31,2.07,-3.2,-0.82,-4.1,2.32,-9.17,0.74,0.0,0.0,0.0,0.0,0.0,0.0,0.0,0.0,0.0,0.0,0.0,0.0,0.0,0.0,0.0,0.0,0.0,0.0,0.0,0.0,0.0,0.0,0.0,0.0,0.0,0.0,0.0,0.0,0.0,0.0,0.0,0.0,0.0,0.0,0.0,0.0,0.0,0.0,0.0,0.0,0.0,0.0,0.0,0.0,0.0,0.0,0.0,0.0,-0.35,-0.29,0.96,8.53,3.44,-2.59,-0.04,0.0,0.8,9.4,2.07,-1.15,0.41,0.2,0.46,9.29,2.07,0.37,0.24,0.17,0.41,9.42,2.77,1.38,-0.0,-0.1,0.84,9.63,2.16,1.51,0.11,-0.13,0.68,9.51,0.47,0.87,-0.12,0.7,0.69,9.92,1.42,0.81,-0.07,0.37,0.56,9.3,0.69,0.94,0.3,0.16,-0.16,9.91,1.05,0.49,-0.02,0.03,-0.1,9.77,1.38,0.33,-0.15,0.25,0.0,9.63,1.1,1.04,0.09,0.25,0.1,9.96,0.44,1.3,-0.14,0.27,-0.07,9.73,0.67,1.43,0.05,0.34,-0.18,9.65,1.29,1.41,-0.12,0.15,0.02,9.55,0.69,1.67,-0.1,-0.01,0.02,9.32,0.57,1.72,0.23,-0.03,-0.03,10.83,0.87,0.03,-0.05,0.43,-0.16,9.49,0.94,1.72,0.02,0.21,-0.05,9.4,1.11,1.8,0.27,0.05,0.07,9.57,1.17,1.83
1.21,-1.95,-0.19,10.72,2.2,1.54,0.88,-1.84,0.17,9.79,1.39,-0.46,-0.53,0.78,0.42,9.51,1.05,-1.46,-1.67,0.73,0.64,9.68,1.23,-0.91,-1.04,-0.63,0.54,8.66,-1.2,-0.19,0.0,0.0,0.0,0.0,0.0,0.0,0.0,0.0,0.0,0.0,0.0,0.0,0.62,-0.58,0.07,10.05,1.39,0.21,0.51,-0.72,0.5,9.3,0.86,0.06,-0.78,-0.53,1.3,10.14,0.56,-3.2,0.81,0.71,-0.27,9.28,0.31,-0.63,1.26,0.03,0.34,10.16,1.55,-0.77,0.62,-0.06,1.48,9.85,0.67,-1.01,-0.03,0.29,1.64,9.94,0.21,-0.54,0.92,0.66,-0.12,9.42,-0.15,0.04,1.08,-0.16,0.07,9.1,-0.07,-1.32,0.0,0.0,0.0,0.0,0.0,0.0,0.0,0.0,0.0,0.0,0.0,0.0,0.0,0.0,0.0,0.0,0.0,0.0,0.0,0.0,0.0,0.0,0.0,0.0,0.0,0.0,0.0,0.0,0.0,0.0,0.0,0.0,0.0,0.0,0.0,0.0,0.0,0.0,0.0,0.0,0.0,0.0,0.0,0.0,0.0,0.0,0.0,0.0,0.0,0.0,0.0,0.0,0.0,0.0,0.0,0.0,0.0,0.0,0.0,0.0,0.0,0.0,0.0,0.0,0.0,0.0,0.0,0.0,0.0,0.0,0.0,0.0,0.0,0.0,0.0,0.0,0.0,0.0,0.0,0.0,0.0,0.0,0.0,0.0
-0.34,0.87,2.32,-10.57,-12.66,4.49,-0.82,1.99,1.84,-16.8,-14.6,1.56,-0.66,2.2,1.29,-18.82,-11.8,1.1,0.7,3.59,-1.51,3.79,-5.68,10.68,0.0,0.0,0.0,0.0,0.0,0.0,0.44,2.58,-2.93,16.16,-1.56,8.12,0.68,0.72,-2.11,17.09,-5.92,6.58,-0.2,0.37,-0.54,9.64,-8.46,2.53,-0.0,0.01,-0.38,5.07,-10.01,1.92,-0.25,-0.12,-0.42,2.06,-9.37,1.51,-0.3,-0.5,-0.42,1.86,-8.64,0.24,-0.23,0.18,0.18,2.09,-8.55,1.04,-0.05,0.43,0.41,2.1,-8.79,1.44,-0.08,0.67,0.69,1.1,-9.7,1.69,-0.32,0.89,1.21,1.44,-10.99,0.54,-0.01,0.56,1.53,-0.66,-9.63,2.21,-0.14,0.06,0.76,0.18,-10.1,2.11,-0.36,-0.14,0.41,-0.55,-9.77,1.74,-0.16,-0.26,-0.06,-0.01,-9.03,1.14,0.04,-0.54,0.1,-0.51,-9.35,1.5,-0.34,-0.57,-0.12,-0.08,-9.72,1.56,-0.35,-0.6,-0.44,-0.36,-8.91,1.58,-0.14,-0.72,-0.65,0.07,-10.18,1.82,-0.28,-0.64,-0.26,-0.16,-9.87,1.33,-0.44,-0.26,-0.22,0.52,-9.5,0.91,-0.06,0.26,-0.84,0.78,-10.25,1.42,0.08,-0.09,-0.67,0.74,-9.51,1.2,0.03,0.07,-0.15,1.16,-9.38,0.94,0.03,0.54,0.2,1.24,-9.65,1.05,0.38,0.4,0.08,1.03,-8.65,0.12
-0.92,1.97,-0.82,-13.65,-8.82,3.89,-0.16,3.96,-1.44,-2.77,-4.87,6.89,0.03,3.86,-1.79,9.6,-3.88,8.82,0.12,3.04,-2.15,18.55,-4.51,7.4,-0.06,1.31,-1.41,16.56,-6.63,3.71,-0.25,0.69,-0.51,11.04,-9.61,1.83,-0.4,-0.02,-0.27,5.45,-9.73,0.61,-0.37,-0.31,-0.24,3.24,-9.34,-0.19,-0.21,-0.12,-0.06,2.01,-8.77,-0.15,-0.05,0.17,0.2,2.21,-9.22,1.03,-0.02,0.05,0.17,2.02,-9.81,1.69,-0.03,-0.03,0.02,2.21,-9.56,1.81,-0.08,-0.2,-0.07,1.38,-8.99,1.11,-0.01,-0.16,-0.04,1.3,-8.84,0.92,0.04,0.02,0.28,1.18,-9.07,1.04,0.12,0.04,0.34,0.39,-9.45,0.97,0.16,0.13,0.26,0.34,-9.53,0.97,0.15,0.25,0.32,0.79,-9.64,1.73,0.13,0.07,0.11,0.89,-9.47,1.73,0.14,-0.01,-0.11,0.91,-9.39,1.72,0.11,-0.02,-0.03,0.76,-9.61,1.77,0.05,0.03,0.04,0.8,-9.86,1.58,0.2,0.29,-0.2,1.14,-9.13,1.77,0.15,0.4,-0.08,1.37,-9.87,1.98,0.32,0.54,-0.28,1.43,-9.56,2.34,0.24,0.43,-0.27,1.44,-9.23,2.15,0.13,0.25,-0.3,1.51,-9.56,2.48,-0.04,0.03,-0.05,1.26,-9.75,2.4,-0.02,-0.24,-0.05,1.01,-9.77,2.31,-0.13,-0.45,-0.51,1.49,-9.93,2.35
-0.25,3.9,-0.35,-13.17,-8.84,6.29,0.12,5.59,-2.02,-0.14,-5.32,10.61,0.58,3.82,-3.7,18.94,-3.61,12.1,0.24,2.52,-2.69,24.15,-4.66,9.17,-0.35,0.95,-0.64,11.65,-9.98,1.64,-0.19,0.09,-0.85,7.52,-9.8,0.82,-0.31,-0.04,-0.36,4.16,-9.73,0.71,-0.35,-0.14,-0.05,2.58,-9.61,0.51,-0.27,-0.11,-0.1,2.55,-8.99,1.01,-0.21,-0.01,0.03,3.03,-8.53,1.55,-0.15,-0.05,0.21,2.37,-8.76,1.55,-0.15,-0.08,0.35,1.74,-8.97,1.44,-0.17,-0.19,0.37,1.04,-9.46,0.95,-0.08,-0.13,0.09,0.75,-9.47,0.92,-0.01,0.02,0.08,1.21,-9.21,1.34,-0.04,0.07,0.3,0.96,-9.53,1.33,-0.0,0.03,0.09,0.83,-9.4,1.29,-0.01,0.06,0.1,0.91,-9.06,0.95,0.13,0.13,0.02,1.02,-9.04,1.17,0.09,0.14,0.21,0.99,-9.58,1.17,0.15,0.13,-0.03,1.01,-9.66,1.3,0.14,0.18,-0.05,1.49,-9.61,1.7,-0.04,0.19,0.18,1.78,-9.58,1.83,0.17,0.23,-0.02,1.4,-9.49,1.12,0.36,0.51,-0.15,1.65,-9.1,1.91,0.14,0.26,0.16,1.56,-9.57,2.09,-0.0,-0.04,0.13,1.29,-9.55,1.61,0.08,0.0,0.18,1.07,-9.67,1.68,0.03,0.03,0.2,1.07,-9.72,2.03,-0.15,-0.32,0.13,0.75,-9.96,1.7
0.79,3.17,-0.47,-13.81,-8.2,7.29,1.25,5.39,-1.46,-2.42,-3.13,11.32,1.23,3.9,-2.1,3.65,-2.6,10.59,1.17,3.58,-2.6,13.66,-4.36,11.34,0.68,2.81,-1.85,18.5,-7.6,10.7,-0.27,0.96,-1.61,15.84,-9.07,5.92,-0.63,-0.19,-0.88,10.61,-9.76,2.01,-0.67,-0.23,-0.02,7.09,-10.13,0.53,-0.52,-0.01,0.33,4.33,-9.94,0.7,-0.18,-0.07,0.35,2.45,-10.25,0.98,-0.15,0.04,0.37,2.11,-10.2,1.74,-0.19,-0.07,0.2,1.45,-9.97,1.82,-0.22,-0.14,0.03,0.98,-9.14,1.74,-0.21,-0.18,-0.09,1.09,-8.48,1.77,-0.17,-0.21,-0.07,1.49,-7.95,1.44,0.08,-0.1,0.18,0.93,-8.49,1.45,0.15,0.06,0.34,0.41,-9.55,1.85,0.13,0.09,0.27,0.44,-9.88,2.45,0.06,0.03,0.14,0.67,-10.23,2.9,-0.03,0.03,0.12,0.9,-10.24,3.22,-0.15,-0.12,-0.01,0.84,-9.88,2.94,-0.22,-0.11,-0.01,0.81,-9.64,2.51,-0.2,-0.09,0.03,0.84,-9.14,2.15,-0.15,-0.07,0.13,0.71,-9.41,2.21,-0.11,-0.02,0.21,0.06,-9.7,2.06,-0.07,-0.06,0.1,-0.02,-9.52,1.79,-0.02,0.04,0.14,0.18,-9.31,1.77,-0.06,0.09,0.23,0.08,-9.45,1.54,-0.01,0.1,0.12,0.3,-9.33,1.61,-0.01,0.13,0.13,0.48,-9.21,1.71
0.92,-0.78,1.68,-15.63,-12.78,7.84,-1.0,0.42,0.98,-15.15,-9.05,5.22,0.26,2.63,0.53,-11.51,-3.63,8.49,0.31,2.44,0.26,-9.2,-7.1,7.64,-0.07,4.65,-1.42,0.8,-7.56,7.74,0.38,4.3,-4.12,17.93,-2.26,9.62,0.76,4.0,-2.15,25.84,-8.81,9.03,0.59,1.22,-0.71,14.18,-14.45,4.85,-0.17,-0.71,-1.22,3.24,-12.1,1.52,-0.23,0.32,-0.15,1.89,-11.62,2.83,-0.5,-0.05,-0.33,1.51,-10.02,2.59,-0.53,-0.32,-0.69,0.81,-8.37,1.78,-0.38,-0.12,-0.18,1.42,-8.05,1.83,-0.19,-0.12,-0.02,1.61,-8.03,2.05,0.0,-0.14,0.27,1.16,-8.67,2.15,0.09,-0.16,0.36,-0.64,-9.85,2.12,-0.04,-0.09,0.39,-0.94,-9.9,2.17,-0.12,0.1,0.33,-0.47,-9.68,2.6,-0.14,0.21,0.4,0.16,-9.18,2.93,-0.15,0.02,0.32,-0.38,-9.36,2.72,-0.19,-0.06,0.23,-1.04,-9.33,2.29,-0.18,-0.02,0.2,-1.88,-9.23,2.06,-0.01,-0.12,-0.07,-1.75,-9.16,1.71,0.05,0.11,0.09,-1.52,-9.42,2.17,-0.03,0.14,0.25,-1.21,-9.54,2.15,0.12,0.15,-0.01,-0.87,-9.5,2.34,0.06,0.1,-0.1,-0.41,-9.24,2.74,-0.01,-0.06,-0.06,-0.67,-9.31,2.26,0.1,0.05,-0.13,-0.61,-9.15,2.21,-0.0,0.09,0.17,-0.58,-9.6,2.28
-0.12,2.78,-0.15,-16.35,-6.82,7.43,-0.49,4.0,-3.04,-1.6,-0.88,10.22,-0.5,3.44,-4.06,16.32,3.59,12.4,0.78,3.56,-2.77,28.52,-3.44,13.46,-0.07,0.7,-0.97,17.81,-9.25,6.08,-0.12,-0.52,-1.02,9.98,-10.88,2.92,-0.28,0.05,-0.23,4.08,-10.31,1.74,-0.28,-0.08,-0.25,3.9,-9.44,1.91,-0.07,-0.04,-0.21,4.14,-8.95,2.64,-0.03,0.23,0.42,3.61,-8.93,3.21,0.0,0.03,0.39,3.82,-9.12,3.66,0.0,-0.15,0.29,2.95,-9.17,3.94,-0.18,-0.13,0.67,2.2,-8.91,3.23,-0.19,-0.08,0.62,1.91,-8.59,3.13,-0.24,-0.15,0.75,1.25,-8.46,2.83,-0.03,-0.2,0.71,0.77,-8.87,2.97,0.12,-0.23,0.55,0.43,-9.57,3.29,-0.04,-0.16,0.62,-0.05,-10.12,3.37,-0.14,-0.16,0.41,-0.12,-9.65,3.21,-0.1,-0.19,0.34,-0.4,-9.58,2.86,-0.1,-0.06,0.26,-0.44,-9.17,2.84,-0.11,-0.05,0.23,-0.76,-9.26,2.67,-0.05,0.01,0.11,-0.55,-9.12,2.53,0.01,0.1,0.0,-0.09,-9.13,2.79,-0.07,0.15,0.11,0.22,-9.04,2.9,-0.06,0.07,0.02,0.13,-8.82,2.55,0.18,0.01,-0.15,0.34,-8.96,2.69,0.09,0.09,0.15,0.54,-9.26,3.04,0.11,0.18,0.29,0.29,-9.31,3.02,0.11,0.12,0.07,0.13,-9.69,3.54
-1.36,1.94,0.38,-14.64,-8.43,1.83,-0.59,3.68,-0.13,-11.39,-5.47,4.61,-0.1,4.11,-2.45,12.6,-1.45,10.26,0.95,3.79,-1.98,22.79,-3.63,12.6,0.4,1.94,-1.05,23.77,-10.14,7.34,-0.1,-0.14,-1.06,11.11,-10.65,0.95,-0.18,-0.08,-0.54,6.26,-9.93,-1.36,-0.03,-0.06,-0.12,3.51,-9.75,-0.79,0.17,0.08,0.18,2.74,-10.03,0.53,0.07,-0.0,0.33,2.36,-10.15,1.6,-0.01,-0.13,0.31,1.77,-9.38,2.21,-0.12,-0.25,0.44,0.02,-9.46,1.81,-0.04,-0.32,0.06,-0.28,-9.36,1.79,-0.03,-0.19,0.12,-0.32,-9.48,1.82,-0.04,-0.03,0.19,-0.07,-9.32,1.84,0.06,0.05,0.27,-0.17,-9.25,1.8,0.05,0.07,0.36,-0.02,-9.77,1.87,-0.03,0.02,0.3,0.13,-9.76,1.79,-0.06,0.04,0.35,0.01,-9.46,1.7,-0.06,0.17,0.46,-0.09,-9.68,1.72,-0.1,0.13,0.34,-0.22,-9.82,1.67,-0.06,0.01,0.19,-0.44,-9.58,1.58,0.01,-0.06,0.01,-0.65,-9.65,1.48,-0.17,0.11,0.04,-0.73,-9.79,1.56,-0.21,0.21,-0.05,-0.43,-9.57,1.45,-0.09,0.12,-0.2,-0.2,-9.35,1.43,0.0,-0.03,-0.09,-0.31,-9.46,1.64,-0.11,-0.06,0.07,-0.5,-9.46,1.57,-0.08,-0.06,0.01,-0.15,-9.43,1.46,-0.03,-0.1,-0.1,0.1,-9.82,1.8
0.05,2.74,-1.13,-18.82,-8.5,6.06,0.49,4.87,-1.72,-8.35,-5.04,10.33,0.32,5.22,-0.98,6.76,-3.55,11.24,1.17,4.63,-1.6,18.91,-5.59,10.84,1.55,3.1,-1.44,20.06,-9.83,9.48,0.69,1.0,-1.01,12.39,-12.39,5.32,-0.04,0.16,-0.9,6.05,-11.56,2.61,-0.15,0.19,-0.62,3.71,-10.45,2.21,-0.3,-0.01,-0.25,1.8,-10.0,2.13,-0.23,-0.02,-0.02,1.0,-9.4,2.55,-0.19,-0.03,0.01,0.8,-9.35,3.25,-0.31,-0.11,0.11,0.49,-9.5,3.45,-0.36,-0.11,0.05,0.57,-9.32,3.47,-0.34,-0.09,0.06,0.77,-9.09,3.24,-0.25,-0.07,0.08,0.64,-9.0,3.15,-0.22,-0.06,0.22,0.1,-9.34,2.94,-0.21,-0.11,0.15,-0.3,-9.37,2.59,-0.04,-0.04,-0.07,-0.76,-9.36,2.38,-0.13,0.01,0.04,-0.51,-9.46,2.66,-0.21,-0.11,-0.1,-0.44,-9.25,2.34,-0.08,-0.12,-0.31,0.01,-9.48,2.12,0.3,0.36,-0.38,-0.03,-9.13,2.5,0.07,0.57,-0.38,-0.27,-8.65,2.31,0.06,0.38,-0.53,0.83,-9.31,2.62,0.2,0.19,-0.93,0.6,-9.55,2.58,0.39,-0.03,-1.3,0.72,-9.18,2.02,0.49,0.01,-1.02,0.72,-8.81,2.28,0.27,0.08,-0.37,1.27,-9.02,2.74,0.08,0.13,0.1,1.28,-9.02,2.97,0.09,0.05,0.18,1.51,-9.15,3.46
-1.28,0.18,1.64,7.03,-15.44,4.9,-2.52,0.04,2.09,6.46,-31.16,4.79,-3.72,-0.44,-2.48,2.15,-30.17,1.06,0.0,0.0,0.0,0.0,0.0,0.0,0.0,0.0,0.0,0.0,0.0,0.0,0.0,0.0,0.0,0.0,0.0,0.0,0.0,0.0,0.0,0.0,0.0,0.0,0.0,0.0,0.0,0.0,0.0,0.0,0.0,0.0,0.0,0.0,0.0,0.0,0.0,0.0,0.0,0.0,0.0,0.0,0.0,0.0,0.0,0.0,0.0,0.0,0.0,0.0,0.0,0.0,0.0,0.0,0.0,0.0,0.0,0.0,0.0,0.0,0.0,0.0,0.0,0.0,0.0,0.0,0.29,-0.13,-0.51,10.06,-0.19,1.55,0.28,-0.17,-0.09,9.47,0.32,1.1,0.25,0.11,-0.0,9.62,-0.7,1.72,0.33,0.09,-0.18,9.64,-0.7,1.77,0.15,0.21,-0.11,9.42,-1.53,1.74,0.03,0.15,-0.31,9.77,-0.77,2.2,0.27,-0.08,-0.45,9.6,-0.21,1.91,0.45,-0.09,-0.55,9.77,-0.25,0.74,0.22,0.24,-0.47,9.74,0.38,1.59,0.43,-0.13,-0.31,9.47,0.33,1.81,0.51,-0.27,-0.25,9.62,0.28,0.99,0.35,0.08,-0.22,9.53,-0.79,1.22,0.11,0.3,-0.14,10.2,0.23,1.44,0.18,0.06,-0.08,9.76,0.03,2.25,0.49,-0.42,-0.28,9.8,1.1,0.59,-0.11,-0.22,-0.07,9.63,0.58,1.81
-1.7,0.46,1.44,5.59,-19.36,7.23,-2.22,0.21,0.87,2.45,-31.74,7.51,-2.63,0.27,-4.81,0.87,-18.45,5.2,-3.03,0.96,-6.63,3.08,15.64,14.16,-2.6,-1.19,-4.02,10.79,34.89,3.39,-1.17,-0.69,-1.31,11.19,24.1,-3.5,-0.68,0.53,1.45,9.62,6.48,-2.2,-0.38,0.54,1.38,9.65,-2.84,0.65,-0.31,0.2,0.77,10.45,-3.8,1.47,-0.26,-0.06,0.07,10.38,-2.41,2.04,-0.28,-0.21,-0.21,9.69,0.0,2.49,-0.19,-0.3,-0.13,9.67,0.02,2.19,-0.17,-0.25,-0.13,9.33,-0.13,1.32,-0.08,-0.12,-0.13,9.48,-0.46,1.56,-0.04,-0.13,-0.04,9.57,-1.14,1.34,-0.11,-0.08,-0.21,9.74,-1.62,1.09,-0.07,0.09,-0.31,9.75,-1.14,1.18,-0.31,0.1,-0.14,9.61,-0.57,2.06,-0.13,-0.14,-0.16,9.63,-0.46,1.12,-0.18,0.13,-0.23,9.31,-0.09,1.65,-0.36,0.07,-0.13,9.23,-0.26,1.77,0.26,-0.09,0.17,11.89,0.49,0.35,-0.54,0.01,-0.12,9.4,0.04,1.77,-0.18,-0.06,-0.24,9.4,0.06,2.46,0.12,-0.16,-0.1,9.85,0.07,1.65,0.1,-0.12,0.18,10.08,-0.67,1.64,0.17,-0.22,0.13,10.06,-0.9,1.51,0.35,-0.38,-0.03,10.08,-0.53,0.75,0.1,-0.32,0.01,10.01,-0.41,0.56,-0.01,-0.13,0.13,10.01,-0.38,0.62
-3.28,-0.05,2.6,7.53,-38.15,10.39,-4.34,-0.43,-2.52,3.21,-34.14,5.93,-5.68,1.06,-6.48,0.2,-10.72,7.03,-3.52,1.78,-5.82,-0.39,38.81,13.71,-2.12,0.56,-1.47,5.68,32.22,8.91,-0.48,-0.39,0.86,7.36,10.3,-4.02,-0.12,0.16,0.84,8.27,3.61,-2.23,0.14,0.32,0.43,9.52,3.25,0.4,0.22,-0.08,0.36,10.01,1.35,2.38,0.16,-0.2,0.27,10.0,1.62,2.03,-0.03,-0.16,0.49,9.56,0.24,1.71,0.01,-0.06,0.38,9.69,0.0,2.02,0.04,-0.04,0.32,9.69,0.21,1.55,-0.03,0.05,0.25,9.68,0.39,1.72,0.17,0.18,0.07,9.57,0.61,2.1,0.12,0.14,-0.04,9.49,0.7,2.88,0.1,-0.09,0.01,9.62,0.86,2.72,0.11,-0.05,0.04,9.75,0.34,2.27,0.08,-0.1,-0.06,9.73,0.55,2.23,-0.06,-0.18,-0.01,9.59,0.66,1.66,-0.04,-0.05,-0.03,9.32,0.75,1.07,-0.06,0.06,-0.01,9.18,0.56,1.01,-0.1,0.18,0.05,9.29,1.03,1.44,-0.06,0.16,0.1,9.26,0.8,2.07,-0.04,0.11,0.04,9.33,0.36,1.88,0.01,0.06,-0.04,9.52,0.34,2.03,0.05,0.09,-0.1,9.71,0.53,2.28,0.07,-0.03,-0.12,9.85,0.5,2.29,-0.11,0.06,-0.05,9.88,0.63,1.89,-0.06,0.07,-0.12,9.78,0.72,2.27
-0.73,0.02,2.49,7.69,-21.51,4.91,-2.93,-0.51,0.35,4.29,-38.52,2.92,-3.24,0.42,-5.62,-0.91,-19.01,1.44,-4.55,2.67,-6.57,-1.07,33.39,19.69,-2.22,-0.06,-1.98,7.95,37.68,10.43,-1.25,-0.0,1.26,10.31,19.96,4.37,0.11,-0.36,0.47,9.51,0.74,-1.21,-0.05,-0.4,0.09,9.76,0.05,-1.53,-0.14,-0.18,-0.15,9.93,1.22,0.54,0.07,-0.26,-0.16,9.52,2.02,1.55,0.14,-0.24,0.2,9.38,1.74,1.48,-0.03,-0.08,0.34,9.51,-0.27,1.1,0.2,0.13,0.11,9.57,0.5,1.37,0.15,0.17,0.28,9.6,0.28,1.0,-0.11,0.34,0.38,9.55,-1.12,2.41,-0.05,0.18,-0.08,9.81,-0.76,1.94,-0.07,0.12,-0.24,9.76,-0.19,1.88,-0.14,0.26,-0.17,9.75,0.38,2.03,-0.07,0.18,-0.03,9.7,0.22,2.44,0.31,-0.05,-0.23,9.61,0.0,1.6,-0.04,0.17,-0.06,9.71,-0.08,1.66,0.01,0.05,-0.09,9.63,-0.14,2.16,-0.02,-0.06,-0.08,9.53,0.15,1.74,0.03,-0.02,-0.04,9.48,0.41,1.75,-0.01,-0.05,-0.01,9.44,0.1,1.93,-0.02,-0.04,-0.03,9.51,0.17,1.69,-0.07,-0.02,0.03,9.64,-0.15,2.0,0.02,-0.05,-0.04,9.71,0.11,1.73,-0.09,0.02,0.03,9.82,-0.15,1.77,-0.04,0.03,-0.02,9.71,-0.16,2.03
-2.39,0.74,1.86,8.38,-30.5,9.62,-2.56,-0.21,-1.81,5.83,-29.95,7.9,-4.11,-0.85,-4.42,0.15,-10.02,2.91,-3.99,0.92,-6.2,-3.65,21.41,7.98,-2.13,0.58,-3.56,3.2,38.78,11.12,-1.09,0.03,0.53,10.08,22.62,5.9,-0.73,-0.41,1.67,10.09,6.03,-0.19,-0.29,-0.48,1.14,9.25,-0.12,-3.47,-0.24,-0.14,0.48,9.95,0.04,-1.88,-0.15,-0.03,0.02,10.13,1.73,-0.34,-0.02,0.02,0.19,9.61,1.51,0.8,0.1,0.17,0.19,9.35,0.99,0.4,0.15,0.43,0.01,9.4,1.17,1.56,0.14,0.01,0.31,9.5,1.05,1.07,-0.12,0.29,0.6,9.71,-0.25,0.89,0.05,0.5,0.16,9.89,-0.42,2.89,0.05,0.08,0.1,9.87,-0.29,2.45,0.03,-0.11,-0.04,9.94,-0.38,1.77,0.22,0.03,-0.19,9.78,0.29,1.84,-0.01,-0.03,0.18,9.72,0.29,1.69,0.02,0.07,0.18,9.47,-0.6,1.84,0.19,0.14,-0.05,10.23,-1.19,1.64,-0.09,-0.02,-0.43,9.66,0.39,2.58,0.65,-0.13,-0.19,9.68,0.45,2.05,0.18,-0.34,-0.35,9.51,0.8,1.8,-0.41,-0.3,-0.02,9.58,0.6,1.19,-0.13,-0.18,0.09,9.8,0.5,1.59,0.5,-0.16,0.08,9.76,-0.01,1.53,0.53,-0.26,0.05,9.23,-0.26,1.48,0.5,-0.48,0.15,9.49,0.45,0.59
-0.42,0.53,2.46,8.11,-18.4,6.08,-5.01,0.24,1.78,3.82,-38.54,7.24,-3.27,-0.38,-5.19,-0.31,-29.22,3.7,-3.47,2.27,-8.55,-3.2,29.58,15.26,-2.47,1.04,-2.6,6.5,39.9,21.15,0.12,-1.17,0.36,9.34,23.0,1.39,0.14,-0.58,0.99,7.73,1.46,-5.8,-0.13,0.23,0.31,9.29,-1.03,-2.71,-0.2,0.21,-0.08,10.16,1.45,2.56,0.07,-0.37,-0.03,9.84,2.7,3.16,0.07,-0.31,0.13,9.61,1.78,1.23,0.01,0.06,0.18,9.51,0.75,1.73,0.14,-0.09,0.12,9.57,0.95,1.88,0.04,0.08,0.19,9.92,1.45,1.8,0.14,-0.01,0.23,9.91,0.91,2.01,0.15,-0.16,0.19,9.6,0.26,1.08,0.07,0.12,0.1,9.52,0.41,0.84,-0.08,0.15,0.11,9.43,0.46,2.44,-0.02,-0.07,0.04,9.47,0.2,2.21,0.01,0.02,0.01,9.45,0.19,1.71,0.03,0.08,-0.08,9.5,-0.07,1.88,0.04,-0.02,-0.06,9.49,-0.05,1.97,0.01,-0.05,0.02,9.37,-0.17,1.35,-0.12,0.16,0.08,9.57,-0.6,1.42,-0.1,0.09,-0.05,9.55,-0.23,2.09,-0.09,-0.05,-0.07,9.48,0.24,1.82,-0.07,0.03,-0.13,9.73,0.93,1.35,-0.09,0.18,-0.09,9.86,1.22,1.84,-0.11,-0.0,-0.02,9.77,1.08,2.09,-0.03,-0.02,0.05,9.83,0.89,2.01
-1.27,0.54,2.41,8.62,-10.47,4.93,-2.11,0.48,2.43,12.44,-31.65,7.13,-3.21,-0.06,-1.01,8.37,-33.38,6.87,-4.63,-0.06,-4.94,2.61,-14.78,6.29,-3.45,0.76,-6.09,-1.3,28.82,14.13,-2.43,-0.35,-2.38,2.68,32.37,8.82,-1.27,-0.44,-0.09,7.68,15.02,-1.43,-0.75,-0.26,1.42,8.57,6.4,-3.42,-0.59,0.15,1.27,10.0,-0.04,-2.81,-0.29,0.2,0.44,10.63,-0.29,-0.02,-0.12,0.02,0.19,10.22,1.6,1.28,0.03,-0.11,0.24,9.95,2.3,1.56,0.1,-0.11,0.34,9.85,1.85,0.94,0.16,0.01,0.5,9.71,1.26,1.07,0.19,-0.05,0.57,9.8,-0.11,0.64,0.02,0.05,0.49,9.97,-1.0,0.97,0.34,-0.04,0.22,9.86,-0.77,1.18,0.48,-0.19,0.21,9.68,-0.86,1.44,0.13,-0.3,0.05,9.88,-0.86,0.53,0.21,-0.07,-0.06,9.92,-0.33,-0.12,0.01,0.07,0.07,9.72,-0.57,0.98,0.04,-0.18,0.0,9.69,-0.82,0.81,0.12,-0.11,-0.05,9.67,-0.77,0.78,-0.04,0.01,0.01,9.63,-0.71,0.94,-0.04,-0.11,0.0,9.61,-1.03,0.97,-0.0,-0.04,-0.07,9.66,-0.68,0.8,-0.05,0.0,-0.03,9.73,-0.76,0.78,-0.07,0.09,-0.15,9.71,-0.53,0.76,-0.12,0.07,-0.05,9.74,-0.42,0.91,-0.08,0.04,-0.08,9.77,-0.53,1.01
-1.83,-0.47,1.97,8.4,-21.88,3.64,-2.26,-0.48,1.15,6.58,-21.77,2.15,-2.54,0.15,0.2,3.93,-18.38,-0.49,-3.2,2.29,-3.15,3.97,0.81,6.92,-1.51,1.49,-4.02,7.79,24.49,9.03,-1.82,1.05,-1.69,13.01,27.88,6.18,-0.49,0.59,0.76,11.65,7.13,-0.53,-0.18,0.12,0.41,9.44,-0.34,-2.63,0.18,0.08,-0.16,9.22,-0.28,-3.1,-0.2,0.23,0.09,9.97,-0.33,-0.48,-0.22,0.14,-0.02,10.01,0.24,1.25,-0.1,0.07,0.02,9.88,0.08,1.89,0.06,-0.22,-0.01,9.65,-0.41,0.8,0.14,-0.13,-0.08,9.53,-0.52,0.85,0.07,-0.06,0.08,9.53,-0.76,0.34,-0.08,0.11,0.16,9.7,-1.58,0.83,0.06,0.05,0.04,9.79,-1.87,0.68,-0.01,0.06,0.04,9.91,-1.97,0.74,0.04,0.07,-0.19,9.63,-0.87,0.76,-0.03,0.09,-0.08,9.55,-0.71,0.64,-0.11,0.12,0.02,9.65,-0.94,0.93,-0.09,0.06,-0.03,9.71,-1.39,1.23,0.05,-0.0,-0.14,9.62,-1.17,1.01,0.05,0.01,-0.11,9.59,-1.04,0.75,0.01,0.05,-0.03,9.74,-1.28,0.49,-0.19,0.13,0.01,9.86,-1.28,0.98,-0.18,0.04,-0.06,9.96,-1.14,1.25,-0.09,0.03,-0.07,9.8,-0.66,0.9,-0.17,0.05,0.0,9.82,-0.86,1.1,-0.04,-0.03,-0.06,9.74,-0.81,0.73
-0.81,-0.24,2.62,6.51,-16.97,3.62,-1.7,0.04,2.28,6.2,-30.22,3.81,-3.15,-0.17,0.08,3.78,-37.24,1.45,-3.95,1.0,-5.22,-1.54,-18.82,1.99,-3.41,3.09,-7.66,-3.99,13.49,17.06,-2.51,0.13,-5.5,1.35,39.74,12.96,0.02,0.16,0.36,9.52,27.48,3.27,-0.71,0.26,2.93,10.22,4.81,-0.12,-0.9,0.15,2.13,9.57,-4.78,-1.34,-0.19,0.3,0.15,9.9,-1.42,0.19,-0.25,0.36,-0.27,9.61,0.21,2.64,-0.12,-0.11,-0.48,9.36,1.62,1.23,-0.11,-0.1,-0.19,9.22,0.73,0.86,-0.09,-0.03,-0.03,9.23,-0.46,0.91,-0.01,-0.01,-0.12,9.58,-0.33,1.11,-0.03,0.06,-0.09,9.85,-0.36,1.23,-0.12,0.06,0.06,10.09,-0.72,1.52,-0.13,-0.04,0.07,9.97,-1.05,1.08,-0.08,-0.09,0.01,9.99,-1.1,0.8,-0.05,0.03,-0.08,9.84,-0.8,0.95,-0.12,-0.04,-0.04,9.83,-0.9,0.74,0.0,-0.0,-0.11,9.66,-0.66,0.51,-0.08,0.14,-0.08,9.69,-0.23,1.32,-0.11,-0.04,0.02,9.72,-0.26,1.38,-0.01,-0.07,0.02,9.65,-0.31,0.97,-0.12,-0.14,0.08,9.53,-0.72,1.42,0.13,-0.31,-0.04,9.81,-0.69,0.61,0.14,-0.11,-0.09,9.76,-0.78,0.53,0.04,-0.03,-0.12,9.93,-0.86,1.13,0.08,-0.12,-0.16,9.81,-0.7,1.33
-2.9,0.34,2.18,9.45,-28.18,6.31,-3.21,-0.22,0.16,6.57,-38.39,4.86,-4.89,0.31,-4.05,-0.84,-21.39,0.59,-3.76,2.44,-6.75,-6.8,14.73,16.69,-1.79,0.48,-5.63,-0.21,39.9,12.11,-1.81,1.06,1.64,10.69,22.06,9.36,-0.6,-0.14,1.96,10.9,3.93,2.83,-0.03,-0.6,0.54,9.55,0.22,-3.39,-0.27,-0.13,0.23,10.1,2.19,0.21,-0.06,-0.42,0.29,9.82,2.19,1.36,0.2,-0.4,0.33,9.44,0.21,0.2,0.16,-0.03,0.17,9.66,-0.55,1.75,0.18,-0.18,-0.02,9.51,-0.88,1.31,0.25,-0.05,-0.16,9.51,0.28,0.94,0.07,0.02,0.09,9.79,-0.99,1.32,0.15,-0.02,-0.08,10.0,0.07,1.28,0.07,0.04,-0.0,10.01,0.1,1.47,-0.01,-0.01,0.09,10.03,-0.09,1.54,0.01,-0.14,0.06,9.96,-0.63,1.44,0.08,-0.13,-0.04,9.84,-0.65,0.81,0.09,-0.09,-0.16,9.76,-0.7,1.44,0.11,-0.31,-0.21,9.45,0.28,1.01,-0.01,-0.26,-0.07,9.48,0.02,0.97,-0.11,-0.22,-0.09,9.06,0.29,0.39,0.05,0.01,0.25,10.08,-0.08,0.61,0.07,-0.05,0.1,9.45,-0.29,0.45,-0.1,0.07,0.15,9.86,-0.75,0.91,0.02,0.05,-0.01,9.88,-0.17,1.1,-0.0,-0.11,0.05,9.94,-0.51,1.01,0.05,-0.01,-0.06,9.95,-0.18,0.83
-1.39,0.09,-1.86,4.42,-11.81,0.55,-2.24,1.13,-3.42,4.14,-0.01,6.81,-2.11,0.23,-3.65,6.91,14.99,6.99,-1.71,0.39,-1.23,10.76,17.47,3.76,-1.17,0.44,-0.25,12.1,11.58,1.72,-0.94,0.17,0.17,11.5,5.23,1.66,-0.36,-0.19,-0.22,10.68,2.89,-0.56,-0.31,-0.02,-0.04,9.99,2.45,0.0,-0.18,-0.09,0.24,9.87,0.92,0.43,-0.17,0.12,0.09,9.79,0.11,0.57,-0.02,0.18,0.08,9.77,0.38,1.05,-0.12,0.1,0.27,9.79,-0.18,1.42,0.05,0.05,0.13,9.63,-0.64,1.01,-0.04,0.09,0.17,9.53,-0.37,1.69,-0.01,-0.05,0.21,9.35,-0.29,1.48,0.08,0.08,0.22,9.4,-0.85,1.06,0.01,0.09,0.17,9.68,-1.2,1.66,-0.01,0.02,0.09,9.63,-1.15,1.66,-0.06,-0.04,0.13,9.83,-1.19,1.52,0.05,-0.04,0.04,9.69,-1.07,1.08,-0.02,0.04,0.13,9.63,-1.25,1.26,-0.04,0.07,0.15,9.66,-1.53,1.79,0.03,0.0,0.05,9.6,-1.35,1.57,-0.02,0.01,0.04,9.45,-1.41,1.56,0.0,0.03,-0.07,9.29,-1.14,1.53,0.02,0.04,-0.07,8.99,-1.1,1.57,0.14,0.01,-0.44,9.35,-0.93,1.67,0.2,-0.21,-0.64,9.34,0.09,0.98,0.09,-0.1,-0.43,9.37,0.18,0.9,0.05,0.05,-0.18,9.67,-0.3,1.41
-1.24,0.39,1.45,8.39,-19.95,2.88,-2.7,0.77,-0.45,7.5,-19.06,4.85,-2.5,0.31,-2.65,5.33,-7.66,4.77,-3.09,0.75,-2.49,5.75,0.47,5.16,-1.77,0.92,-2.84,7.24,9.43,6.42,-1.79,0.89,-2.25,9.25,13.97,5.65,-1.39,0.79,-1.54,10.23,15.52,5.84,-0.57,-0.3,-0.04,10.87,9.06,1.16,-0.25,-0.28,0.24,9.9,4.86,-0.45,-0.21,-0.18,0.47,9.51,1.67,-0.53,-0.01,-0.09,0.21,9.41,0.32,0.29,0.02,0.0,0.1,9.32,0.79,0.13,-0.04,0.2,0.22,9.44,0.92,0.94,0.01,-0.03,0.22,9.78,-0.36,2.07,0.22,-0.14,-0.01,9.54,-0.52,1.15,0.16,-0.05,0.05,9.58,-0.83,1.07,0.05,0.14,0.05,9.64,-0.86,2.08,0.14,0.01,0.0,9.77,-0.66,1.66,0.0,0.19,0.1,9.79,-0.73,1.69,-0.09,0.11,0.14,9.85,-0.96,1.69,-0.08,0.15,0.06,9.81,-1.06,1.9,-0.01,0.05,0.01,9.76,-0.41,2.0,-0.03,0.07,0.03,9.66,-0.51,1.82,-0.03,0.05,0.08,9.48,-0.23,1.98,-0.05,0.04,0.15,9.68,-1.14,2.0,0.1,-0.03,-0.04,9.62,-0.76,1.8,0.01,0.01,0.02,9.68,-0.73,1.77,0.0,-0.04,0.06,9.74,-0.49,2.14,0.08,-0.02,0.09,9.86,-0.41,1.53,-0.11,0.18,0.27,9.97,-0.69,1.72
-1.23,-0.16,2.48,8.58,-19.68,4.15,-2.54,-0.32,-0.08,7.07,-25.98,1.18,-2.74,0.37,-2.69,3.76,-21.2,-0.2,-3.84,1.95,-5.14,1.38,-6.21,6.19,-2.33,1.01,-5.47,1.23,18.25,12.66,-1.79,0.13,-2.92,5.19,22.55,9.2,-0.95,-0.04,-1.16,7.85,17.58,4.55,-0.78,-0.1,0.49,8.96,8.62,2.17,-0.45,-0.17,0.68,8.9,4.01,0.51,-0.38,0.02,0.6,9.14,1.29,-0.22,-0.31,0.25,0.3,9.51,0.88,1.25,-0.19,0.08,0.13,9.75,0.9,1.7,0.02,-0.02,0.03,9.7,1.16,1.76,0.08,-0.07,0.02,9.83,1.18,1.48,0.07,-0.08,0.06,9.7,0.94,1.82,0.29,-0.15,0.12,9.6,0.55,1.1,0.08,0.06,0.26,9.72,0.04,1.28,0.07,0.09,0.16,9.74,-0.46,1.93,0.13,-0.0,0.13,9.74,-0.31,1.97,0.09,0.11,0.06,9.8,-0.33,2.01,-0.05,0.1,0.02,9.65,0.15,2.32,-0.07,0.01,0.08,9.61,0.2,1.99,-0.14,0.07,0.15,9.55,0.1,1.79,-0.1,0.11,0.11,9.64,0.02,2.14,0.01,-0.03,0.06,9.55,0.02,2.03,0.01,-0.05,0.11,9.7,-0.45,1.83,0.01,-0.04,0.0,9.62,-0.06,1.58,-0.02,-0.02,0.06,9.72,-0.22,1.55,-0.03,0.06,0.04,9.6,-0.08,1.77,0.01,0.02,0.01,9.67,-0.17,2.15
-1.91,-0.2,2.92,4.53,-30.77,7.69,-3.93,-1.98,0.23,0.32,-38.52,2.84,-5.3,3.29,-6.4,-5.18,-11.99,12.84,-3.2,-0.01,-6.51,4.32,39.9,32.71,-1.11,-2.09,-1.34,10.86,35.17,2.17,-0.42,-1.15,1.33,7.51,4.21,-7.03,-0.43,0.16,0.84,8.37,-2.67,-4.97,-0.55,0.57,0.15,10.61,-1.82,0.54,-0.34,-0.05,-0.43,10.73,1.87,2.11,-0.2,-0.35,-0.28,9.79,2.48,0.98,-0.18,-0.3,-0.09,9.31,0.71,-0.14,-0.09,-0.17,-0.08,9.13,0.59,0.03,-0.09,-0.07,0.02,9.19,0.75,-0.37,-0.15,0.2,0.19,9.78,0.23,0.66,-0.05,0.13,0.19,10.07,-0.44,1.09,-0.11,0.04,0.18,10.18,-0.84,1.04,0.1,-0.03,-0.11,9.86,-0.28,0.96,0.07,-0.05,-0.09,9.66,0.0,0.8,0.0,-0.03,0.04,9.69,-0.48,0.54,0.0,0.02,0.02,9.77,-0.56,0.3,-0.08,0.11,0.02,9.86,-0.48,0.81,-0.01,0.05,-0.07,9.86,-0.1,1.12,-0.03,0.01,-0.05,9.76,0.32,0.77,-0.01,0.06,0.04,9.57,0.52,0.72,0.03,0.05,0.11,9.54,0.64,0.5,0.01,0.08,0.28,9.68,0.53,0.89,0.12,0.0,0.33,9.74,-0.28,1.03,0.16,-0.09,0.24,10.0,-1.08,0.97,0.15,-0.05,0.2,9.6,-0.98,0.98,0.2,0.01,0.17,9.82,-1.25,0.61
-1.64,-0.42,3.02,8.63,-24.58,1.32,-3.37,-0.27,0.71,7.06,-31.46,-1.42,-2.63,0.88,-4.21,2.68,-9.11,4.42,-3.35,0.81,-4.35,3.87,11.96,8.47,-1.77,0.35,-2.87,6.5,26.85,4.74,-1.2,1.14,0.67,8.81,21.58,4.49,-0.5,0.75,1.94,9.19,3.23,1.48,-0.26,0.35,1.23,8.69,-0.49,1.52,0.01,-0.02,0.62,8.2,-3.12,-0.09,0.03,-0.03,0.22,8.45,-3.73,-0.24,0.04,0.02,-0.05,9.01,-3.68,0.2,0.03,-0.05,-0.17,9.11,-2.25,1.35,0.12,-0.15,-0.19,9.07,-2.02,1.09,0.18,-0.06,-0.18,8.93,-1.79,0.76,0.16,0.07,-0.02,9.13,-1.83,0.52,0.03,0.22,0.33,9.39,-2.52,1.23,-0.02,0.24,0.42,9.72,-3.93,1.59,0.04,0.09,0.15,9.85,-4.45,1.42,0.11,0.04,-0.1,9.79,-4.07,1.19,0.07,-0.2,-0.19,9.57,-2.9,1.06,0.16,-0.08,-0.21,9.4,-2.35,0.27,0.07,0.02,-0.06,8.75,-2.1,1.51,0.06,-0.09,0.13,9.32,-2.53,0.91,0.12,0.01,0.14,9.3,-2.61,0.75,0.06,0.09,0.19,9.19,-2.9,1.24,0.02,-0.09,0.21,9.23,-3.44,0.85,-0.04,-0.08,-0.02,9.26,-3.71,0.63,-0.01,0.01,-0.12,9.32,-3.18,1.0,-0.04,-0.08,-0.1,9.31,-2.8,0.88,-0.06,-0.04,-0.08,9.29,-2.79,0.71
-3.41,5.07,-6.07,-5.53,-4.85,9.66,-2.13,4.55,-7.52,4.54,37.47,38.63,-1.34,-0.35,-2.72,15.31,29.22,11.34,-0.23,-0.82,-0.04,13.27,12.81,1.86,0.42,-0.55,-0.05,11.56,6.58,1.34,0.37,-0.3,-0.1,10.81,6.1,1.94,0.3,0.01,0.28,9.29,5.16,3.13,0.13,-0.01,0.71,8.54,2.18,5.04,0.15,-0.36,0.59,7.92,0.39,3.18,0.26,-0.39,0.0,7.7,1.22,1.82,-0.01,-0.13,0.08,8.16,1.83,3.18,0.07,-0.18,0.15,8.98,1.89,3.55,0.02,-0.1,0.18,9.26,1.55,3.53,0.08,-0.01,0.06,9.21,1.58,3.83,0.05,-0.11,0.06,9.25,1.56,3.4,0.11,-0.13,-0.06,9.06,2.07,2.83,0.11,-0.01,0.01,8.84,2.35,2.93,0.01,-0.06,0.21,9.02,1.78,2.73,0.06,-0.0,0.14,8.99,1.63,3.2,-0.06,-0.06,0.15,9.33,1.48,3.4,-0.05,-0.06,0.2,9.34,1.39,3.36,-0.02,-0.06,0.2,9.22,0.82,2.75,0.04,-0.07,0.03,8.8,1.31,3.2,0.04,-0.06,0.0,9.15,1.0,3.2,0.12,-0.06,-0.1,9.02,1.79,3.22,-0.1,-0.1,0.15,9.15,1.28,3.01,-0.05,-0.04,0.1,9.18,0.86,2.9,0.01,-0.03,-0.05,9.17,1.17,3.21,-0.04,-0.13,-0.09,9.18,1.57,2.56,-0.03,0.03,-0.08,9.09,1.86,2.59
-1.28,-0.14,2.24,6.84,-26.95,4.99,-2.67,-0.35,0.11,4.94,-33.47,3.12,0.0,0.0,0.0,0.0,0.0,0.0,0.0,0.0,0.0,0.0,0.0,0.0,0.0,0.0,0.0,0.0,0.0,0.0,0.0,0.0,0.0,0.0,0.0,0.0,0.0,0.0,0.0,0.0,0.0,0.0,0.0,0.0,0.0,0.0,0.0,0.0,0.0,0.0,0.0,0.0,0.0,0.0,0.0,0.0,0.0,0.0,0.0,0.0,0.0,0.0,0.0,0.0,0.0,0.0,0.0,0.0,0.0,0.0,0.0,0.0,0.0,0.0,0.0,0.0,0.0,0.0,0.0,0.0,0.0,0.0,0.0,0.0,0.0,0.0,0.0,0.0,0.0,0.0,0.0,0.0,0.0,0.0,0.0,0.0,0.0,0.0,0.0,0.0,0.0,0.0,0.0,0.0,0.0,0.0,0.0,0.0,0.0,0.0,0.0,0.0,0.0,0.0,0.0,0.0,0.0,0.0,0.0,0.0,0.0,0.0,0.0,0.0,0.0,0.0,0.0,0.0,0.0,0.0,0.0,0.0,0.0,0.0,0.0,0.0,0.0,0.0,0.0,0.0,0.0,0.0,0.0,0.0,0.0,0.0,0.0,0.0,0.0,0.0,0.0,0.0,0.0,0.0,0.0,0.0,0.0,0.0,0.0,0.0,0.0,0.0,0.0,0.0,0.0,0.0,0.0,0.0,0.0,0.0,0.0,0.0,0.0,0.0,0.0,0.0,0.0,0.0,0.0,0.0
-0.59,0.47,2.02,10.18,4.61,-1.32,-0.33,0.42,0.9,10.99,-2.6,0.09,-0.42,0.48,0.22,11.61,-1.0,1.0,-0.4,0.01,-0.15,11.18,2.06,2.26,-0.25,-0.16,0.09,10.55,1.77,1.73,-0.17,-0.12,0.1,9.9,0.6,1.09,-0.1,-0.17,-0.02,9.64,-0.29,0.68,-0.03,0.04,-0.12,9.6,0.39,0.99,-0.05,0.09,0.05,9.83,0.52,1.91,-0.04,-0.15,0.15,10.1,-0.6,1.48,0.02,-0.17,-0.01,9.92,-0.51,1.56,0.07,-0.2,-0.1,9.67,-0.22,0.96,0.03,-0.01,-0.12,9.46,0.48,1.33,0.1,-0.14,0.05,9.63,0.19,1.11,0.02,-0.05,0.12,9.85,-0.31,1.15,0.04,-0.02,0.06,9.91,-0.58,1.3,0.05,-0.06,-0.02,9.67,-0.5,1.32,-0.04,-0.08,-0.02,9.53,-0.52,1.01,-0.03,-0.04,-0.03,9.51,-0.18,0.94,-0.01,0.03,0.01,9.44,-0.16,1.24,0.0,0.0,0.0,0.0,0.0,0.0,0.0,0.0,0.0,0.0,0.0,0.0,0.0,0.0,0.0,0.0,0.0,0.0,0.0,0.0,0.0,0.0,0.0,0.0,0.0,0.0,0.0,0.0,0.0,0.0,0.0,0.0,0.0,0.0,0.0,0.0,0.0,0.0,0.0,0.0,0.0,0.0,0.0,0.0,0.0,0.0,0.0,0.0,0.0,0.0,0.0,0.0,0.0,0.0,0.0,0.0,0.0,0.0,0.0,0.0
-2.33,-0.69,2.18,2.53,-34.36,-1.87,-2.44,0.57,-2.21,-2.04,-32.84,-5.49,-3.15,3.59,-7.27,-2.75,13.93,18.93,-1.74,0.75,-4.08,8.84,37.9,16.31,-0.5,0.53,0.09,13.54,22.92,4.85,-0.25,0.23,1.04,12.21,8.31,2.07,0.11,0.14,0.65,10.98,1.0,0.45,-0.03,0.18,0.04,10.75,-0.03,2.08,-0.0,-0.14,-0.18,10.54,1.08,1.98,0.06,-0.16,-0.16,9.82,1.95,2.66,0.12,-0.19,0.08,9.27,1.34,2.3,0.1,-0.08,0.03,9.09,1.0,2.23,0.12,-0.03,-0.05,9.14,1.07,1.72,0.09,0.16,0.0,9.25,0.99,2.08,0.08,0.19,0.19,9.53,0.37,2.34,0.07,0.09,0.18,9.88,-0.15,2.98,0.17,0.01,0.01,9.82,0.04,2.42,-0.02,-0.0,0.0,9.66,0.36,2.34,0.02,-0.01,-0.03,9.52,0.7,2.62,0.03,-0.02,0.02,9.51,1.12,1.91,-0.08,0.11,0.22,9.55,0.29,2.3,0.07,0.04,0.07,9.59,0.32,2.64,0.04,-0.02,0.04,9.61,0.28,2.42,0.07,0.05,-0.03,9.55,0.31,2.97,0.12,-0.12,-0.05,9.37,0.79,2.87,-0.02,-0.08,0.11,9.36,0.76,2.72,0.03,-0.05,0.18,9.44,0.37,2.73,0.03,0.02,0.17,9.53,0.12,2.68,-0.0,0.03,0.09,9.52,-0.13,2.8,-0.02,-0.04,0.0,9.53,0.18,2.73
-1.96,0.03,1.92,10.02,-30.94,5.0,-2.8,-0.24,-1.67,7.17,-25.31,2.32,-3.5,0.66,-4.11,3.82,-12.27,3.71,-2.14,0.56,-4.33,1.47,20.9,10.44,-0.79,-0.28,-2.15,6.5,25.94,5.04,-0.88,0.17,0.66,9.03,11.12,2.67,-0.46,-0.14,0.89,8.53,1.74,-0.79,-0.26,0.05,0.4,8.3,-0.23,-0.94,-0.02,0.04,0.25,9.44,-0.64,0.95,0.05,-0.1,0.16,9.99,-1.29,1.11,0.1,0.02,-0.08,10.07,-0.61,1.65,0.09,-0.17,-0.04,9.81,-0.97,1.66,0.11,-0.1,-0.12,9.57,-0.75,1.04,0.1,-0.01,-0.06,9.76,-0.34,1.33,0.06,0.01,0.17,9.98,-1.16,1.61,0.04,0.04,0.27,9.82,-1.41,1.66,0.09,0.0,0.17,9.72,-2.01,1.77,0.14,-0.1,0.0,9.34,-1.35,0.94,0.14,0.04,0.05,9.34,-1.26,1.42,0.03,-0.02,0.14,9.39,-1.37,1.32,-0.03,0.09,0.19,9.38,-1.99,1.32,0.03,0.04,0.03,9.51,-1.68,2.07,-0.01,0.01,0.08,9.62,-1.37,1.96,0.01,0.05,0.1,9.63,-1.95,1.99,0.02,-0.09,0.01,9.59,-1.84,1.75,-0.07,-0.04,0.04,9.58,-1.84,1.31,0.08,0.02,-0.09,9.44,-1.42,1.14,0.03,0.1,-0.01,9.44,-1.34,1.3,0.05,0.05,0.07,9.49,-1.69,1.06,0.06,0.21,0.05,9.39,-1.31,1.27
-2.32,1.26,-1.85,-1.85,-26.02,-8.14,-2.78,4.41,-5.61,0.8,-1.52,12.08,-1.77,1.32,-3.54,11.66,31.92,21.34,-0.35,-0.02,-0.61,14.11,25.39,8.41,-0.02,-0.27,0.76,12.27,9.95,1.01,0.31,-0.16,0.07,10.26,4.17,-0.3,0.12,0.21,0.27,10.19,2.18,0.85,-0.05,0.25,0.45,9.88,-0.25,2.5,0.01,-0.05,-0.03,9.17,-0.5,3.34,0.15,-0.14,-0.32,8.78,0.73,3.18,-0.0,-0.13,-0.16,8.69,1.43,3.29,-0.06,-0.04,-0.01,9.13,0.78,3.34,0.1,-0.01,-0.12,9.28,0.83,3.18,0.13,0.02,-0.1,9.31,1.23,3.01,-0.03,-0.03,0.11,9.53,0.65,2.51,0.01,0.11,0.06,9.56,0.54,2.72,0.06,0.07,0.05,9.68,0.32,3.6,0.01,-0.13,0.04,9.62,0.65,2.78,0.05,0.01,-0.04,9.44,0.58,3.15,0.03,-0.07,-0.05,9.4,0.97,2.83,-0.1,-0.04,0.14,9.38,0.87,3.0,-0.11,0.0,0.11,9.39,0.92,3.55,-0.09,-0.13,0.09,9.41,1.12,3.23,-0.02,-0.15,0.19,9.32,1.47,3.02,-0.19,-0.18,0.41,9.4,0.5,3.28,0.03,-0.3,0.26,9.4,-0.37,2.51,0.1,-0.18,-0.03,9.28,-0.31,1.79,-0.09,0.03,0.01,9.14,-0.09,2.38,-0.05,0.03,-0.04,9.17,0.03,2.69,0.07,0.03,-0.13,9.15,0.43,2.71
-2.25,-0.11,2.36,7.14,-28.72,3.57,-2.8,-0.61,-0.33,2.1,-28.39,-1.58,-2.89,2.01,-6.1,-0.41,-0.48,12.39,-1.97,0.66,-6.03,3.46,30.88,18.43,-0.74,-0.57,-1.51,9.15,31.41,0.68,-0.62,0.42,1.72,9.57,10.69,-0.7,-0.65,0.46,1.84,8.98,-0.88,0.89,-0.15,-0.27,0.29,8.39,-1.84,-1.79,-0.41,0.05,0.08,9.59,-0.02,0.39,-0.35,-0.06,0.04,9.62,0.37,1.36,-0.14,-0.16,-0.06,9.41,-0.41,1.07,-0.1,-0.12,-0.2,9.25,0.04,1.02,-0.02,-0.01,-0.17,9.14,0.61,1.11,0.02,0.14,0.05,9.51,0.31,1.48,-0.13,0.21,0.32,9.94,-1.23,1.95,-0.02,0.06,0.1,9.95,-1.65,1.78,0.03,-0.1,-0.13,9.93,-1.16,1.31,0.07,-0.07,-0.19,9.55,0.21,1.02,-0.01,0.03,0.1,9.45,-0.55,0.98,-0.05,0.18,0.18,9.67,-0.57,1.45,-0.01,0.16,0.17,9.8,-0.76,2.14,0.02,-0.09,0.12,9.86,-1.48,1.64,0.11,-0.09,-0.1,9.6,-1.14,1.32,0.02,-0.04,-0.06,9.57,-0.56,1.4,0.01,-0.01,0.0,9.74,-0.54,1.51,0.01,0.02,0.02,9.56,-0.64,1.32,-0.02,0.09,0.06,9.72,-1.14,1.51,-0.01,-0.01,-0.07,9.73,-0.62,1.79,0.04,-0.02,-0.06,9.74,-0.36,1.76,0.03,-0.04,0.01,9.62,-0.49,1.41
-1.6,-0.32,2.55,8.99,-25.0,4.2,-2.12,-0.84,0.15,6.83,-32.63,3.51,-2.41,0.04,-3.35,0.3,-18.34,1.34,-1.66,1.76,-7.35,-1.86,18.74,17.67,-1.14,-0.2,-5.3,7.54,39.46,7.0,-0.9,0.07,0.87,10.33,17.58,1.12,-0.69,0.22,1.88,9.01,3.31,-0.12,-0.26,-0.02,0.52,8.65,-1.59,-1.44,-0.22,0.24,-0.05,9.65,0.36,0.28,-0.21,-0.01,-0.16,9.69,1.86,1.54,-0.13,-0.13,0.02,9.47,1.19,1.82,-0.04,-0.02,0.04,9.41,0.6,2.04,-0.02,-0.15,0.04,9.59,0.04,1.74,-0.08,-0.01,0.07,9.78,-0.63,2.1,-0.02,0.03,-0.07,9.94,-0.34,2.35,0.01,-0.07,-0.11,9.72,0.31,1.65,-0.06,0.09,0.1,9.51,0.13,1.93,0.06,0.1,0.07,9.39,-0.24,1.49,0.1,0.19,-0.06,9.35,-0.53,2.03,0.2,0.04,-0.24,9.34,-0.12,1.97,0.44,0.07,-0.35,9.25,0.37,1.66,0.17,0.28,-0.08,9.18,1.0,2.47,0.06,0.14,0.15,9.46,0.26,2.35,-0.03,0.13,0.13,9.64,0.24,2.16,-0.15,0.15,0.15,9.72,0.28,2.62,-0.15,0.06,0.26,9.62,0.13,2.54,-0.07,0.04,0.35,9.59,-0.24,2.12,-0.06,0.07,0.32,9.64,-0.7,2.49,-0.09,0.02,0.25,9.75,-0.76,2.51,-0.05,-0.01,0.19,9.52,-0.63,2.57
-0.54,-0.14,2.8,5.61,-19.42,-0.06,-1.54,0.78,0.98,6.04,-34.96,3.45,-1.87,0.79,-2.87,4.06,-29.92,6.92,-3.27,0.97,-5.81,1.42,-8.69,14.32,-2.1,-0.31,-7.22,0.44,24.36,18.42,-1.74,-0.79,-3.47,5.27,35.77,5.33,-1.05,-0.11,0.97,7.5,16.41,-1.83,-0.68,0.32,1.07,8.17,6.18,-0.39,-0.15,0.15,0.65,9.01,1.29,-1.27,-0.28,0.35,0.28,9.99,1.08,1.36,-0.08,0.12,-0.07,9.49,2.47,2.11,-0.0,0.03,0.17,9.11,2.41,2.03,0.03,0.06,0.38,9.36,0.49,1.98,-0.0,0.11,0.06,9.77,0.4,2.31,0.01,0.11,-0.14,9.84,2.09,2.88,-0.02,0.03,0.2,10.06,0.87,2.11,-0.2,0.07,0.23,10.0,0.16,2.13,-0.11,-0.03,-0.09,9.92,0.26,2.94,0.13,-0.3,-0.27,9.73,1.1,1.72,-0.06,-0.01,0.03,9.44,1.01,1.76,-0.0,0.13,0.12,9.51,0.87,2.68,0.01,0.04,0.22,9.79,0.1,2.88,0.06,-0.04,0.04,9.59,-0.15,2.66,0.06,-0.08,-0.06,9.25,0.6,2.04,0.04,0.02,0.08,9.29,0.71,2.23,-0.03,0.03,0.25,9.5,-0.2,2.31,0.03,0.01,0.04,9.61,0.11,2.43,-0.03,-0.06,-0.02,9.64,0.83,2.66,0.0,-0.12,0.04,9.44,0.62,1.87,-0.05,-0.03,0.06,9.52,0.46,1.99
0.36,0.06,2.6,2.62,-13.65,4.82,-0.82,-0.02,2.0,3.24,-32.91,1.64,-1.79,0.37,-2.25,1.57,-38.53,-3.68,-3.3,3.67,-8.07,-3.37,1.73,17.89,-2.68,-0.29,-5.46,1.28,26.85,24.49,-1.17,-0.54,-1.74,9.69,29.43,7.22,-0.66,-0.66,-0.27,10.37,14.15,1.2,-0.2,-0.53,0.48,9.82,6.04,-0.48,-0.32,-0.29,0.53,10.69,0.54,-0.5,-0.31,-0.02,-0.06,10.98,2.3,0.84,-0.17,-0.28,0.23,10.2,3.66,2.29,-0.07,-0.27,0.47,9.3,2.78,1.69,0.13,-0.08,0.55,8.49,1.54,2.52,0.07,-0.14,0.69,8.75,0.26,2.8,-0.05,-0.28,0.52,9.12,-0.17,2.88,-0.2,-0.33,0.33,9.62,-0.24,3.41,-0.21,-0.61,0.02,9.74,-0.4,3.02,0.08,-0.82,-0.27,9.54,0.2,1.7,0.01,-0.68,-0.29,9.44,0.98,1.26,0.09,-0.43,-0.19,9.57,1.39,1.38,0.21,-0.45,-0.08,9.49,1.68,0.71,0.14,-0.27,0.14,9.54,1.39,0.88,0.29,-0.25,0.1,9.54,0.83,1.7,0.11,-0.43,0.07,9.61,0.58,1.44,0.14,-0.5,-0.04,9.52,0.15,0.48,0.19,-0.2,-0.36,9.55,0.86,1.06,0.06,-0.35,-0.21,9.77,0.74,2.02,0.28,-0.56,-0.31,9.59,0.79,0.12,0.05,-0.17,-0.23,9.58,1.17,0.18,0.08,-0.19,-0.18,10.12,1.39,0.23
-1.6,0.47,-1.52,7.36,-4.6,6.64,-1.49,0.99,-2.27,7.39,4.15,5.69,-1.58,1.46,-1.61,7.99,7.95,5.95,-1.55,0.53,-1.86,9.52,10.2,3.14,-1.19,0.4,-1.64,9.65,11.02,0.32,-0.94,0.39,-0.63,10.08,10.24,1.2,-0.61,-0.0,0.13,9.78,6.51,-0.08,-0.36,0.12,0.49,9.28,3.68,-0.16,-0.37,0.31,0.73,9.34,-0.14,0.98,-0.21,0.16,0.25,9.62,-1.17,1.84,-0.15,-0.01,-0.1,9.62,-0.61,1.48,-0.05,0.11,-0.15,9.6,0.36,2.2,-0.03,0.02,-0.16,9.78,0.62,2.32,-0.07,0.05,0.06,9.97,0.49,2.04,-0.11,0.16,0.17,10.05,-0.07,2.41,-0.13,0.01,0.16,10.19,-0.61,3.08,0.0,-0.25,-0.02,10.01,-0.61,2.06,0.08,-0.14,-0.01,9.85,-0.18,1.9,0.11,-0.16,-0.01,9.74,-0.48,2.0,0.08,-0.17,-0.07,9.66,-0.66,1.78,0.02,-0.12,-0.1,9.55,-0.27,1.99,0.04,-0.16,-0.07,9.58,-0.2,2.0,0.02,-0.21,-0.07,9.64,0.0,1.81,0.01,-0.14,-0.04,9.57,-0.22,1.64,-0.04,-0.11,-0.05,9.46,-0.01,1.58,-0.1,-0.08,0.07,9.33,-0.22,1.35,-0.25,-0.05,0.19,9.26,0.04,1.29,-0.41,0.09,0.35,9.4,-0.27,1.21,-0.18,0.15,0.18,9.73,-1.06,1.91,-0.11,0.01,-0.09,9.81,-1.08,2.14
-1.73,1.85,-1.96,4.8,-10.76,2.21,-1.81,0.73,-2.25,5.08,-4.34,6.48,-1.54,0.64,-3.2,7.33,10.8,8.46,-1.33,0.96,-2.28,10.57,17.17,12.15,-0.59,0.11,-1.22,12.49,15.53,8.49,-0.27,-0.39,-0.2,12.34,8.64,3.35,-0.19,-0.33,-0.23,11.19,5.71,1.64,-0.15,-0.09,-0.09,10.08,4.25,2.24,-0.1,-0.1,0.14,9.84,3.1,2.56,-0.06,-0.18,0.15,9.63,2.84,2.53,0.02,-0.09,0.19,9.39,2.39,2.93,0.08,-0.23,0.19,8.98,2.13,3.07,0.12,-0.29,0.15,9.03,1.87,2.2,0.16,-0.11,0.19,9.08,1.07,2.32,0.15,-0.04,0.09,9.06,0.45,2.53,0.05,-0.1,-0.02,8.94,1.43,2.7,-0.1,-0.02,0.12,9.0,1.6,2.43,-0.04,0.01,0.1,9.13,1.14,2.72,0.03,-0.03,-0.01,9.23,1.26,2.78,-0.01,-0.08,-0.04,9.29,1.22,2.67,0.07,-0.06,-0.08,9.19,1.42,2.36,-0.01,0.02,-0.05,9.29,1.33,2.45,0.05,-0.05,-0.06,9.32,1.72,2.76,0.09,-0.01,-0.02,9.29,1.62,2.29,0.09,0.08,-0.04,9.2,1.56,2.7,0.01,-0.0,-0.03,9.26,1.39,2.69,0.08,-0.01,-0.12,9.29,1.61,2.76,-0.01,-0.01,-0.04,9.25,1.46,2.56,-0.04,-0.02,-0.08,9.21,1.39,2.74,-0.03,-0.04,-0.12,9.31,1.72,2.73
-1.12,0.22,3.18,6.02,-37.18,5.51,-2.82,-0.86,-2.94,0.02,-38.54,-11.51,-4.87,5.15,-7.51,-8.96,-15.59,12.39,-1.03,2.39,-9.24,-7.11,39.9,39.21,-1.4,-2.29,-1.82,6.44,39.88,2.56,-1.0,-1.77,1.38,6.49,13.57,-6.71,-0.68,-0.64,1.46,7.41,1.18,-6.34,-0.35,0.36,0.6,10.63,1.35,-0.28,-0.16,-0.07,0.32,10.58,2.86,2.57,-0.13,-0.37,0.33,9.86,1.62,0.63,0.07,-0.17,0.13,9.29,1.95,-0.28,-0.04,-0.14,0.27,9.33,1.33,0.08,-0.07,-0.07,0.29,9.47,0.62,0.55,0.06,-0.01,0.12,9.65,1.2,1.07,-0.04,-0.02,0.28,9.62,0.65,0.41,-0.04,0.11,0.16,9.54,1.08,0.94,0.13,-0.01,0.1,9.21,1.21,0.42,0.04,0.03,0.19,9.42,0.97,0.72,0.05,0.23,0.23,9.5,0.99,0.85,0.03,0.22,0.33,9.84,-0.44,1.66,0.11,0.04,0.05,9.77,-0.13,1.71,0.1,-0.05,-0.01,9.79,-0.07,1.31,0.01,-0.02,-0.01,9.71,-0.03,1.01,-0.0,0.0,-0.02,9.65,0.48,0.98,-0.1,0.01,0.12,9.64,0.33,1.23,-0.1,-0.04,0.07,9.64,0.0,0.88,-0.11,0.02,0.01,9.7,0.86,0.8,-0.03,0.06,0.06,9.87,0.3,0.64,-0.01,0.11,0.02,9.91,0.12,1.05,0.04,0.03,-0.09,9.83,0.67,1.33
