1.78,1.1,-0.89,8.34,-0.35,6.32,1.82,0.73,-0.68,7.41,-0.4,6.5,1.17,0.34,-0.34,8.04,0.17,7.31,-0.15,-0.16,0.21,7.19,-1.52,6.8,0.0,0.0,0.0,0.0,0.0,0.0,-6.58,-2.03,7.97,7.51,-4.55,4.38,-7.16,-2.15,9.67,5.48,-7.25,7.56,-0.53,-0.34,-1.16,10.3,-4.34,2.22,8.81,-4.34,-13.44,7.85,-2.22,1.87,4.28,-4.53,-8.22,7.33,-2.94,1.97,-6.96,-1.23,16.0,8.35,-3.69,-2.32,2.18,0.09,-4.73,15.27,-4.29,2.02,7.41,-4.83,-16.17,8.48,-6.82,2.51,0.22,-3.51,1.59,4.23,8.62,0.01,-3.69,-0.08,13.72,13.26,-1.6,-3.29,2.64,1.03,-8.1,12.44,0.51,2.59,1.99,-1.04,-6.97,7.91,4.08,-3.91,-2.39,-0.1,6.54,6.38,-1.11,-1.38,-2.13,0.05,6.27,8.39,-2.45,-1.85,0.42,0.89,-0.58,7.18,-1.66,-1.99,1.12,0.98,-1.3,5.46,0.03,-1.46,0.23,1.44,1.1,8.54,-1.62,-0.06,-0.1,1.94,2.22,8.66,-2.38,0.62,-0.23,1.03,0.62,6.88,-1.94,1.08,-0.44,-0.09,-0.88,9.14,-1.62,0.78,-0.14,-0.07,-1.07,9.42,-1.92,0.41,0.18,0.79,-1.5,11.11,2.99,-0.34,0.84,1.21,0.34,9.36,-0.27,1.29,-1.23,1.96,1.61,9.99,-0.15,1.55,-3.92,2.64,3.96,11.32,-1.99,2.79
-2.58,2.17,6.64,12.14,-7.07,3.09,1.17,0.33,3.22,11.34,-11.26,5.66,3.15,-1.7,-4.74,12.83,-4.61,7.17,0.0,0.0,0.0,0.0,0.0,0.0,0.0,0.0,0.0,0.0,0.0,0.0,-7.04,0.03,12.79,3.67,2.2,1.87,-3.47,-3.14,15.47,18.05,-10.36,1.7,0.0,0.0,0.0,0.0,0.0,0.0,0.0,0.0,0.0,0.0,0.0,0.0,0.86,-1.06,-6.36,-7.02,10.51,-3.72,-6.62,-5.11,22.19,5.28,-3.85,1.06,1.96,2.39,-4.04,14.81,-2.48,0.33,0.0,0.0,0.0,0.0,0.0,0.0,-0.9,-0.41,0.79,0.85,3.65,-3.56,-3.79,-2.19,11.27,6.7,-2.47,0.64,1.6,3.22,-4.68,9.77,-1.97,1.71,0.98,0.38,-3.32,5.29,-2.21,1.11,-2.1,0.33,5.3,7.33,-2.74,0.39,-0.18,3.12,0.21,11.29,-2.1,1.33,1.45,2.83,-3.0,10.89,-1.95,4.1,0.17,0.3,0.13,9.49,-1.41,3.7,-0.28,0.68,1.37,10.8,-0.62,4.16,0.5,0.79,-0.25,12.32,-1.31,5.9,1.34,-0.24,-1.74,10.63,-1.33,5.05,1.09,-0.28,-0.95,9.6,-0.39,3.91,0.0,0.0,0.0,0.0,0.0,0.0,0.0,0.0,0.0,0.0,0.0,0.0,0.0,0.0,0.0,0.0,0.0,0.0,0.0,0.0,0.0,0.0,0.0,0.0,0.0,0.0,0.0,0.0,0.0,0.0
-1.09,-0.45,1.62,8.17,-0.88,4.23,-1.78,-0.96,3.28,8.88,-3.25,4.8,-3.09,-1.86,5.34,8.75,-6.38,5.51,-0.65,-2.59,1.84,10.49,-6.62,4.15,5.46,-1.86,-9.82,11.94,-2.96,5.01,0.0,0.0,0.0,0.0,0.0,0.0,-0.11,-0.78,-8.25,-1.95,15.07,0.09,-9.21,-5.39,22.21,11.45,-9.05,0.79,-4.48,-2.57,6.31,21.18,-7.7,-6.0,0.0,0.0,0.0,0.0,0.0,0.0,5.51,-1.64,-12.99,3.06,9.07,-4.13,-5.08,-1.05,11.05,8.01,-5.01,-0.92,-2.85,-2.48,5.51,13.89,-5.86,-0.09,3.0,0.61,-8.27,7.77,-4.69,-1.13,-0.68,-0.83,-0.9,5.08,2.22,-1.36,-2.76,-1.27,4.42,8.73,-2.18,-0.19,-1.37,1.02,0.03,9.57,-3.47,0.04,0.02,2.54,-1.89,7.09,-4.33,-2.82,0.81,1.98,-2.2,6.82,-2.55,-2.04,2.5,2.45,-4.11,6.43,-5.16,-1.07,6.32,4.7,-5.74,7.86,1.24,-2.82,3.48,1.05,-6.14,10.19,11.3,-1.29,-0.78,1.87,-1.88,7.95,17.93,0.66,-7.53,-0.12,4.36,6.16,10.12,7.32,-8.63,-2.98,8.57,6.38,1.59,6.82,-9.26,-5.17,11.96,5.17,-9.49,-0.71,-7.01,-5.08,5.16,5.51,-22.16,-13.25,8.67,5.51,-13.21,4.25,-4.26,-1.26,6.22,3.14,-9.8,2.45,23.49,2.34,-9.81,-1.7,11.54,7.58,-5.42,2.27
-3.64,-4.98,5.59,7.42,-16.47,-5.24,5.93,2.53,-8.03,9.05,-12.71,-3.32,12.91,3.6,-10.31,5.21,13.73,2.39,-2.1,-1.03,1.89,6.32,8.87,-2.97,-2.39,-0.03,3.52,12.18,-9.52,-3.51,4.86,3.24,-4.25,8.21,-2.84,2.42,3.51,1.96,-2.48,6.96,6.2,0.23,-1.83,1.15,1.57,8.59,2.56,2.44,-0.23,0.68,0.73,9.05,1.14,2.45,-0.77,0.51,0.54,9.22,3.09,2.76,-1.97,-0.48,2.3,7.19,2.72,4.18,-5.19,-1.65,4.85,8.15,-2.81,2.87,-5.34,-2.54,5.55,10.12,-12.08,-0.58,3.82,-0.49,-5.23,10.24,-14.16,-0.37,12.14,1.27,-13.91,5.0,1.8,0.51,1.69,-0.76,-6.27,-1.04,26.28,-0.67,-11.7,-3.33,16.03,8.26,-1.74,-1.47,-2.19,-2.59,5.26,14.97,-20.96,-0.08,12.45,1.76,-15.77,4.81,-9.35,1.07,2.32,-2.08,-5.48,0.52,23.75,-5.37,-8.43,-2.17,14.39,9.01,-13.69,-3.25,2.61,2.71,-4.56,9.53,-8.9,0.4,6.94,1.62,-8.59,9.78,7.25,6.15,-5.11,-2.65,5.31,5.05,5.48,-0.3,-5.61,-3.73,8.24,12.35,-8.97,-2.68,4.53,4.04,-8.51,10.22,-4.65,-0.72,4.25,2.36,-5.86,7.25,9.61,8.12,-4.23,-3.61,4.94,6.36,6.4,0.0,-3.5,-3.86,5.33,12.7,-4.23,-1.7,1.05,1.73,-1.65,9.97,-0.89,-1.29
1.2,0.52,-1.34,9.94,-0.09,0.38,0.67,0.49,-0.9,9.53,3.0,0.4,-0.15,0.69,-0.28,10.28,3.62,0.49,-0.42,0.61,0.89,8.1,4.0,2.68,-2.23,-0.12,2.5,10.63,3.76,1.25,-6.46,-1.97,6.34,6.28,1.29,1.58,-7.82,-4.1,12.56,5.28,-9.94,-2.48,-5.17,-4.52,6.65,6.61,-22.63,-5.61,9.61,4.97,-25.48,7.45,-14.92,-2.76,14.54,3.62,-30.25,-13.16,38.75,-8.89,-10.14,-0.69,23.36,-6.3,-9.03,0.24,-5.28,-4.79,13.32,13.04,-33.89,-6.1,7.28,5.49,-14.34,8.76,-22.49,-3.45,6.36,2.96,-10.62,-13.6,27.62,-5.47,-8.11,-3.56,15.16,0.3,1.99,-1.02,-4.0,-3.28,9.39,26.98,-25.16,0.35,5.44,5.63,-13.27,12.71,-13.21,1.09,2.15,-0.95,-4.91,-7.56,23.17,-3.13,-6.39,-5.73,14.65,2.79,0.59,-5.2,-2.67,-1.06,5.95,15.99,-16.27,-4.61,5.74,5.29,-12.74,9.72,-9.4,-2.97,5.35,1.47,-7.23,0.57,18.55,-2.34,-5.23,-1.73,10.32,6.54,1.4,0.07,-2.0,-1.62,5.55,15.86,-6.58,0.82,2.86,2.3,-4.59,11.4,-4.69,0.93,2.53,1.74,-4.05,9.69,2.0,1.91,-0.77,-1.34,0.03,9.02,1.2,0.11,-1.05,-2.04,0.5,8.43,-0.07,0.33,0.37,-0.79,-0.21,9.61,-0.01,-1.13,0.37,1.16,-0.12,9.38,-0.19,-0.72
-1.71,-0.26,1.77,8.64,2.75,0.38,-4.97,-1.3,5.59,8.78,4.54,3.98,-6.75,-6.18,12.03,8.68,-0.8,4.07,0.22,-5.32,2.2,1.74,-26.53,-15.16,3.9,2.26,-11.78,1.74,-20.35,-14.22,2.74,3.44,-13.54,-3.69,23.15,-0.16,2.84,1.73,-0.81,-12.05,39.29,-5.63,2.0,5.72,10.84,0.98,-12.78,5.72,0.21,3.29,4.04,22.57,-39.13,16.97,0.17,-1.86,-8.81,4.37,-14.17,6.95,0.13,-2.72,-5.83,-20.72,39.28,-19.71,-0.61,5.11,10.49,-13.9,24.99,5.9,-0.2,0.23,5.96,21.96,-39.15,15.74,-0.1,-2.67,-5.38,16.76,-36.58,2.32,-1.0,-1.21,-6.24,-6.95,36.19,-10.76,-0.38,1.29,7.23,2.87,6.99,8.98,-0.18,-0.74,3.19,18.76,-34.75,6.32,0.64,-2.22,-5.68,8.77,-11.05,0.71,0.02,-1.13,-3.38,-0.16,14.02,-8.53,-0.12,2.26,0.42,4.72,4.03,-1.9,0.13,2.33,0.49,10.49,-1.62,4.62,0.2,0.96,-0.93,12.67,-5.84,3.64,0.53,1.17,-2.24,10.54,-0.08,2.11,0.47,0.48,-1.12,8.02,1.33,4.99,1.05,0.31,-0.39,9.01,2.16,2.29,-0.27,0.43,-0.15,10.34,1.35,4.26,-0.57,-0.01,0.24,9.52,1.56,4.34,-0.84,-0.43,1.11,10.37,1.21,2.91,-2.6,-0.22,3.06,10.15,0.25,2.12,-2.68,-0.44,4.34,9.27,-5.65,2.26
1.94,0.22,-1.64,10.07,-6.76,3.84,2.26,-1.51,-4.69,8.85,-2.27,3.19,-0.44,-2.66,-3.36,7.26,1.86,1.2,-0.98,-1.72,-1.05,7.01,5.94,-1.4,-0.45,-0.23,0.34,7.81,5.13,-0.95,-0.19,0.54,0.97,9.19,1.78,1.13,0.1,0.47,0.57,10.04,-0.07,0.96,0.44,0.66,0.1,10.72,-1.51,1.28,0.03,0.27,-0.11,10.57,-0.31,2.32,-1.01,-0.17,0.24,7.93,4.83,2.81,-3.57,-1.35,4.23,4.86,11.34,0.15,-3.48,-2.41,12.35,2.35,-4.83,-3.64,-2.32,-1.2,6.91,6.4,-30.87,-5.29,7.63,2.85,-11.35,4.46,-23.47,-0.01,9.22,-1.23,-16.2,4.26,4.07,-1.97,-7.57,-0.04,8.14,-2.44,28.97,0.38,-4.41,-2.42,9.09,4.05,-10.21,0.35,6.31,2.87,-6.13,12.28,-18.02,-0.53,9.71,2.73,-11.17,8.2,-8.22,2.65,-1.88,-0.51,2.76,2.85,18.25,-3.02,-8.51,-1.77,13.88,5.61,-7.01,0.32,1.19,1.58,-2.58,16.65,-11.64,6.81,5.37,0.56,-10.85,9.77,5.03,5.57,-4.81,-3.53,3.04,2.23,9.8,-2.11,-6.06,-4.69,8.65,7.55,-1.8,-3.91,1.61,2.37,-1.63,10.12,-5.1,-1.06,3.8,2.44,-5.59,9.52,-1.0,4.18,-0.24,-0.96,-0.09,8.1,3.18,-1.15,-1.59,-1.96,2.98,9.52,-0.3,-1.98,-0.34,-0.39,1.87,10.13,-1.05,0.29
-1.16,0.39,4.21,7.98,-1.58,-1.77,-0.71,0.53,5.61,8.44,-2.88,-3.08,1.33,1.66,4.76,4.81,-5.9,1.83,-0.62,1.5,4.86,8.61,-10.79,3.8,-0.0,2.36,3.56,7.17,-8.11,2.36,2.38,1.82,-0.77,6.47,-9.63,4.18,2.2,0.31,-1.3,6.24,-7.21,5.14,1.87,-1.31,-1.54,7.2,-8.79,3.92,3.66,-2.6,-6.02,6.72,-9.09,5.09,2.62,-3.05,-4.78,5.81,-1.91,-5.43,-4.02,-2.22,14.17,4.03,-4.98,4.59,-2.25,1.33,10.63,9.59,-16.34,-2.37,3.44,-1.04,-12.23,6.53,-9.91,6.04,0.0,0.0,0.0,0.0,0.0,0.0,0.0,0.0,0.0,0.0,0.0,0.0,-2.64,3.04,10.73,4.65,0.58,-3.31,-2.14,4.81,15.87,18.18,-7.67,0.02,4.74,-1.85,-17.07,8.75,-4.45,6.4,0.32,-4.61,-6.57,0.86,5.69,-3.42,-4.42,1.86,15.12,9.33,-7.59,-1.7,-0.59,3.61,4.58,11.64,-3.24,1.34,1.33,-1.29,-6.77,8.37,-1.99,2.69,-1.48,-1.81,0.94,8.51,-0.47,-1.68,-1.58,1.58,4.1,9.19,-2.24,-1.76,0.22,1.92,-1.14,10.77,-2.53,1.08,0.49,-0.13,-2.34,9.93,-1.93,0.63,-0.84,0.56,1.04,10.12,-1.53,-0.13,-0.57,1.15,1.72,11.11,-2.14,0.62,-0.47,1.5,1.05,10.67,-3.4,1.8,-1.07,0.94,2.62,9.1,-2.59,1.03
-1.09,0.59,5.03,7.85,-6.59,1.65,-0.96,0.75,3.96,9.31,-7.75,1.08,0.85,0.85,1.49,6.67,-6.47,1.2,1.15,0.07,1.3,5.65,-5.0,1.97,1.64,-0.65,-1.82,8.1,-6.93,2.22,1.77,-0.39,-2.21,7.21,-5.54,2.86,0.79,-0.02,-1.0,7.54,-5.37,1.84,1.76,0.04,-2.31,8.54,-4.99,2.71,2.39,-0.39,-3.21,9.54,-4.62,4.03,1.73,-0.35,-3.28,9.13,-1.98,4.13,2.3,1.01,-3.27,10.0,-1.97,3.49,3.48,0.7,-3.06,7.68,-1.07,4.26,4.48,-0.93,-3.98,6.68,-0.13,4.45,5.82,-3.45,-3.95,7.5,3.69,0.88,3.96,-2.5,-2.35,9.28,7.99,-3.31,0.27,-1.6,-1.65,8.24,5.75,-1.97,0.47,-0.89,-0.78,8.35,7.81,-2.64,0.68,0.34,0.29,8.78,6.12,-4.04,-1.92,1.13,0.93,8.78,8.26,-0.88,-3.99,-0.22,1.71,6.83,5.72,1.61,-6.2,-1.06,7.41,7.53,5.35,2.03,-7.51,-0.96,9.76,7.1,-3.43,-2.16,0.86,1.66,-1.32,11.37,-12.46,-0.35,5.6,0.53,-9.55,6.33,1.5,-0.25,-2.58,-2.65,2.7,7.31,11.4,1.04,-6.84,-1.66,15.9,-1.36,-5.5,-1.96,2.73,2.45,-6.03,16.62,-14.38,-0.02,7.09,-1.47,-16.47,0.67,-7.26,6.77,-0.41,-5.37,0.06,5.23,14.52,-5.8,-4.39,0.11,14.59,8.11,-13.07,-7.46
4.08,3.67,-9.3,14.58,-12.63,1.12,6.95,-2.98,-14.78,8.79,1.64,5.25,-2.52,-2.89,5.15,5.1,15.68,-7.66,-5.39,-1.05,16.12,4.1,-5.71,-4.03,3.37,3.71,-8.58,12.08,-7.65,0.01,5.84,1.03,-13.2,7.69,3.2,5.43,-0.44,-1.71,-1.47,5.42,10.71,-4.94,-3.47,-1.76,9.67,7.38,-2.71,-2.59,-1.26,0.54,3.4,11.02,-2.66,-3.85,1.19,1.18,-2.07,8.25,-2.08,-0.22,1.0,0.21,-2.61,8.71,1.79,-1.33,-0.63,-0.02,0.56,9.44,0.41,-2.17,-1.2,0.4,0.97,9.91,-0.17,-1.53,-1.02,0.97,0.16,9.32,0.67,-1.31,-1.15,1.01,2.48,8.99,-0.67,-0.11,-2.79,0.52,8.15,7.92,-1.84,0.73,-3.11,1.46,10.46,11.86,-8.1,-3.63,0.68,3.64,-1.9,11.72,-9.34,5.37,9.66,-0.76,-18.23,5.71,-3.42,4.19,-0.9,-3.62,-2.8,7.22,20.69,-5.2,-6.19,-1.26,19.34,5.3,-10.31,-2.64,1.57,1.98,-0.92,15.88,-11.72,0.7,10.26,-1.83,-19.04,7.18,-5.19,7.61,2.02,-3.0,-6.46,1.01,20.64,-9.37,-6.85,-3.06,16.87,1.82,-3.7,-2.08,-1.56,0.13,5.22,18.09,-9.57,-6.76,6.19,4.45,-15.06,7.03,-3.87,6.33,4.63,-0.28,-9.25,3.96,12.98,-6.94,-4.55,-3.58,10.41,3.76,3.0,-2.57,-3.04,-2.56,10.76,11.81,-3.48,-5.72
1.7,2.06,-3.61,11.73,-5.27,-1.56,3.15,2.63,-9.23,8.66,2.3,2.12,-0.15,0.25,-2.81,4.12,6.56,-2.77,-2.51,-2.1,6.57,8.38,0.17,-1.33,-1.03,-1.3,4.8,11.9,-1.43,-1.85,-0.07,0.86,0.44,10.92,-1.64,-1.37,0.56,1.61,-2.74,9.36,-0.59,-0.45,0.64,0.98,-2.76,9.31,1.62,-0.61,0.45,0.49,-1.82,9.17,3.11,-0.47,-0.01,0.32,0.67,8.54,3.31,-1.0,-1.87,-0.13,4.77,7.19,1.64,-0.73,-4.76,-0.73,15.94,7.36,-5.95,0.67,-3.37,1.33,7.42,16.09,-17.53,-4.16,5.65,3.55,-16.22,7.2,-11.02,12.68,8.94,-2.81,-16.78,1.28,15.0,-10.08,-4.87,-2.66,14.07,2.16,7.8,-2.94,-4.19,-1.81,13.02,15.3,-11.21,-6.87,5.13,2.92,-12.87,8.66,-9.65,3.66,6.72,-0.84,-15.91,3.67,4.99,-6.13,-3.88,-2.56,8.93,1.77,9.0,-2.21,-2.52,-2.77,10.79,13.21,-5.46,-3.96,3.96,1.67,-10.82,12.52,-7.03,-0.96,7.43,1.23,-16.18,7.59,3.3,-5.65,-4.51,-0.71,7.75,1.48,9.53,-3.39,-5.35,-3.31,14.46,5.03,-5.81,-0.25,0.49,0.79,-0.89,15.82,-2.83,-3.61,2.53,3.16,-8.73,8.09,0.28,0.75,-0.37,0.86,-1.88,5.53,5.07,-2.86,-2.1,-1.32,3.45,7.11,1.39,-1.23,-1.27,-1.33,3.53,11.15,-0.16,-1.38
-2.48,0.93,2.55,9.4,-0.34,0.08,-5.25,-0.09,13.13,6.69,-1.49,2.7,-3.56,-0.18,10.62,10.45,-7.18,-5.27,9.56,2.57,-20.01,11.72,-11.7,8.69,13.31,-1.15,-21.23,0.78,-2.9,0.5,-7.18,-0.87,13.33,3.91,7.21,2.23,-5.73,-3.97,15.74,7.43,-12.17,-3.96,5.94,2.03,-13.87,10.74,-13.29,-0.79,9.81,2.13,-17.41,10.92,-2.97,2.32,-3.21,-0.88,4.73,-1.16,17.12,-2.53,-6.82,-7.52,18.99,0.37,-4.56,-1.27,-0.51,-0.41,-1.05,22.69,-5.62,-9.32,7.09,6.99,-22.05,8.44,-5.64,3.09,4.94,1.12,-7.96,6.12,9.33,-6.86,-5.97,-7.38,20.07,0.81,-4.04,-0.02,-3.42,-5.44,10.7,8.75,0.38,-12.8,2.54,7.64,-18.75,18.62,-2.87,-2.58,8.33,7.88,-15.17,2.92,12.2,4.91,-5.63,-3.48,12.89,2.42,10.89,-1.63,-5.07,-8.88,14.63,3.04,1.37,-2.19,0.08,1.33,-1.04,16.76,-3.13,-8.85,2.29,6.54,-7.58,9.26,1.81,2.11,0.59,3.5,-0.79,4.13,6.32,-2.05,-2.31,-2.46,6.87,5.83,0.4,-0.99,-2.29,-1.92,4.28,14.26,-2.55,-3.16,-0.3,2.76,0.29,8.82,-1.04,-0.19,-0.82,1.91,1.9,8.07,-1.19,0.66,-1.12,0.54,2.52,10.14,-3.12,1.51,-0.79,0.53,0.99,11.06,-4.12,1.77,-0.71,0.7,-0.0,9.16,-3.0,1.43
-2.91,0.56,4.65,9.04,-1.82,2.47,-5.21,-0.63,11.71,8.04,-9.31,0.81,-1.37,-0.59,3.45,8.49,-9.37,-2.17,9.26,-1.67,-22.11,10.39,-6.94,5.21,11.76,-1.13,-22.53,6.71,3.06,-9.91,-7.22,1.12,17.34,1.6,4.22,3.17,-6.59,-5.55,17.25,8.1,-11.31,-5.09,3.64,2.55,-9.74,8.69,-7.22,3.99,10.49,2.32,-18.48,10.55,-1.84,-0.56,-3.16,-0.44,5.78,0.87,12.75,-0.87,-7.18,-5.95,21.22,4.42,-4.75,-2.83,-0.44,1.1,2.05,13.7,-4.65,-8.49,8.29,1.9,-23.93,9.84,-2.34,4.81,1.4,2.11,-6.49,-2.73,19.61,-4.61,-6.29,-4.48,22.42,1.66,-7.47,3.55,-3.67,-0.51,9.37,13.83,-2.22,-16.66,5.6,5.0,-23.1,14.25,-5.89,3.66,4.38,5.8,-12.77,2.58,13.26,-6.15,-6.61,-3.78,18.95,2.87,-1.57,6.07,-6.71,-4.23,10.28,18.15,-1.61,-18.03,3.9,6.1,-12.36,9.46,-4.82,2.03,1.75,4.38,-6.43,6.3,11.39,0.66,-3.74,-3.56,10.89,5.77,0.68,2.77,-2.61,-1.65,4.52,14.03,-3.76,-6.39,1.19,2.69,-2.6,9.18,-2.08,0.99,0.22,0.44,-0.74,9.09,-1.31,1.53,-0.93,-0.19,1.56,8.76,-1.2,-0.98,-0.05,0.87,-0.15,10.04,-1.32,0.03,0.3,0.63,-1.17,9.82,-0.41,2.01,-0.5,-0.29,0.94,9.22,-0.52,0.62
-1.02,-0.32,1.82,8.76,-2.34,-0.6,-1.06,0.18,0.49,10.68,-2.54,-0.01,-1.43,1.02,0.35,9.77,-2.64,0.77,-3.15,0.61,3.22,8.99,-2.58,0.28,-3.33,-0.38,7.13,9.45,-3.17,1.64,-2.3,0.09,6.8,9.64,-8.47,1.15,-0.68,0.72,3.68,9.13,-6.77,1.17,2.34,0.32,-3.94,9.42,-8.43,0.52,9.71,-1.35,-15.56,9.1,-6.99,3.62,11.75,-3.71,-17.11,7.88,-4.99,-3.48,-3.7,0.43,4.55,6.09,14.34,-1.01,-7.33,-3.62,20.61,0.52,-10.83,-1.71,0.1,1.08,-2.72,17.09,-8.38,-5.43,9.92,2.36,-22.52,6.82,-6.46,8.16,-0.12,0.89,-3.26,1.74,18.08,-7.23,-5.63,-5.06,20.07,0.03,-8.77,4.0,-2.46,-2.21,2.68,19.72,-3.96,-14.09,6.83,5.71,-21.62,7.82,-2.55,4.38,0.62,2.48,-5.06,5.93,7.96,-3.27,-5.46,-6.71,19.11,4.3,-6.09,3.74,-3.99,-2.27,7.25,17.19,-3.5,-15.19,4.53,5.43,-15.97,10.68,-0.45,5.4,3.52,2.54,-9.67,10.03,3.55,-1.47,-3.61,-3.34,11.37,6.65,4.34,-0.36,-2.9,-3.99,9.64,11.06,-4.26,-2.92,0.23,1.84,-1.17,10.76,-0.99,-2.92,1.16,1.33,-5.69,9.2,-1.15,1.0,-0.21,-0.57,-1.03,7.87,1.8,-2.45,-0.75,-0.54,1.16,9.12,0.71,-2.36,-0.16,0.62,0.28,10.16,0.02,-1.4
-0.14,0.9,-2.2,9.95,0.12,-0.14,-1.77,-0.17,4.49,8.65,1.48,0.41,-4.76,-1.74,15.08,10.12,-1.65,1.29,-4.68,-0.7,17.22,6.23,-5.56,-2.73,2.95,2.29,-5.53,10.41,-10.32,-4.82,7.8,1.0,-19.73,8.86,-9.55,7.4,1.29,-1.38,-7.62,3.9,5.74,-4.88,-6.2,-0.89,19.06,6.2,0.79,2.44,-0.37,1.4,3.67,17.16,-10.92,-7.04,6.53,0.92,-15.27,8.6,-7.73,5.86,8.3,-1.46,-16.19,11.0,3.26,2.97,-1.18,-1.61,2.38,3.78,5.86,-4.83,-6.86,-1.96,16.73,7.19,-5.02,-0.74,-1.46,0.41,3.11,8.82,-9.84,-5.52,5.67,2.4,-13.64,5.5,-1.91,1.6,-0.69,1.86,-4.87,5.19,6.4,-0.87,-5.4,0.55,8.2,7.15,-2.4,-1.63,-1.89,-0.71,6.44,8.75,-4.34,1.03,2.71,1.03,-5.15,8.19,-4.31,2.83,2.73,0.49,-5.46,9.48,-1.14,-0.97,0.91,-0.63,-1.47,10.04,1.02,-0.31,0.91,-0.38,-2.41,9.86,0.58,-0.61,0.82,-0.67,-4.6,8.11,0.05,-0.52,1.46,-0.03,-3.17,7.96,5.08,-0.93,0.51,0.17,-0.1,8.69,4.86,0.73,0.39,-0.2,-0.42,9.61,4.68,0.02,-0.24,0.16,-0.16,8.87,5.2,-0.12,-0.64,-0.25,1.37,9.0,3.57,-0.17,-0.42,-0.61,1.13,9.0,2.59,-0.41,-0.36,-0.8,1.18,9.1,2.94,-1.25
-0.02,2.73,-0.46,9.12,2.76,0.46,0.18,2.98,-1.53,9.7,1.91,1.92,0.01,1.57,-1.16,8.29,3.17,2.46,0.01,-0.46,0.93,9.61,2.79,1.8,-0.2,-0.35,0.95,9.91,2.78,1.67,-0.07,0.32,0.27,9.94,2.96,2.02,0.0,0.11,-0.09,9.38,2.72,2.0,-0.51,-0.11,0.44,9.29,2.25,1.73,-1.03,-0.45,0.91,8.84,1.84,2.02,-0.52,-0.81,0.4,9.8,1.73,1.78,0.2,-0.3,-0.45,9.45,1.73,1.47,-0.09,0.0,-0.92,9.72,1.7,1.22,-4.17,-0.82,4.35,7.42,0.22,2.42,-8.42,-3.87,15.55,12.01,-2.8,3.9,-6.95,-4.12,16.2,9.67,-4.37,-5.73,3.09,2.69,-8.54,7.65,-10.09,-2.06,6.47,3.73,-16.14,12.9,-4.32,3.74,0.76,1.12,-1.11,5.86,5.1,1.45,-4.15,-3.5,12.94,9.02,-5.73,2.12,0.92,-0.25,-1.69,14.11,-1.01,-2.69,7.36,3.31,-13.01,12.21,-6.7,4.4,7.62,0.06,-9.21,6.91,-3.72,-1.29,-6.7,-2.79,13.19,7.22,0.28,-0.23,-2.5,0.95,3.3,16.24,-1.39,-3.55,6.3,3.54,-15.0,11.62,-0.2,5.4,7.79,2.09,-11.18,12.49,-1.59,2.03,-4.07,-3.69,9.4,5.2,4.31,-2.0,-6.31,-5.24,14.18,8.34,0.58,-3.44,4.64,4.38,-10.88,11.26,-2.9,3.46,7.74,4.66,-15.24,12.63,0.18,5.97
-3.86,-5.43,10.72,8.77,-2.27,-0.14,-2.73,-1.21,4.83,9.49,0.26,-4.51,1.27,2.03,-2.69,9.99,-0.65,1.19,0.7,0.15,-2.34,10.45,2.74,0.88,-0.52,-0.83,0.56,8.97,2.01,-1.0,-0.24,-0.18,0.26,9.66,1.12,-1.22,0.47,0.2,-0.55,9.79,1.39,-0.91,0.06,0.19,0.12,10.15,0.52,-0.55,-0.39,-0.47,0.99,9.74,0.5,-0.78,-0.15,-0.12,0.13,9.76,0.59,-1.29,0.09,0.57,-0.71,9.51,1.06,-0.24,-1.12,0.37,0.15,9.5,1.34,-0.76,-5.14,-0.0,5.95,7.4,0.3,1.05,-7.34,-2.26,17.85,7.82,-6.95,-0.12,-4.17,-1.0,7.81,10.86,-9.46,-5.38,7.87,2.82,-19.53,10.43,-11.45,6.83,11.48,0.98,-18.71,7.38,-3.59,-8.52,-6.91,0.83,12.24,8.75,7.52,-1.76,-4.92,-4.39,15.37,7.53,-5.67,2.98,0.69,0.86,-3.69,12.22,-8.22,1.51,7.26,3.69,-15.36,11.11,-2.71,4.0,-2.51,-0.06,1.97,4.67,6.34,-1.17,-4.48,-5.59,13.87,7.32,-4.75,0.4,0.81,1.99,-1.69,12.31,-1.57,-4.06,5.24,1.92,-12.33,11.05,-2.61,2.75,0.4,-0.16,-1.93,6.78,4.35,-2.01,-2.55,-2.62,7.3,8.28,-0.99,-1.0,-0.89,-0.99,2.29,11.63,-0.75,-1.94,1.46,1.32,-2.48,9.55,-0.75,-0.57,-0.18,-0.11,0.15,9.3,-0.05,-1.44
-2.56,-0.27,4.23,9.96,1.23,2.03,-4.2,-1.77,15.18,7.64,-2.98,0.41,-3.66,-0.16,10.98,10.94,-7.85,-4.46,4.46,0.83,-9.39,7.39,-7.03,1.35,8.37,-2.44,-17.37,8.46,-9.62,2.79,2.81,-2.25,-10.92,6.16,9.07,-6.15,-6.96,-0.59,19.66,4.98,-6.1,0.99,-3.34,-0.19,8.33,19.63,-6.31,-5.4,6.51,2.13,-15.84,6.7,-8.18,3.65,5.78,-0.54,-11.44,5.39,1.6,-3.99,-5.95,-2.14,13.92,5.58,-5.19,-1.86,-4.07,-2.29,11.68,13.75,-2.75,-6.48,2.98,2.73,-8.29,13.08,-7.78,2.94,6.27,2.65,-13.23,8.65,3.67,1.35,-2.81,-1.4,4.05,5.19,-1.12,-2.43,-3.92,-4.36,11.36,8.29,-3.2,-1.38,-0.77,-0.98,1.35,14.65,-2.81,-3.97,3.03,3.01,-9.63,9.55,-2.98,0.5,1.72,1.26,-4.32,6.52,-0.28,-2.09,-1.31,-1.66,3.65,9.07,0.47,-2.43,-0.42,-0.79,1.66,11.26,-0.74,-1.4,0.5,0.78,-1.13,9.85,-1.5,-1.4,-0.06,0.28,0.24,9.35,-0.94,-1.72,-0.13,-0.34,0.81,9.94,-0.89,-1.41,0.07,-0.17,-0.03,10.68,-0.53,-1.04,0.36,0.4,-0.82,10.06,-0.34,-0.96,0.36,0.32,-0.42,9.8,-0.11,-1.26,-0.02,0.2,-0.34,9.67,-0.32,-1.8,-2.03,0.37,3.22,8.66,-0.72,-0.89,-4.92,-0.15,11.97,8.28,-5.12,-0.53
-2.9,-0.62,10.73,9.19,-5.35,-3.06,1.32,1.24,-3.77,11.96,-7.39,-4.11,7.11,1.06,-18.25,11.76,-7.42,3.45,7.01,0.14,-11.95,6.0,1.32,-6.49,-6.78,1.29,10.83,6.87,-6.31,1.87,-4.92,-2.85,13.93,11.46,-0.09,-2.56,4.41,2.41,-14.11,11.13,-8.46,4.29,7.93,2.29,-16.51,9.59,-3.0,2.87,-2.44,1.26,2.87,4.0,0.45,-1.36,-4.82,-4.53,17.17,4.45,-3.68,-1.24,0.16,-2.31,3.68,21.06,-4.34,-4.66,3.86,2.45,-16.8,9.5,-6.11,1.53,2.05,1.09,-6.4,7.05,1.48,-5.59,-6.25,-2.23,13.02,6.98,-8.84,0.54,-1.79,-3.21,6.23,14.9,-2.51,-4.27,1.43,0.53,-6.76,9.65,-6.38,-0.2,1.23,1.04,-3.7,7.17,-1.62,-0.61,-0.83,-0.21,2.4,8.41,-1.77,-1.78,-0.12,-0.63,1.24,10.98,-2.36,-1.4,0.93,0.0,-2.31,10.06,-2.56,-1.49,0.96,0.04,-1.1,9.49,-1.91,-1.34,0.96,0.15,-0.47,10.28,-2.09,-1.38,1.21,0.58,-0.92,10.81,-2.0,0.24,1.23,1.28,-0.02,10.79,-1.54,1.4,1.45,1.95,-0.1,9.78,-2.25,0.31,5.14,1.56,-1.65,6.91,-3.93,0.96,1.76,-3.66,-1.3,9.79,-0.44,-1.39,-2.16,-1.46,-1.01,8.75,3.3,-8.13,0.11,0.2,0.22,1.31,12.88,-8.93,-1.21,2.83,2.92,4.24,11.0,-7.22
-2.09,4.36,5.05,9.72,-15.14,9.91,0.41,0.67,-0.38,15.0,-35.69,15.73,0.75,-2.87,-6.19,9.32,-20.88,9.18,-0.41,-3.26,-4.78,-6.48,39.28,-21.99,-1.16,4.92,7.06,-7.83,30.82,-11.91,0.97,5.67,7.98,8.9,-21.11,20.07,-0.57,1.98,4.19,17.44,-39.13,20.54,-4.79,-2.63,-1.43,7.53,-28.02,11.7,1.97,-5.23,-7.56,-7.0,39.29,-27.7,-0.18,2.27,5.69,-2.67,15.6,-2.7,-0.32,2.37,6.81,15.4,-39.15,17.65,0.93,-1.78,-3.06,10.28,-36.18,7.42,-0.29,-3.34,-8.09,1.53,16.76,-7.05,-1.7,0.91,1.24,3.98,19.59,-2.49,0.14,0.75,3.17,12.0,-10.98,4.21,0.51,-0.32,0.27,11.49,-13.19,4.12,0.75,-1.2,-1.3,9.04,-5.71,-1.41,-0.23,-0.46,-0.33,7.75,-1.83,-3.08,-0.53,0.01,0.01,8.32,-1.86,-1.61,-0.05,0.56,-0.35,8.91,-0.88,0.01,0.1,0.74,-0.31,8.69,-0.18,0.59,-0.15,0.79,-0.08,9.8,-1.75,0.97,-0.36,0.99,-0.08,10.3,-3.1,1.56,-0.45,0.6,-0.3,10.27,-2.19,2.08,0.08,-0.29,-0.14,9.89,-2.86,2.0,0.09,-0.43,-0.69,11.59,-4.66,0.96,1.04,-0.48,-0.83,10.59,-4.27,0.49,1.29,-0.26,-2.1,9.66,-4.74,0.2,2.53,-0.38,-3.82,7.28,-0.03,-2.18,-0.63,-0.13,-1.97,6.35,10.24,-4.16
-4.46,0.67,3.52,6.79,6.43,0.03,-4.19,0.68,11.5,11.39,-8.08,5.02,-3.85,2.45,5.17,9.64,-24.07,4.72,9.1,-1.61,-12.68,6.24,-5.19,4.43,4.29,-5.45,-8.95,6.88,12.71,-4.86,-5.64,-2.45,9.25,9.14,5.47,-5.33,-2.97,2.8,7.96,6.85,-8.36,-2.33,4.22,2.66,-4.3,8.75,-13.21,5.25,5.29,-3.03,-8.36,10.29,-4.94,2.42,-3.64,-2.5,2.15,6.92,10.17,-5.68,-5.76,-0.44,10.11,8.34,2.47,-2.72,-0.39,2.61,2.42,9.46,-6.75,0.84,2.82,0.24,-2.63,9.52,-8.58,4.88,2.16,-1.57,-3.86,9.89,-6.41,0.01,-0.14,-1.32,-1.91,9.24,-1.84,-1.43,-0.85,0.04,0.21,8.75,-0.35,-1.29,-0.33,0.32,0.0,8.9,-0.06,-0.35,-0.03,0.22,0.08,9.53,-0.92,-0.04,0.42,0.17,-0.58,10.21,-1.34,0.29,0.92,-0.13,-1.31,10.29,-0.91,0.14,0.96,-0.33,-1.26,9.71,-0.75,-0.39,0.72,-0.35,-0.97,9.9,-0.53,-1.0,0.05,-0.04,0.12,10.16,-0.96,-0.91,-0.23,0.37,0.4,10.24,-1.04,-0.26,-0.1,0.38,0.07,10.11,-0.98,0.05,0.29,0.1,-0.34,10.21,-0.44,0.11,0.64,-0.12,-0.73,10.04,0.0,0.12,0.73,-0.12,-0.84,10.02,0.28,-0.04,-0.17,-0.02,-0.17,9.69,0.68,-0.93,-3.45,-0.18,3.93,8.31,0.23,-1.36
-6.08,0.3,13.79,6.65,-4.77,-1.16,-3.55,0.91,6.8,13.02,-12.22,-3.85,6.26,1.28,-10.88,9.06,-8.91,2.79,6.56,-3.82,-14.52,5.49,-2.6,-2.05,-3.69,-1.34,9.73,6.41,4.46,-3.08,-6.75,-0.13,17.38,1.51,-3.36,-1.98,3.25,1.36,-5.7,17.69,-6.43,-1.21,9.39,-0.66,-18.47,4.64,-7.16,5.2,0.0,0.0,0.0,0.0,0.0,0.0,-2.81,0.1,4.6,-0.57,6.72,-5.33,-5.19,-0.88,14.21,10.31,-5.14,0.28,1.99,3.05,-2.98,17.29,-3.38,-2.31,7.46,-0.49,-12.55,7.41,-3.13,4.58,0.43,-2.7,-1.25,7.59,2.85,-4.18,-4.9,-1.41,11.37,10.65,-6.21,-2.25,-0.96,1.08,2.98,10.82,2.26,-4.87,5.64,1.68,-10.65,9.17,-3.25,1.04,4.67,-1.47,-7.24,9.08,-1.94,0.02,-0.76,-1.07,0.5,8.55,3.36,-2.73,-2.15,-0.36,4.75,8.4,1.15,-1.92,-0.66,-0.18,1.59,9.93,3.33,-1.54,1.15,0.18,-2.78,9.62,2.1,-1.33,0.46,-0.2,-1.42,8.91,2.71,-2.21,0.07,-0.33,-0.31,9.56,2.02,-2.4,0.67,-0.19,-1.52,9.93,2.8,-2.36,1.16,0.3,-2.93,9.02,3.33,-1.86,-1.51,0.89,0.78,7.8,4.57,-3.85,-7.65,-0.01,15.68,5.09,1.75,0.77,-9.69,-2.07,22.56,6.53,-6.48,2.01,0.34,1.51,-0.54,7.95,-11.53,0.42
-1.41,2.55,0.66,3.54,8.94,-6.1,-7.48,-2.55,21.71,5.82,-3.39,-0.81,-1.79,-3.16,3.95,22.64,-4.48,-5.02,4.4,3.58,-15.63,8.28,-8.59,0.79,0.7,1.35,-3.94,1.72,0.28,-3.35,-4.47,-1.4,12.03,9.95,-0.73,-3.68,1.31,1.72,-3.17,13.28,-4.51,-0.99,2.37,2.48,-6.38,4.51,-1.01,-2.49,-1.3,-0.3,4.6,7.53,-1.3,-1.22,-0.66,0.66,1.64,11.38,-2.53,0.37,0.94,1.82,-3.23,10.91,-1.63,1.94,-0.88,0.81,1.33,11.03,-1.45,1.54,-0.63,-0.62,1.71,11.65,-1.64,0.87,0.61,0.03,-1.36,10.31,-2.48,0.03,0.57,0.45,-1.6,10.15,-1.92,0.44,0.22,0.26,-0.4,9.56,-1.69,0.47,0.22,0.13,0.23,10.15,-1.36,0.29,0.46,0.28,-0.26,10.36,-0.85,0.45,0.65,-0.01,-0.18,11.05,-1.93,0.82,-0.05,-0.31,1.2,10.17,-0.98,1.33,-0.5,-0.13,1.7,10.5,-2.58,0.98,-0.17,0.13,0.16,9.26,-3.01,0.23,1.06,0.4,-3.02,9.0,-3.42,0.95,1.62,1.19,-3.36,8.89,-2.88,-0.09,1.54,1.85,-3.93,7.86,-3.36,3.52,6.85,1.83,-6.57,9.11,3.7,-1.43,7.73,-1.12,-6.55,7.64,6.27,-2.83,2.22,-1.76,-2.62,6.46,10.46,-1.32,-0.17,-1.5,-1.61,8.71,11.72,-3.77,-2.88,-0.64,-1.02,6.38,12.64,-4.23
-2.19,1.77,2.35,3.73,9.65,2.32,-2.0,1.05,4.24,7.75,6.98,2.17,-2.63,-0.03,4.13,7.81,5.44,0.79,-2.13,0.8,5.36,7.42,2.99,1.21,-1.32,-0.17,3.85,6.3,-4.82,2.66,-0.77,-1.22,0.81,11.14,-3.27,1.62,0.01,-0.6,0.29,8.52,-2.96,0.85,-0.93,-1.0,-0.41,6.96,-3.13,-0.24,0.31,-0.03,-3.21,10.03,-0.64,-1.51,2.12,0.7,-3.44,7.92,4.67,1.15,3.54,-0.17,-1.74,9.98,6.63,1.1,2.73,-0.42,1.04,10.09,8.13,-0.44,-0.85,-0.35,2.51,7.74,6.95,-2.23,-3.91,0.51,4.79,7.09,3.53,-1.44,-5.09,0.93,7.81,5.46,-2.33,-0.29,-5.73,0.33,8.93,3.51,-8.83,-0.2,-2.73,-1.0,0.41,10.16,-24.12,-0.04,9.29,-0.66,-17.69,3.65,-7.66,1.88,1.72,-2.23,-7.08,2.11,29.35,-8.67,-7.22,0.3,16.49,1.62,-7.5,-4.65,-4.37,-0.65,8.35,11.22,-25.59,-5.84,5.19,3.57,-9.52,8.15,-20.37,-0.45,0.0,0.0,0.0,3.29,5.16,1.6,-4.9,-2.62,6.39,8.48,20.4,-2.26,-5.77,-3.49,12.35,3.22,-5.64,-1.29,0.61,-1.15,-0.91,16.21,-22.36,-8.44,5.64,4.72,-12.68,7.45,-12.68,-3.44,5.14,5.18,-12.76,0.67,7.56,1.29,-4.92,-2.1,4.09,5.15,17.51,2.81,-3.36,-4.52,8.04,7.7,-2.43,0.42
0.8,0.74,-1.89,18.24,-9.12,-7.96,4.1,6.46,-6.74,5.46,-0.37,-2.44,2.75,0.81,-2.48,6.8,6.58,4.02,-0.02,-1.32,0.46,8.78,4.31,2.05,-0.35,-0.35,0.34,9.97,2.5,0.92,-0.74,0.48,0.21,9.53,2.99,0.51,-0.8,0.79,0.23,8.91,1.8,1.33,-0.27,0.82,-0.08,9.46,1.04,1.71,0.23,0.89,-0.38,9.23,1.23,1.89,0.54,0.83,-0.44,8.83,2.42,2.42,0.15,0.08,0.06,8.72,3.76,2.84,-1.8,-0.72,1.01,8.45,7.92,1.76,-9.38,-2.36,6.92,3.64,7.57,0.3,-11.25,-4.93,12.25,1.83,-3.98,-1.7,-8.24,-5.14,6.51,8.36,-25.08,-10.25,2.39,1.05,-8.77,8.42,-23.55,-9.42,11.16,6.38,-16.17,1.71,2.4,-2.95,2.2,2.28,-5.12,0.25,32.51,-1.69,-5.92,-3.26,10.62,2.22,-0.49,-0.35,-1.48,-3.95,4.32,16.34,-23.25,-5.39,8.54,5.29,-11.74,3.92,-4.3,-1.84,8.44,3.31,-9.59,1.57,16.2,-1.6,-2.77,-1.42,2.42,2.3,16.63,-4.06,-5.35,-2.7,10.49,4.26,-6.97,-2.8,-5.6,-2.45,6.81,16.99,-20.06,-2.51,7.9,6.61,-10.41,5.59,-14.1,-2.77,15.18,5.27,-12.78,-6.71,6.96,0.4,9.5,-4.33,-6.63,4.36,3.72,-1.09,4.75,-3.63,-4.92,3.11,6.96,-8.66,1.96,-1.52,-3.38,1.39,9.87,-9.52
-2.14,0.93,1.58,4.06,8.96,-6.05,-2.17,1.0,1.83,4.51,6.75,-3.95,-1.59,0.84,1.52,5.94,6.83,-3.59,-1.7,1.06,1.9,5.31,5.37,-0.92,-2.05,0.61,2.55,8.19,5.19,-1.98,-1.42,0.78,1.92,7.31,5.31,-1.07,-0.91,0.89,1.65,7.58,4.42,-1.36,-1.55,1.7,1.45,8.51,4.56,-0.11,-1.89,1.59,1.53,8.2,2.56,3.05,-1.28,0.24,1.12,8.58,2.62,2.39,-1.41,-0.19,0.94,8.02,3.11,1.87,-3.55,-1.08,2.03,8.73,5.34,2.05,-8.28,-3.08,3.78,6.44,7.7,1.59,-8.28,-5.43,7.06,3.97,1.39,-0.64,-3.2,-3.91,7.96,6.56,-11.57,-9.01,0.07,-0.35,-1.38,14.02,-35.22,-14.64,11.81,5.48,-17.23,-3.42,-10.63,-1.26,3.35,-1.94,-11.27,-4.36,39.29,-4.37,-6.06,-1.71,11.59,-6.44,8.79,-3.12,-1.45,-1.2,12.43,1.72,-21.52,-3.71,1.81,2.42,-0.94,19.66,-39.13,-1.6,6.5,-1.02,-12.96,2.3,-13.76,6.4,1.97,-6.09,-6.01,-14.18,39.29,-10.75,-0.35,-0.49,8.24,-15.2,19.88,-11.44,-1.34,7.2,13.33,-6.73,-14.3,9.63,-0.79,2.63,5.81,16.17,-39.12,18.22,2.8,-3.59,-10.74,11.18,-35.0,9.53,0.59,-5.74,-6.23,-11.12,39.29,-17.02,-0.64,0.2,5.83,-5.35,17.32,-14.05,-0.76,3.43,8.54,3.48,-6.1,0.4
1.56,-1.61,-4.12,14.37,-18.19,5.47,1.32,-2.82,-5.85,5.53,4.62,-3.31,1.5,-1.72,-3.55,4.5,8.0,-7.69,0.14,0.91,-1.38,5.03,5.75,-6.85,-1.05,3.05,-0.43,6.39,2.76,-1.4,-0.62,2.28,0.09,6.8,3.27,0.87,-0.5,0.6,0.96,8.79,2.16,1.06,-1.34,0.45,1.87,9.49,0.91,0.7,-1.27,0.95,2.21,11.27,-1.36,-0.03,-1.7,1.7,2.31,9.02,-2.85,2.68,-3.14,1.17,0.94,11.4,-4.74,3.0,-1.46,0.3,-1.11,8.35,-5.84,4.36,0.92,-2.07,-3.74,4.51,6.58,4.24,1.29,-3.41,-0.48,-0.83,25.06,-6.73,0.61,2.73,8.31,-0.29,11.97,-9.56,-2.71,5.87,10.64,-1.32,-16.12,8.25,-0.13,0.83,3.64,10.64,-39.15,11.61,3.21,-3.45,-8.9,12.43,-36.37,-0.07,3.92,-2.61,-12.71,-13.92,27.94,-3.1,1.42,-2.04,0.4,-14.91,39.26,-22.69,-1.5,6.13,10.84,-8.04,-6.49,8.98,-1.03,3.4,6.95,13.41,-39.15,28.85,1.14,-3.23,-3.04,19.29,-39.15,16.2,2.26,-4.06,-10.88,-5.15,0.18,2.07,1.29,-4.52,-6.03,-7.76,25.31,-6.82,0.61,-1.54,-0.64,6.36,3.78,-3.2,0.06,-0.04,-0.94,11.32,-0.88,0.28,-0.11,-0.31,-1.7,10.64,1.52,1.26,-0.05,-1.43,-0.65,7.04,5.92,-2.72,0.19,-1.22,0.01,7.02,5.32,-5.07
-0.97,1.32,0.83,8.71,2.41,-1.71,-0.02,1.54,0.16,7.94,4.23,-1.45,0.04,0.84,0.71,10.52,4.13,-0.43,-1.08,1.44,1.09,11.62,1.42,1.86,-2.08,1.35,1.77,10.72,-2.23,3.42,-1.44,0.15,0.06,11.02,-4.59,1.71,2.1,-0.04,-3.96,8.95,-0.24,-0.2,4.15,-0.54,-5.14,5.41,6.64,-3.08,-0.42,0.4,0.02,-1.14,23.13,-8.43,-3.08,3.2,6.59,0.03,9.32,-0.97,-2.21,2.88,8.81,6.49,-14.17,14.45,-3.29,-0.83,6.09,14.44,-39.15,12.62,1.68,-4.3,-6.13,9.36,-24.56,-1.08,2.47,-3.5,-9.99,-5.81,17.05,-7.76,1.57,-2.1,-3.73,-12.37,39.29,-22.58,-1.13,6.08,10.55,-8.5,5.08,10.78,-1.03,3.37,10.41,15.02,-39.15,17.81,0.21,-2.08,-1.47,17.68,-39.15,8.03,1.27,-3.12,-10.05,-8.61,10.07,1.97,2.06,-3.82,-4.41,-10.45,39.26,-25.18,-1.39,4.64,7.11,-5.43,12.93,-0.83,-1.78,3.37,7.22,13.18,-31.01,15.65,0.27,-0.64,-0.08,16.03,-31.59,10.06,0.81,-2.45,-5.35,7.69,-11.72,5.71,-0.06,-3.68,-5.53,2.61,8.47,-3.71,0.09,-2.15,-2.71,4.94,10.09,-8.15,-0.07,0.85,-0.29,6.47,5.97,-4.26,-1.51,2.35,1.11,8.18,0.36,1.32,-1.21,1.9,0.63,10.45,-1.66,1.78,-0.57,1.44,-0.53,10.34,-2.81,2.63
0.58,0.52,-2.69,8.85,0.69,3.21,2.18,-0.62,-3.69,5.2,3.95,1.58,2.6,-1.67,-3.05,0.89,21.35,-8.75,0.16,2.55,4.54,4.07,12.11,-4.3,-0.52,5.95,6.88,5.17,5.45,3.78,-2.08,2.06,9.07,14.28,-32.78,16.04,-2.54,-1.28,-0.51,13.06,-39.13,16.22,5.29,-5.04,-11.96,-2.08,-4.11,-4.34,1.29,-3.41,-6.74,-7.64,39.28,-25.26,-3.45,5.45,9.3,-13.61,28.54,-15.66,-0.15,7.1,9.71,2.37,-21.58,22.46,0.15,-2.37,-1.05,13.87,-39.15,20.44,1.99,-5.78,-8.58,3.73,-11.99,1.98,0.32,-4.01,-5.17,-2.98,38.66,-20.69,-1.9,4.99,6.72,-2.52,13.48,4.32,-2.54,2.08,6.66,10.44,-20.18,16.32,-0.46,-2.08,-0.98,13.38,-30.77,9.31,0.11,-2.76,-5.12,6.01,-17.71,7.04,0.4,-3.92,-7.01,0.69,6.71,-0.78,-0.73,-2.64,-2.84,5.27,10.55,-7.72,-1.15,0.99,-0.11,6.02,6.78,-4.68,-2.62,2.63,1.19,7.93,2.07,3.8,-1.45,1.02,0.74,9.04,0.2,4.0,-0.31,-0.15,0.01,10.0,-0.38,2.73,-0.71,-0.41,-0.3,10.08,-0.64,2.1,-0.65,-0.65,-0.29,9.32,-1.16,2.21,-0.56,-0.79,-0.44,10.03,-1.23,0.24,0.14,-0.36,-0.88,9.63,-0.19,-0.03,0.85,0.02,-1.48,7.61,1.46,-0.64,2.8,0.28,-2.93,4.84,15.25,-3.86
-0.16,2.36,4.88,2.27,17.33,-3.91,-3.32,4.32,10.04,2.21,-4.18,10.31,-4.84,-0.17,7.48,18.58,-39.11,11.81,6.07,-2.83,-10.28,7.81,-25.06,5.54,3.5,-4.28,-10.85,-2.58,14.74,-6.71,-1.01,2.35,6.11,-9.6,33.99,-19.28,-1.53,6.59,10.45,-4.62,-0.8,9.57,-2.65,1.95,6.2,14.45,-39.15,21.48,0.92,-3.86,-4.29,11.03,-28.01,3.98,0.87,-2.89,-5.66,1.38,14.93,-7.46,-1.43,2.16,3.52,1.7,12.53,-5.38,-0.99,1.34,3.72,7.68,-7.54,10.66,-0.84,-0.94,-0.23,13.13,-20.82,6.28,-0.68,-1.65,-3.59,10.46,-15.46,4.89,-0.51,-2.67,-5.35,5.79,4.32,-0.18,-0.45,-2.19,-2.62,5.93,9.06,-5.19,-0.5,0.21,0.37,6.97,7.95,-4.84,-0.84,1.09,1.71,8.56,3.98,-1.91,-0.49,1.07,1.74,9.49,0.32,0.59,0.62,0.64,0.73,10.18,-1.42,0.98,0.7,0.49,0.52,9.99,-2.42,1.58,0.37,-0.27,0.38,10.28,-3.09,1.26,0.58,-0.74,0.05,9.64,0.2,0.22,-0.57,-0.52,2.06,6.02,3.9,-1.68,-2.65,-0.68,5.91,7.92,-3.97,-2.25,-2.1,0.41,4.11,8.36,-36.08,-2.08,4.17,2.15,-9.67,3.07,-21.91,-0.67,8.38,-0.88,-15.07,-6.06,38.07,-12.22,-3.89,2.22,5.11,-12.41,37.39,-3.49,-0.07,0.72,11.64,2.02,-22.19,4.86
0.93,0.46,3.0,13.89,-39.13,7.02,2.37,-1.29,-7.33,4.65,-18.25,2.73,0.5,-1.9,-7.13,-8.86,39.29,-5.59,-1.46,0.15,7.29,-6.15,29.45,-6.73,0.79,1.42,9.68,4.22,-26.58,8.89,0.38,-0.95,2.76,13.8,-39.15,3.72,0.33,-1.61,-6.04,9.37,-16.7,2.22,-0.57,-0.83,-4.0,1.65,28.98,-2.28,0.16,0.3,2.92,5.96,8.21,-0.05,0.63,0.95,2.92,11.3,-14.13,3.15,0.31,0.52,-0.14,13.17,-16.97,3.83,0.14,-0.24,-2.41,10.92,-8.13,4.18,-0.05,-1.01,-2.62,8.64,1.06,0.89,-0.06,-0.88,-1.54,8.33,2.62,-0.9,0.08,-0.12,-0.44,9.05,2.66,-1.04,-0.04,0.27,0.27,9.84,1.0,-0.16,-0.7,0.3,0.77,10.14,-2.11,1.16,-0.03,-0.14,0.42,9.95,-2.97,0.08,-0.4,-0.2,0.2,9.67,-2.46,0.8,-0.34,-0.51,0.22,9.29,-2.54,-0.16,-0.25,-0.32,0.17,9.24,-1.76,-1.06,-0.79,0.18,0.62,9.59,-1.59,0.16,-0.79,0.14,0.75,10.13,-2.59,0.85,-0.19,0.08,0.18,10.23,-3.31,0.96,0.17,-0.07,-0.36,9.87,-2.39,0.64,0.2,-0.18,-0.35,9.48,-1.9,-0.13,-0.11,-0.03,0.02,9.35,-2.44,-0.04,-0.09,-0.06,0.01,9.59,-2.65,-0.17,-0.05,-0.01,-0.09,9.59,-2.02,-0.03,-0.11,0.1,-0.02,9.99,-1.82,0.38
-1.43,0.66,-1.16,9.7,-15.66,-3.89,-0.21,2.37,-5.56,5.15,4.78,-1.97,0.22,2.81,-1.24,-2.46,39.27,3.98,-0.35,0.57,12.54,-3.94,-12.67,12.11,-0.5,-1.41,3.97,5.02,-39.11,4.93,0.99,-2.86,-7.72,3.96,-23.85,-2.89,0.38,0.11,-7.16,-6.88,39.29,-3.1,-0.77,1.55,8.76,-2.22,25.69,-0.01,0.72,1.68,9.1,8.33,-39.15,9.15,0.5,-1.02,-4.6,10.16,-39.15,11.24,0.08,-2.53,-10.97,0.86,13.57,7.38,-0.38,-1.46,3.06,-1.17,35.27,-10.3,1.05,1.13,6.29,5.02,-7.07,-1.67,0.03,0.8,3.13,12.06,-28.27,7.15,-0.26,-1.26,-2.82,8.88,-14.51,4.04,0.35,-1.68,-3.73,5.82,2.61,-1.33,-0.0,-0.47,-0.26,7.19,6.9,-2.82,-0.1,0.36,1.28,10.03,-1.2,-0.35,0.15,0.38,0.82,10.72,-4.29,1.91,0.23,-0.18,0.33,10.6,-5.55,1.68,0.13,-0.42,-0.27,9.92,-5.38,0.64,0.14,-0.33,-0.53,9.35,-4.14,-0.18,-0.03,-0.12,-0.44,8.98,-2.66,0.64,-0.05,-0.11,-0.06,9.19,-2.68,0.22,-0.1,0.03,0.05,9.58,-2.91,0.42,-0.21,0.16,-0.01,9.62,-2.87,0.73,0.01,0.05,-0.16,9.52,-2.67,0.42,0.02,0.0,-0.08,9.45,-2.77,0.58,-0.08,-0.09,-0.02,9.59,-3.16,0.1,0.01,-0.04,-0.2,9.53,-2.76,0.0
-1.96,0.26,-0.84,11.39,-10.58,1.09,-0.81,0.06,-3.55,6.15,1.64,-1.84,-0.03,0.59,-1.46,-5.78,39.29,-9.85,-2.95,4.56,12.47,-8.07,11.51,3.49,-0.32,0.4,9.68,5.78,-39.15,10.54,1.16,-2.51,-4.9,5.07,-39.15,2.71,-0.15,-1.67,-14.09,-10.39,31.64,4.07,0.35,-0.47,3.16,-15.99,39.29,-15.72,2.19,2.8,12.24,-6.4,-25.14,10.24,0.55,-0.55,3.77,6.69,-39.15,12.59,-0.78,-2.33,-11.77,-4.42,18.07,-1.06,1.02,-0.16,-3.96,-8.54,39.23,-12.68,2.77,2.12,9.72,5.32,-24.26,9.03,0.9,0.7,3.85,12.14,-39.11,15.8,-0.6,-2.55,-5.99,8.64,-35.17,11.24,-0.14,-3.57,-6.64,-1.44,24.3,-7.43,-0.44,-0.97,0.14,1.43,18.68,-8.14,0.67,0.86,2.64,6.28,1.87,-2.82,-0.09,1.09,2.37,10.53,-12.03,2.69,-0.2,0.12,0.39,10.22,-12.53,3.46,0.0,-0.7,-1.12,8.55,-7.4,0.35,0.21,-0.59,-2.02,8.18,-4.36,-0.27,-0.03,-0.17,-1.55,8.47,-2.06,0.18,-0.5,0.07,-0.63,9.2,-1.04,1.31,-0.29,-0.06,-0.24,9.92,-1.35,0.83,-0.21,0.06,0.09,9.95,-2.16,0.25,-0.45,0.15,0.27,9.87,-3.26,0.55,-0.23,-0.04,0.0,9.73,-3.71,0.09,-0.21,-0.26,-0.25,9.69,-3.24,-0.36,-0.29,-0.07,-0.18,9.68,-2.84,0.11
4.25,0.57,-9.11,6.06,-11.81,-1.39,7.58,-0.19,-12.03,-1.27,12.49,-16.09,-4.06,5.41,1.81,-4.84,34.54,-2.03,-10.39,1.88,16.23,-3.35,-17.0,17.09,0.87,-2.4,-0.43,7.65,-34.81,4.74,7.38,-3.68,-11.48,3.82,-12.84,-0.27,0.9,-3.11,-4.47,-8.68,39.29,-18.96,-4.48,1.8,11.89,-4.21,14.51,0.6,-0.08,-2.56,11.67,-2.68,-11.68,15.21,-0.52,-4.29,0.37,5.72,-39.15,-6.51,0.76,-1.73,-10.65,1.31,-33.98,-4.48,-0.8,-1.44,-9.78,-5.17,39.29,-7.92,-3.31,1.73,6.95,-4.6,39.26,-1.47,1.09,1.52,10.07,7.58,-22.54,-1.41,2.09,2.72,0.37,12.44,-37.51,2.42,2.53,0.34,-6.17,11.73,-25.34,5.01,0.67,-2.21,-6.84,5.16,8.32,3.23,0.04,-2.86,-2.31,3.96,15.32,-2.84,0.41,-1.02,1.19,6.52,6.52,-5.61,-0.07,1.55,2.68,7.72,1.27,-3.53,-1.01,2.03,2.67,9.5,-3.89,-0.9,-0.32,1.12,1.16,10.18,-6.14,0.99,0.5,0.36,-0.07,10.45,-5.87,1.34,0.21,-0.11,-0.68,9.75,-2.88,0.97,-0.04,-0.47,-0.62,9.61,-1.59,0.27,0.02,-0.41,-0.45,9.54,-0.89,-0.58,-0.0,0.02,-0.03,9.88,-1.12,-0.7,-0.24,0.44,0.18,10.17,-1.81,0.51,-0.15,0.31,0.08,10.25,-2.16,0.98,0.09,0.03,-0.2,9.98,-1.93,0.89
1.44,-0.62,-2.15,9.15,-0.42,-1.0,1.31,-0.59,-1.74,8.9,2.04,-1.07,-0.3,-0.23,-0.38,8.28,4.42,-1.78,-2.74,-0.0,2.4,10.69,1.1,-1.49,-2.75,1.01,3.52,10.36,-1.73,-0.43,-2.24,1.56,2.23,8.69,-1.76,-0.62,-6.24,0.82,4.29,8.34,-5.36,-2.82,-8.56,-1.2,6.25,6.93,-13.61,-1.86,-2.91,-0.63,7.41,4.81,-13.49,2.04,0.91,-0.19,-0.37,15.82,-12.43,-2.55,8.02,1.28,-10.69,5.22,-10.31,1.77,13.21,-4.53,-15.81,1.62,4.87,-5.79,-4.0,-2.05,5.99,8.66,21.76,-1.82,-8.48,-0.57,19.51,8.44,-24.93,-7.81,3.4,1.47,-5.8,12.33,-20.89,-4.46,8.81,-2.98,-18.44,3.27,1.78,-6.11,-0.26,-1.78,-5.28,5.69,20.22,-7.49,-2.79,-1.22,14.98,6.6,-5.78,0.27,0.51,-0.36,0.3,12.61,-14.72,-4.31,6.46,-0.53,-17.82,4.37,2.97,1.67,4.85,1.87,-12.3,0.57,16.57,-9.31,-6.09,2.09,14.06,3.48,5.95,3.33,-6.78,-1.17,18.34,16.18,-14.01,-8.26,6.49,1.15,-15.86,10.73,-3.86,2.99,10.63,1.45,-21.52,1.41,8.66,-6.22,-4.85,0.3,7.53,1.09,9.23,1.18,-7.14,-5.47,19.36,6.57,-5.79,-0.23,-2.0,1.51,2.37,6.38,0.61,-1.35,6.11,3.77,-15.78,4.27,10.79,-1.3,-1.24,1.41,-0.25,4.65,8.25,1.6
-3.95,-4.0,11.92,10.59,-3.01,-1.89,-2.25,-0.64,4.77,10.37,-3.53,-4.12,1.65,0.54,-3.75,8.04,1.73,-1.64,0.77,0.4,-2.32,8.15,2.98,-2.36,-1.21,0.17,1.74,8.46,0.93,-2.13,-0.97,0.68,1.46,10.05,1.09,-1.72,-0.71,1.13,0.55,9.2,1.15,-0.83,-1.04,0.85,1.45,9.25,0.97,-0.53,-0.96,0.64,1.87,8.61,1.48,-0.85,-1.3,0.72,0.42,10.83,-3.18,0.61,-2.38,1.21,-0.08,10.39,0.69,0.74,-1.75,1.0,0.14,8.84,1.08,0.74,-1.16,0.65,-0.03,9.99,0.17,0.94,-1.06,0.67,0.88,10.16,0.94,1.41,-0.26,0.7,1.28,10.44,0.96,1.67,0.12,0.72,0.37,10.24,0.13,2.47,0.48,0.64,-0.87,11.83,0.26,2.81,-0.29,0.15,-1.74,10.36,-0.18,3.2,-1.67,-0.47,-0.3,9.37,-0.73,1.99,-3.42,-2.46,9.38,9.2,0.89,0.84,-3.66,-0.58,13.58,7.22,-3.81,-0.42,0.16,1.34,1.77,12.55,-9.89,0.42,10.22,-1.89,-22.47,8.9,-3.22,8.94,3.52,-1.15,-8.67,1.32,18.99,-4.16,-5.99,-2.91,19.87,10.65,3.67,4.63,-3.77,-2.36,10.78,14.94,-6.3,-6.84,6.58,2.75,-21.75,8.63,6.45,3.35,5.85,5.77,-14.02,10.04,5.38,-1.65,-4.29,-4.82,11.83,8.72,-1.14,6.19,-3.83,-5.84,12.37,8.01,0.24,-8.7
2.68,4.69,-7.78,6.91,1.37,-5.07,3.44,3.22,-7.61,6.8,7.03,1.57,-5.27,-6.09,14.59,3.0,10.13,3.95,-4.37,-3.4,14.73,9.7,-3.08,-5.68,5.18,3.03,-11.7,9.26,0.63,2.65,7.64,3.7,-16.33,12.2,1.73,0.93,-3.98,-1.43,5.01,6.56,4.98,3.67,-4.33,-5.18,14.23,11.14,-2.31,-0.46,1.31,3.34,-4.65,7.69,0.97,-6.18,5.35,3.74,-12.35,7.46,7.92,1.08,0.25,0.15,-0.05,5.67,3.28,1.38,-2.18,-3.45,7.98,9.29,3.89,0.24,-1.34,-1.49,3.25,9.36,-0.47,-1.65,0.14,0.02,-0.58,8.57,2.29,-2.23,0.02,0.34,-0.54,8.32,2.72,-1.38,-0.66,0.42,0.87,8.96,2.77,-1.34,-0.43,0.77,0.11,9.66,2.97,-0.74,0.27,0.83,-1.34,9.8,2.9,-0.25,-0.27,0.66,-1.05,9.27,3.77,0.1,-0.24,0.52,-0.27,9.34,4.15,-0.06,-0.05,1.09,-0.75,10.06,3.77,0.5,0.17,1.23,-1.24,9.63,1.34,1.39,-1.16,-0.68,2.44,6.55,2.54,2.9,-5.42,-1.96,19.08,10.12,-0.72,-3.3,-6.3,2.28,15.29,6.21,-6.44,-4.31,4.34,-0.96,-10.27,12.17,-9.93,4.98,7.96,-3.16,-20.53,8.4,-7.61,4.42,1.27,-2.48,-6.48,5.71,14.43,-3.34,-4.33,-0.88,19.78,4.36,-6.82,-2.98,0.66,1.54,1.99,13.99,-5.7,-4.96
6.2,-2.25,-15.41,8.82,-6.62,1.41,2.22,-2.63,-9.59,4.14,-0.53,-0.29,-2.86,-2.71,11.44,7.58,-5.2,-2.6,-2.67,1.63,10.86,7.6,-2.7,-7.51,3.81,1.86,-9.7,11.72,-3.18,2.62,3.51,-1.64,-12.79,10.19,-4.1,2.29,-1.93,-2.28,6.61,6.05,6.27,-5.18,-0.88,0.76,13.5,7.42,-2.11,-5.77,2.52,3.62,-1.62,16.38,-3.52,-1.25,4.34,-1.61,-13.58,10.09,-5.07,2.89,0.27,-1.11,-7.02,3.94,7.94,-3.69,-2.64,-0.63,9.49,6.58,3.02,-3.02,-1.16,1.37,5.79,12.18,-2.29,-1.71,0.82,1.7,-1.94,11.84,-1.44,0.79,0.8,-0.31,-4.03,9.04,1.07,-0.74,-0.68,0.23,-0.76,8.7,2.27,-2.14,-0.82,1.42,0.72,9.25,1.17,-1.17,-0.68,1.73,-0.26,10.26,0.21,0.79,-0.5,1.04,-0.36,9.21,0.21,0.96,-0.29,0.29,0.21,10.05,1.05,1.14,-0.16,0.39,0.29,10.62,0.9,1.31,-0.31,0.47,-0.12,10.23,0.55,1.58,-0.25,0.41,0.09,9.53,1.29,1.41,-0.07,0.43,0.28,9.93,0.06,1.76,-0.23,0.6,-0.24,10.02,0.26,2.0,-0.26,0.61,-0.27,9.86,0.61,2.09,0.12,0.36,-0.3,9.88,0.73,2.32,0.19,0.22,-0.39,9.91,1.16,2.55,0.44,0.15,-0.54,9.49,0.99,2.02,-0.21,-0.36,0.09,8.25,-0.58,1.35
-1.05,-1.34,4.98,7.9,1.26,2.09,-3.67,-0.52,12.83,10.99,-3.34,3.8,-5.1,1.3,16.21,5.66,-4.49,0.77,-0.66,1.67,3.74,11.71,-12.85,-3.96,3.46,-0.97,-13.07,6.98,-11.39,5.61,8.05,-4.55,-20.17,7.8,-12.31,7.27,-0.83,-4.33,0.03,6.56,14.25,-5.67,-3.93,0.15,22.65,6.18,-2.31,0.28,1.51,1.47,5.22,20.31,-10.7,-6.55,2.61,-0.7,-17.65,7.62,-13.4,6.01,6.13,-1.97,-18.71,4.39,-5.32,-5.08,-3.5,-1.84,10.89,2.35,5.54,-5.38,-3.36,0.07,19.39,1.82,-4.38,-4.09,2.8,2.5,-2.1,21.93,-8.77,-1.68,4.89,0.3,-20.67,4.82,-12.3,6.62,1.46,-1.82,-7.0,-0.02,8.34,-6.9,-3.89,-2.3,17.95,4.96,-5.34,-2.26,-1.33,0.81,12.6,11.58,-5.28,-5.0,2.43,3.62,-5.23,16.61,-10.54,1.79,2.45,1.05,-15.8,9.51,-13.24,6.48,1.03,-2.5,-0.29,2.33,4.64,-4.72,-1.55,-2.03,16.12,5.64,-3.87,-2.0,-0.58,1.75,8.64,10.47,-5.46,-4.12,3.34,2.62,-14.59,11.23,-15.24,6.69,5.38,-1.98,-13.82,5.29,-11.48,3.16,-2.33,-2.61,8.81,5.71,0.0,-3.19,-2.55,0.4,17.8,3.35,-3.88,-2.03,2.0,3.17,-5.66,27.14,-7.67,-4.59,5.92,0.73,-22.0,5.97,-13.06,7.86,3.22,-2.68,-5.29,-0.91,0.62,-6.78
-3.17,-1.92,20.07,3.6,-3.25,-0.58,-1.49,0.77,7.15,11.16,-6.68,-2.2,2.16,2.97,-8.95,17.94,-8.22,1.42,2.08,-0.93,-9.56,4.76,-0.63,-2.35,-1.36,-1.31,3.69,7.38,-0.07,-1.32,-1.45,-0.25,5.72,12.1,-3.42,-0.43,0.39,0.6,-1.13,13.03,-3.96,-0.04,0.75,-0.32,-2.86,8.49,-2.25,-0.72,-0.19,-0.48,0.46,9.12,-1.65,-1.39,-0.43,-0.28,1.55,10.14,-2.38,-0.81,0.02,0.1,-0.99,10.46,-2.82,-0.49,0.23,0.1,-1.73,9.78,-2.23,-0.72,0.37,-0.05,-1.99,9.24,-1.28,-1.09,0.35,0.04,-1.16,8.63,-1.93,-2.19,-2.1,0.15,9.06,8.69,-0.99,-1.77,-3.23,0.71,17.53,5.54,-6.52,0.0,-2.63,1.89,12.22,5.1,-11.84,-2.4,2.04,2.9,-12.8,10.17,-19.57,5.33,8.26,2.56,-19.63,2.03,-14.1,5.31,-2.88,-0.41,4.45,7.59,1.52,-2.08,-4.76,-1.28,19.35,1.26,-5.71,2.83,0.05,0.08,1.42,20.94,-11.12,-0.53,2.86,1.58,-15.93,5.31,-16.67,7.92,4.31,-0.62,-10.56,0.06,4.74,-5.47,-3.6,-1.81,14.67,6.63,-5.9,0.58,-2.86,-1.31,14.03,12.26,-9.69,-3.34,0.41,1.91,-5.72,15.69,-11.49,2.23,3.25,2.48,-17.29,3.22,-13.24,4.93,-0.28,-1.44,2.5,1.03,0.85,-2.02,-2.81,-3.22,17.34,5.04,-4.48,0.42
-1.19,-1.16,4.07,22.55,-11.6,1.71,5.23,3.88,-19.15,6.63,-15.09,7.13,4.43,0.67,-9.24,1.7,-1.41,-6.88,-3.9,-3.87,16.22,8.35,-6.54,2.43,-2.29,-3.09,9.55,16.71,-3.02,-6.29,1.3,3.85,-11.24,8.46,-5.75,1.59,4.36,4.66,-8.3,9.02,-6.38,-1.28,-2.86,-1.52,8.43,6.53,-6.99,2.01,-1.95,-5.65,10.78,6.95,-1.2,-2.41,-0.83,2.22,-7.78,15.23,-7.85,2.11,5.28,7.87,-12.28,8.48,-6.44,2.28,-0.64,2.37,1.89,4.38,-0.73,1.93,-2.74,-5.94,10.88,7.33,-3.43,3.38,-1.52,-3.83,1.42,15.05,-5.24,-1.25,1.38,2.31,-5.88,7.54,-3.94,0.28,-1.14,1.5,-1.19,7.42,-3.67,1.41,-0.96,-1.02,2.05,10.61,-3.35,1.66,-0.3,-1.09,0.84,9.91,-4.87,1.53,0.23,-0.23,-0.6,9.35,-4.11,0.65,0.09,0.15,-0.35,9.86,-4.16,1.23,-0.17,-0.08,0.45,9.27,-3.73,0.98,-0.17,-0.41,0.19,8.67,-4.44,0.88,0.94,-0.25,-2.14,9.95,-3.46,1.52,1.54,0.21,-4.04,12.08,-2.0,-2.25,-3.45,0.23,4.07,3.57,0.02,0.7,-5.98,-1.37,16.02,7.54,-8.42,1.29,-2.68,0.74,6.42,12.08,-9.85,-3.55,3.07,3.12,-9.24,8.37,-11.03,0.71,7.01,-0.81,-13.91,6.61,-8.12,-2.49,-0.96,-1.72,1.21,2.56,3.06,-4.91
-5.28,-1.53,14.72,6.52,-7.2,1.13,-0.81,-0.02,4.15,13.16,-8.23,-1.01,1.92,1.39,-7.4,9.05,-11.47,1.57,0.75,-0.51,-5.97,5.28,-6.97,-0.83,-1.03,-1.16,3.42,3.45,-3.54,-4.05,-1.07,0.7,6.03,11.26,-8.16,-2.12,2.19,3.14,-5.4,9.98,-8.49,1.77,2.09,-0.52,-5.55,7.23,-4.4,0.62,-1.94,-1.23,3.75,5.32,-1.45,-2.55,-1.84,-0.35,7.4,8.19,-5.04,-1.17,1.14,2.04,-2.46,11.91,-8.85,1.29,4.73,2.09,-10.37,7.84,-9.69,3.02,2.46,-0.04,-3.61,8.07,-2.47,-2.96,-1.81,-0.91,3.62,7.88,-3.14,-1.18,-1.14,-1.18,4.92,9.58,-5.32,2.21,-0.18,-0.97,1.13,8.15,-5.58,0.08,0.76,0.08,-1.96,9.38,-5.73,0.47,0.92,0.36,-1.32,9.56,-4.14,0.99,0.67,0.59,-1.91,9.61,-4.72,1.41,2.71,1.03,-3.78,9.87,-5.94,2.82,4.37,0.54,-4.56,8.47,-4.09,2.68,5.45,-0.38,-6.0,9.46,-3.08,1.61,7.29,-0.49,-5.18,7.0,1.22,-0.06,3.59,-1.99,-3.35,7.68,3.94,-2.31,3.2,-1.17,-3.26,8.08,4.61,-4.59,1.79,0.01,-3.5,6.72,7.36,-4.17,-0.51,-0.26,-3.22,7.41,9.19,-3.64,-2.47,0.27,-1.78,1.67,8.09,0.0,-2.53,0.12,2.86,5.59,9.98,-0.99,-4.36,0.2,4.1,5.96,8.07,1.81
-4.88,0.15,4.33,10.74,2.91,1.47,-1.46,0.45,1.91,7.92,2.89,2.11,-0.28,0.7,1.59,8.36,1.32,2.18,-0.27,0.79,1.51,9.11,2.57,2.08,-0.27,1.2,0.46,8.97,2.36,2.74,0.3,0.94,-0.45,8.61,1.72,1.89,0.35,0.21,-0.35,8.68,2.6,2.75,-0.99,-0.18,1.26,8.46,2.51,2.61,-1.07,0.03,1.5,9.06,2.07,2.98,-0.52,0.3,0.88,7.73,1.5,2.7,-0.21,0.45,1.2,8.16,1.88,3.0,-1.24,0.76,2.12,9.14,0.44,3.29,-1.51,0.24,1.98,9.58,0.04,4.38,-1.53,-0.5,2.03,10.27,-1.0,4.15,-3.34,-1.23,2.0,9.73,-2.68,3.72,-3.93,-1.91,2.53,10.82,-2.71,2.57,-3.21,-2.37,1.87,9.69,-2.7,1.42,-2.09,-2.5,-0.6,10.57,-3.67,0.55,-0.45,-1.62,-2.25,11.25,-2.45,-0.18,-0.08,-0.28,-1.51,10.81,-1.3,-1.32,-0.11,0.28,-1.06,8.56,-1.1,-0.17,0.04,-0.69,-0.37,11.44,-0.05,-1.32,0.13,-0.36,0.12,9.49,-2.78,-1.34,-0.13,-0.13,-0.63,10.2,-1.23,-0.68,-0.09,0.48,-0.46,9.59,-1.48,-1.03,0.01,0.54,-1.14,9.76,-0.66,-0.84,-0.27,1.51,-1.63,9.87,-0.48,-0.78,0.2,1.27,-1.24,8.11,0.89,-0.06,0.23,0.26,-1.88,10.86,-0.55,0.37,0.58,-0.18,-1.68,10.33,0.49,0.28
0.92,-0.11,4.99,7.28,-0.46,0.37,-1.14,0.7,9.8,11.37,-1.4,1.83,-0.39,1.84,1.45,15.48,3.04,-1.43,2.5,-1.03,-12.03,13.85,-1.57,3.37,1.52,0.47,-6.2,6.53,-9.81,0.19,-3.05,-1.31,11.4,7.71,-1.7,1.03,-1.34,-0.72,4.2,15.5,3.18,-3.54,2.75,0.7,-13.25,13.48,0.84,3.11,3.66,1.88,-6.76,11.0,-9.96,-1.03,-2.28,-2.34,7.7,5.52,0.96,1.55,-2.1,-4.4,8.87,12.11,4.67,-0.99,2.73,2.16,-11.96,11.86,5.82,0.42,6.38,2.73,-9.25,12.36,-4.4,-1.24,3.25,-1.47,-2.08,8.65,-5.34,-2.23,-2.42,-2.33,8.11,9.42,7.56,-0.79,0.83,1.38,-3.19,6.55,17.28,-1.65,5.93,3.25,-12.01,5.78,10.8,-2.59,3.73,2.66,-2.78,10.67,-0.46,-2.69,-1.89,-1.92,5.29,10.65,-4.19,-1.11,-6.0,-2.0,11.61,12.84,-5.27,3.44,-8.69,1.63,12.61,12.7,3.54,3.77,-3.1,0.96,5.95,12.97,9.07,-0.81,0.3,0.29,-2.63,13.08,-0.36,0.51,-2.19,0.63,2.13,8.87,-0.39,0.0,-2.42,0.18,4.94,9.94,-2.05,-0.52,-1.82,1.55,2.05,9.66,-3.2,-1.24,-1.11,0.64,0.67,8.65,-3.79,-0.58,-0.33,-0.37,0.72,9.53,-4.27,-0.54,-0.21,-0.14,0.59,8.95,-4.39,-0.42,-0.32,0.19,-0.02,9.69,-3.47,-0.21
6.1,-2.01,-9.31,13.45,3.59,1.03,8.15,-2.49,-15.84,15.14,2.42,1.82,-0.56,1.36,-1.4,7.43,-9.79,-1.02,-7.11,-1.51,19.82,7.09,-3.88,0.62,-4.42,0.63,12.18,16.28,2.36,-0.6,5.34,-0.34,-17.8,17.71,5.27,4.47,8.06,1.4,-13.95,13.07,-2.78,-1.27,-3.4,1.16,5.1,0.45,-5.59,-2.42,-3.69,-3.09,12.82,15.97,-0.19,1.86,2.6,1.67,-7.53,12.52,12.09,-0.08,8.02,3.18,-15.77,7.87,5.92,2.2,7.04,5.11,-7.15,13.51,-9.62,-1.91,-4.41,-5.13,9.71,8.38,-5.89,0.63,-5.76,-5.07,14.24,13.96,10.59,0.07,2.66,1.24,-3.1,12.28,15.34,-0.64,7.83,-0.09,-12.12,12.36,0.11,-0.89,-2.24,-0.43,3.53,5.49,-5.21,-1.84,-6.94,-1.56,14.8,15.77,-6.93,1.42,-3.16,-0.27,4.28,13.09,4.93,-1.68,1.52,-1.7,-5.29,9.73,1.11,-1.71,2.32,-1.37,-5.94,5.46,0.18,-3.55,-3.06,0.31,3.3,6.77,0.94,-4.07,-3.73,-0.16,2.87,8.99,-0.58,-3.7,-3.21,-0.8,0.14,8.73,-2.43,-2.44,-2.12,-0.94,-0.32,9.47,-0.75,-3.82,-0.32,-1.08,0.67,9.44,0.5,-3.58,0.71,-1.27,1.56,8.07,1.0,-4.18,0.99,-1.61,1.15,8.67,-0.06,-4.97,0.59,-1.24,0.89,7.92,0.08,-5.06,-0.05,-0.1,1.88,9.74,-2.74,-4.5
-1.03,1.0,2.19,9.24,-2.69,-4.25,-2.02,1.56,2.0,10.49,-6.2,-5.01,0.0,0.0,0.0,0.0,0.0,0.0,0.0,0.0,0.0,0.0,0.0,0.0,0.0,0.0,0.0,0.0,0.0,0.0,0.0,0.0,0.0,0.0,0.0,0.0,0.18,1.69,-5.5,7.37,-2.85,-3.37,-0.57,3.45,-6.5,6.85,-0.52,-2.66,0.34,4.26,-5.59,7.26,2.41,-3.27,2.07,3.18,-3.64,5.33,2.66,-0.59,3.54,3.3,-5.22,3.63,5.46,-1.56,2.12,1.98,-5.56,5.48,9.66,-1.57,-1.06,0.44,-5.22,6.98,6.71,0.07,-2.44,0.67,-1.99,0.76,14.4,2.95,-2.48,-0.02,1.83,4.0,12.5,3.96,-2.65,-1.05,4.08,5.19,11.44,2.86,-5.02,-1.22,6.78,4.48,7.54,2.84,-10.08,-3.49,10.81,5.63,0.76,3.27,-11.03,-6.51,11.53,4.87,-6.57,1.03,-4.17,-7.0,7.58,7.81,-11.31,-7.37,0.86,-1.16,-4.02,2.27,-20.01,-10.12,7.87,3.99,-13.36,6.66,-0.63,-4.5,-3.0,3.04,-2.85,0.29,31.6,5.33,-11.59,-3.93,14.38,5.57,-3.9,5.53,0.26,-2.75,1.63,14.24,-30.68,-13.36,7.67,3.72,-9.47,6.52,-22.0,-7.18,12.84,5.1,-13.19,0.17,2.38,-1.17,5.52,1.49,-5.44,-4.28,36.96,-6.68,-6.08,-0.2,8.81,4.29,3.8,-1.0,-4.11,-0.41,6.74,13.93,-12.62,6.2
-1.32,-1.71,-1.1,14.19,-23.42,3.97,2.38,-2.1,-4.72,8.56,-0.29,-6.0,-0.16,-1.03,-2.13,-6.98,33.55,-12.03,-1.41,3.08,8.82,-0.75,12.34,-1.63,-2.86,2.32,9.98,6.59,-20.93,12.27,-0.37,-2.99,1.48,12.35,-35.54,7.63,0.54,-3.91,-3.58,10.31,-24.58,1.54,0.45,-3.69,-6.0,4.13,-7.12,1.04,1.43,-3.71,-6.39,1.43,7.17,-3.22,2.28,-3.75,-3.28,1.66,9.86,-5.57,0.01,-1.57,0.37,4.63,5.69,-7.57,-0.03,0.18,0.81,6.09,2.38,-6.63,0.06,1.0,1.1,8.13,-0.5,-3.53,-0.66,1.54,1.38,9.11,-2.77,-2.0,-0.46,1.87,1.21,9.83,-4.83,-1.58,-1.26,1.65,0.69,8.78,-6.37,0.09,-0.63,0.55,-0.12,8.5,-6.37,1.5,0.23,-1.51,-1.67,9.53,-3.35,-0.96,1.22,-2.56,-1.96,8.0,0.56,-3.14,0.17,-1.75,0.05,4.72,0.47,-2.91,-1.17,-0.55,0.31,8.8,1.73,-3.28,-0.68,-1.27,-0.46,5.89,6.5,-1.52,0.21,-2.92,1.02,4.49,15.79,-2.8,1.94,-2.94,7.17,2.16,7.12,-7.64,2.58,0.34,10.73,-5.13,-27.91,-11.88,1.24,4.9,-3.7,2.0,-39.15,-5.21,5.82,2.03,-15.89,-0.97,-13.25,-5.25,-2.67,2.08,-8.38,-5.93,39.29,6.17,-5.47,-2.94,11.7,-3.01,27.14,-1.36,2.27,-0.87,11.77,-6.25,-17.52,-4.89
-1.65,0.71,6.66,8.9,-39.13,-0.05,2.27,-1.3,-8.9,6.18,-12.98,-2.35,0.08,-1.36,-7.31,3.33,27.21,3.64,-0.57,-3.1,2.09,3.48,11.12,-8.87,2.08,-1.14,8.12,8.19,-30.08,-7.5,1.23,-0.43,-3.77,8.3,-30.45,-6.27,0.27,0.05,-8.67,3.68,-0.73,-7.54,-1.19,2.16,-5.69,2.1,27.05,2.04,-0.85,1.01,5.7,5.6,5.53,2.58,-0.2,-0.71,6.0,11.4,-17.14,-4.96,0.07,-0.09,0.29,11.09,-16.83,-3.65,0.05,0.04,-1.84,8.56,-11.69,-2.62,0.03,0.14,-2.7,6.97,-7.37,-3.37,0.22,0.75,-3.56,6.34,-3.09,-1.92,1.18,1.03,-3.68,7.34,0.1,-1.42,1.69,0.7,-2.75,8.73,2.23,-1.76,1.39,0.36,-0.24,10.71,3.41,-4.95,-1.76,0.67,0.73,8.23,3.15,-3.18,-3.19,1.36,3.04,7.35,2.63,-2.17,-5.13,1.17,7.09,9.03,-5.87,-1.7,-3.76,-0.09,5.32,6.38,-8.04,-2.28,-0.95,-2.02,2.7,8.57,-10.97,-5.14,-1.88,-2.53,2.62,2.88,-10.09,-10.18,-0.22,-2.74,4.58,2.32,-4.12,-6.24,4.87,-1.22,5.34,6.26,-4.6,-1.62,4.36,1.16,3.59,7.4,-8.99,-2.74,3.02,1.47,-0.77,7.33,-8.92,-2.69,2.15,-1.96,-3.56,5.0,-6.14,1.44,1.48,-3.56,-6.18,7.85,-10.29,0.46,2.62,-2.36,-7.65,8.83,-7.74,-0.42
1.84,0.5,-6.77,10.39,-10.64,-0.63,-3.37,2.84,1.03,4.85,0.2,1.69,-5.81,2.09,13.63,7.03,-3.88,2.6,-1.15,0.8,8.89,5.38,-15.47,-1.83,3.99,-0.01,-9.79,12.13,-10.26,4.93,8.04,-6.36,-17.06,3.74,-15.23,2.46,-2.39,-5.87,0.58,2.99,8.62,-5.17,-4.11,2.3,18.29,0.83,-1.8,-0.13,1.57,2.7,4.91,13.01,-13.74,-3.17,4.74,-1.54,-16.42,11.29,-10.06,7.3,2.65,-5.69,-13.1,3.29,-11.99,-3.0,-5.24,-2.5,9.1,7.99,3.58,-6.35,-5.03,2.15,15.3,-2.32,-7.2,-8.64,5.4,3.14,-9.31,20.38,-7.97,2.48,7.51,-1.64,-17.5,8.02,-11.96,1.53,-3.71,-3.78,4.35,5.02,8.21,-6.2,-4.1,0.03,15.31,3.24,-3.88,-6.07,1.32,3.16,-3.2,15.23,-7.04,-2.59,4.91,0.27,-11.77,6.62,-5.55,2.68,0.63,-2.47,-3.82,8.29,-2.73,-5.07,-2.12,-1.1,5.57,7.31,-1.7,-4.46,-0.09,0.15,5.81,7.54,-4.4,-3.87,0.4,1.23,1.4,10.18,-4.26,-3.36,0.98,0.93,-1.31,8.35,-4.32,-2.1,1.14,-0.46,-1.23,8.18,-4.44,-2.55,0.87,-0.2,-0.79,8.57,-4.51,-2.68,0.25,0.62,-0.87,9.59,-4.4,-2.07,0.06,0.97,-1.24,9.46,-3.36,-1.68,0.39,0.59,-1.34,9.33,-2.95,-1.66,0.57,0.33,-2.22,10.07,-2.31,-1.45
0.6,0.37,-2.26,9.79,-1.77,-1.24,-1.27,0.59,-0.47,9.73,-3.86,-2.09,-5.49,0.88,10.5,10.14,-0.71,2.55,-6.54,1.52,19.85,10.67,-4.92,-0.89,-3.56,0.08,8.36,1.91,-9.72,-12.33,4.73,-1.03,-20.28,13.14,-13.31,2.53,11.68,-2.64,-27.09,6.16,-14.45,-4.48,1.05,-4.22,-0.26,0.6,14.51,-10.97,-3.84,0.7,25.67,-0.51,-1.73,-2.23,-0.1,2.47,5.82,12.83,-16.8,-6.88,6.37,-0.7,-19.9,3.82,-11.27,5.08,4.87,-4.13,-11.74,8.55,-9.28,-6.99,-4.71,-0.67,11.5,4.55,1.43,-5.12,-3.04,0.62,18.5,1.15,-6.63,-2.76,2.02,3.86,-0.42,14.48,-9.08,-7.73,2.99,-1.03,-13.26,5.98,-13.23,4.45,-2.21,-3.31,-3.75,6.18,0.07,-2.48,-1.23,-0.44,14.47,6.23,-0.88,-4.56,1.47,2.84,4.44,12.1,-12.19,-8.17,2.23,2.52,-10.29,10.81,-9.35,1.62,4.81,-2.45,-16.41,8.63,-10.93,-5.57,-3.35,-0.95,9.35,5.08,2.33,-4.41,-2.57,0.12,20.34,-0.04,-2.5,-1.83,0.86,2.14,3.86,20.47,-8.66,-1.84,4.93,-0.13,-20.7,3.41,-11.25,7.63,4.72,-1.59,-15.6,7.66,-4.31,-6.45,-4.26,-2.41,14.68,4.05,-1.95,-1.32,-2.59,-2.07,18.3,6.82,-2.1,-3.89,-0.24,2.56,1.46,18.75,-3.35,-6.99,5.07,3.03,-19.23,10.17,-11.24,4.0
1.06,0.69,-7.71,2.09,4.09,-2.28,-5.3,-2.75,15.93,8.4,-7.03,-1.58,-2.09,-2.18,15.66,5.3,-2.73,-11.01,1.37,2.2,-0.74,14.12,-8.79,-3.79,2.51,0.92,-12.11,5.58,-10.59,2.42,0.67,-0.62,-5.17,5.75,-1.65,-3.73,-0.45,-0.91,4.93,7.88,-5.51,-1.87,0.1,-0.21,5.15,10.68,-6.58,-1.59,0.46,0.37,0.03,10.32,-6.8,-2.17,0.4,-0.31,-2.86,7.14,-6.25,-1.73,-0.05,-0.59,-1.38,7.51,-4.82,-2.9,-0.1,-0.25,0.75,6.85,-5.52,-2.72,-0.21,-0.22,-0.12,8.65,-5.39,-3.48,1.64,-0.15,-2.04,9.3,-5.2,-3.09,2.48,-0.4,-4.21,7.86,-4.12,-1.83,1.34,-0.95,-8.34,9.68,-2.41,-2.4,0.0,0.0,0.0,0.0,0.0,0.0,0.0,0.0,0.0,0.0,0.0,0.0,-2.83,0.76,5.25,8.53,1.46,-2.26,-2.67,1.73,16.97,10.85,-3.38,-0.79,-0.04,3.44,6.96,14.66,-3.38,-2.64,4.3,1.82,-15.23,10.92,-7.77,5.67,6.78,-1.15,-13.99,8.61,-7.62,-0.23,-2.6,-1.5,5.31,6.08,1.21,0.07,-4.29,-1.32,16.57,7.84,-2.98,0.1,1.13,1.41,0.43,18.67,-4.18,-3.66,5.43,-1.03,-15.35,8.62,-7.64,4.93,2.61,-2.02,-8.8,8.28,-8.21,-3.07,-4.55,-0.76,9.95,6.09,1.55,-2.07,-4.16,-1.72,12.65,9.2,-1.87,-1.48
3.52,1.66,-11.01,6.98,-8.72,0.86,0.82,-0.06,-5.99,8.33,-6.97,-2.94,-2.66,-1.05,6.4,6.83,0.49,-2.91,-2.26,-1.14,11.31,7.67,-4.38,-2.03,0.53,1.78,3.46,12.09,-8.23,-1.58,3.07,1.52,-8.18,7.65,-10.81,1.07,4.24,-1.35,-10.69,6.85,-2.72,-3.64,-2.87,0.53,6.35,7.71,1.17,-1.99,-3.71,0.89,11.18,12.99,-8.59,0.85,-2.04,-1.23,6.66,6.25,-7.76,-0.89,-1.1,-2.11,3.91,6.08,-7.56,-2.46,-0.85,-2.15,1.71,3.28,-7.02,-3.89,-0.56,-1.54,-2.29,3.83,-8.88,-3.68,0.55,-1.16,-3.02,3.29,-9.17,-4.0,0.6,-0.52,0.52,4.34,-7.88,-3.1,0.15,-0.08,2.47,5.38,-7.88,-3.95,0.99,0.13,1.17,4.68,-8.71,-3.3,0.84,0.19,-0.69,4.71,-9.31,-2.04,0.25,-0.04,-1.49,4.3,-9.26,-2.3,-0.07,-0.01,-1.42,5.7,-8.16,-3.07,0.11,0.34,-0.69,5.83,-8.42,-2.69,0.32,0.35,-0.56,5.82,-7.99,-2.27,0.3,0.32,-0.79,6.58,-8.75,-1.68,0.15,0.09,-1.05,5.84,-8.6,-2.19,0.27,-0.15,-1.05,6.24,-8.49,-2.11,0.63,-0.21,-1.0,6.46,-7.87,-2.17,0.25,-0.15,-0.99,6.76,-7.54,-2.33,0.15,-0.08,-0.67,7.08,-7.29,-2.07,0.31,0.06,-0.61,6.73,-7.25,-2.32,0.11,0.13,-0.68,6.22,-7.31,-2.97
-2.01,0.89,11.23,6.45,-4.57,-2.23,-1.38,2.91,10.87,1.04,-12.87,-3.52,0.68,2.48,1.08,2.2,-15.26,-3.02,2.33,-0.1,-10.92,2.7,-13.02,-0.02,5.39,-2.81,-15.12,3.79,-13.01,-3.03,0.19,-1.21,-2.51,4.69,1.9,-3.67,-4.42,2.25,15.81,4.65,-6.85,0.78,-2.63,1.75,11.07,4.19,-13.76,-6.13,1.64,0.03,-6.37,3.92,-12.29,-1.42,1.98,-2.16,-10.56,3.18,-8.87,-1.43,0.45,-1.25,-3.41,3.13,-5.73,-3.49,-2.8,1.13,10.5,4.76,-5.98,-4.12,-1.5,2.71,9.44,6.05,-13.24,-6.21,2.54,1.67,-5.62,8.36,-12.73,-0.54,5.17,-1.46,-14.97,4.97,-13.76,3.58,1.55,-0.99,-4.58,3.66,-2.47,-5.59,-4.99,1.17,12.52,6.2,-4.18,-3.75,-1.76,1.19,8.82,8.14,-13.67,-2.68,3.4,0.41,-9.17,9.51,-13.26,2.44,6.62,-1.73,-18.0,6.61,-11.48,-0.19,0.11,-1.15,0.65,1.21,2.19,-7.51,-5.2,0.11,14.84,7.06,-6.8,0.17,-0.56,0.58,3.76,10.67,-12.28,-3.8,4.7,1.34,-12.72,10.64,-14.74,2.8,5.06,-2.54,-11.31,6.39,-8.3,-5.21,-2.82,-1.91,6.59,4.37,-0.05,-4.09,-3.27,-0.86,14.19,7.12,-8.56,-0.96,-0.47,1.77,2.66,9.29,-9.44,-4.82,1.96,1.9,-7.6,8.24,-13.06,1.24,0.75,-0.53,-5.73,3.51,-9.77,-1.94
-1.7,-1.97,2.07,6.94,-4.23,-2.78,-2.1,-0.51,7.99,8.59,-4.28,-1.82,0.09,1.91,3.44,7.87,-8.33,-2.2,2.01,1.23,-6.48,8.26,-9.82,-0.1,2.81,-0.96,-8.8,6.44,-10.73,0.67,1.5,-2.38,-4.14,7.32,-2.09,-2.76,-1.88,-0.74,6.33,8.57,-5.97,-2.31,-1.61,0.85,6.13,8.85,-6.65,-1.75,0.12,1.19,0.5,7.39,-6.86,-1.81,0.77,0.14,-2.45,7.2,-7.71,-1.84,0.96,-0.69,-2.77,6.72,-6.16,-2.14,0.33,-0.87,-1.58,7.33,-5.83,-2.2,0.13,-0.39,-0.98,7.51,-5.92,-2.29,0.23,0.25,-1.27,8.15,-6.13,-1.83,0.2,0.45,-1.49,8.79,-5.82,-1.69,0.37,0.37,-1.38,8.66,-5.18,-1.62,0.51,0.26,-1.24,8.62,-5.08,-1.44,0.58,0.29,-1.34,9.29,-4.25,-1.4,0.75,0.41,-1.39,9.21,-4.14,-1.15,0.64,0.5,-0.92,8.89,-3.24,-1.54,-0.38,0.27,0.64,8.29,-3.67,-1.63,-0.26,0.2,0.41,8.54,-4.62,-1.56,1.4,0.6,-4.04,8.69,-4.46,0.49,3.41,1.35,-7.43,12.21,-2.11,1.2,1.45,1.35,-4.43,11.07,-2.94,-0.68,-5.51,-0.5,8.62,7.89,0.94,0.74,-7.99,-3.51,17.32,8.17,-4.82,2.05,-3.61,-3.97,8.81,10.93,-9.36,-5.82,1.7,0.71,-6.94,11.64,-10.64,-2.08,4.98,2.35,-15.29,4.58,-10.98,2.0
1.62,-1.08,-3.54,4.51,1.68,-4.83,-2.89,-1.88,13.04,8.67,-8.93,-3.24,-0.91,-0.75,9.07,7.66,-5.05,-6.01,0.56,0.92,-6.19,12.15,-8.39,1.51,2.96,1.64,-16.89,9.05,-15.23,3.51,2.71,0.34,-6.37,4.13,0.3,-7.32,-3.88,-2.24,15.23,7.14,-6.0,-0.85,-3.53,-1.96,12.33,6.97,-2.88,-7.27,1.18,2.6,-6.76,14.7,-11.47,1.39,6.23,2.2,-12.75,6.75,-12.35,1.64,4.35,-0.52,-6.6,5.6,-7.23,-3.34,-4.01,-1.35,11.74,5.09,-0.82,-2.77,-2.0,-0.86,8.51,12.5,-1.96,-5.99,2.25,2.43,-7.25,14.27,-8.43,1.78,6.49,0.59,-12.82,9.35,-11.07,1.75,0.02,-1.56,-0.49,4.91,0.26,-4.65,-5.65,-2.08,14.97,6.4,-4.35,-1.06,-2.11,-0.51,7.18,13.62,-3.75,-4.72,3.62,2.07,-9.39,10.56,-9.1,0.48,4.5,-0.42,-9.83,6.64,-6.95,-0.59,1.04,-1.97,-3.17,8.61,-1.47,-4.01,-2.53,-0.61,4.52,8.92,-2.21,-2.61,-1.2,-0.18,2.48,9.65,-3.57,-2.13,0.24,0.03,0.04,9.43,-4.19,-2.43,0.7,-0.15,-0.81,9.0,-3.86,-2.32,0.23,-0.23,-0.3,8.79,-3.23,-2.74,-0.04,0.26,-0.07,9.05,-3.35,-2.5,0.25,1.03,-0.18,9.34,-3.84,-2.27,0.4,1.24,-0.61,9.88,-3.5,-1.07,0.6,1.27,-0.73,9.81,-3.01,-1.25
1.15,1.45,-0.68,9.76,-4.1,-1.13,1.48,1.5,-0.75,8.44,-1.22,-1.1,1.71,0.6,-1.69,9.92,-3.2,-0.54,1.61,-0.25,-1.81,8.41,-1.95,-1.55,1.2,-0.73,-0.76,10.27,-1.82,-2.42,0.85,0.66,-0.83,9.74,-1.83,-2.23,-0.54,1.83,-0.58,9.53,-0.84,0.51,-0.21,1.32,-0.5,10.05,-0.83,2.67,-0.75,0.35,-0.1,10.52,0.52,1.81,-4.67,0.76,1.82,11.05,3.16,-0.36,-9.05,1.04,3.7,8.71,1.35,-0.04,-7.1,-0.22,4.24,7.74,-13.23,0.5,4.0,0.63,-4.04,6.36,-16.09,-2.33,9.36,1.63,-7.92,9.25,0.93,-2.34,1.74,1.14,-2.75,9.72,14.41,4.26,-8.76,1.08,5.42,9.84,3.99,6.55,-1.29,-3.09,3.49,7.57,-10.85,2.93,4.77,-1.17,-3.57,7.78,-13.76,-0.53,6.84,-1.15,-5.77,5.65,0.0,-1.4,1.39,-1.48,-1.48,9.81,12.75,-0.58,-2.2,-2.27,3.39,8.58,-4.0,1.6,0.94,-2.57,-1.34,10.89,-7.8,-1.12,0.67,-1.05,-2.02,7.16,8.53,-13.1,-2.59,4.18,2.22,4.58,13.22,-8.74,-4.44,4.04,5.68,9.26,-6.53,9.45,0.56,-1.33,-0.18,12.71,-18.91,6.9,3.1,-2.0,-4.36,9.22,-6.63,0.05,3.57,-1.1,-4.61,6.41,3.83,-8.59,2.39,2.26,-2.64,7.9,7.21,-1.29,1.37,0.59,-0.65,10.4,4.44,7.34
-5.8,-0.04,3.69,9.68,3.3,0.61,-5.17,-0.93,5.33,8.64,-4.74,0.82,-1.76,-1.85,3.31,7.67,-10.07,-1.72,0.26,-1.95,-0.93,6.0,-13.55,-5.18,4.16,-0.41,-7.99,4.23,-0.67,-5.58,1.88,0.55,-6.09,2.3,35.42,-6.86,-3.02,1.94,6.65,-0.93,25.27,-1.48,2.32,1.08,11.78,-3.22,-25.31,3.84,-2.4,0.73,5.45,7.17,-39.15,1.42,1.46,-0.66,-7.98,7.33,-16.94,6.54,-0.15,-0.04,-9.24,-4.01,39.29,13.32,-0.06,-2.62,3.35,-3.93,32.01,-14.87,-0.83,2.51,8.25,8.22,-39.15,7.75,1.75,-1.54,-3.01,15.52,-36.05,-1.29,0.67,-0.27,-6.96,-3.11,38.99,-8.03,-0.53,3.23,5.29,-5.55,23.08,-1.86,-2.19,2.3,8.64,5.6,-38.88,11.77,1.51,-2.48,-3.4,18.33,-38.65,-1.88,-0.8,1.02,-5.67,0.82,19.58,7.69,0.69,-0.74,0.33,1.85,22.45,0.48,0.08,-1.34,3.91,11.89,-18.21,-3.12,0.31,-0.97,-2.21,9.58,-15.13,0.16,0.52,-0.39,-3.19,6.49,5.74,-4.18,-0.14,1.43,0.24,6.52,1.07,-1.86,-0.53,1.67,0.98,9.99,-6.22,0.51,-1.15,1.62,0.69,10.78,-9.61,3.3,-0.73,1.21,-0.71,9.74,-8.13,4.48,-0.18,0.56,-1.75,8.64,-5.32,4.88,0.32,-0.38,-1.98,8.83,-0.38,3.31,0.21,-0.7,-1.23,8.93,0.46,2.11
1.73,-2.11,-1.75,7.67,2.94,-1.93,-1.16,-2.64,1.36,8.87,6.56,-6.89,-6.56,-1.6,8.89,6.21,0.87,-3.23,-4.22,-0.85,12.6,4.93,-13.45,-4.19,-0.86,0.02,1.57,7.89,-16.58,2.58,7.57,1.45,-14.05,5.35,-4.29,0.2,1.28,-1.6,-3.8,7.3,11.3,-5.32,-8.11,0.56,16.66,8.85,-3.27,0.0,-2.37,1.01,6.69,4.26,-16.74,-2.44,3.45,1.63,-5.0,6.37,-10.19,-0.79,4.59,0.0,-4.73,4.43,-0.13,-4.41,1.91,0.48,1.98,9.69,-3.75,3.0,1.86,0.75,-1.79,12.62,-10.48,5.0,7.06,-1.77,-11.7,9.57,-9.33,5.26,4.36,-3.02,-7.59,4.82,5.47,-8.03,-9.78,-0.35,15.83,5.69,2.73,-2.54,-10.47,-1.67,18.52,1.71,-12.86,-1.37,0.4,0.54,-2.96,18.72,-12.27,-3.11,6.13,0.89,-15.51,4.25,-13.56,-0.69,1.74,-1.36,-5.42,8.91,1.97,-6.76,-7.03,0.25,13.33,5.35,-0.7,-1.76,-4.32,-0.54,10.92,12.57,-7.43,-1.08,2.3,2.47,-4.68,11.75,-9.29,0.86,5.03,-0.29,-9.34,6.97,-6.41,-0.22,3.02,-3.11,-5.39,9.15,0.34,-3.38,-1.45,-1.29,4.94,7.14,-2.03,-3.28,-1.91,-0.09,5.13,10.85,-5.1,-2.17,-0.62,0.32,3.19,9.39,-3.78,-1.32,-0.91,-0.18,2.91,6.07,-5.43,-4.57,-0.22,-0.43,2.42,6.19,-7.39,-2.87
1.55,-0.13,-1.64,7.92,-10.14,-4.35,2.19,-1.4,-1.14,6.72,-5.21,-3.14,1.71,-1.4,-0.93,6.11,-5.07,-2.84,0.2,-0.8,-1.8,7.29,-6.28,-3.37,-0.34,-0.53,-1.57,6.06,-3.81,-6.18,0.34,-0.09,8.32,5.32,-4.34,-4.02,-0.97,2.0,12.28,2.81,-8.1,-3.08,1.24,2.35,4.51,10.88,-9.77,-3.38,2.08,-1.6,-14.12,7.78,-12.35,1.98,0.0,0.0,0.0,0.0,0.0,0.0,1.61,-2.96,-5.75,0.28,2.12,-5.62,-3.52,2.43,17.8,4.07,-7.82,-1.06,0.29,3.79,9.39,11.2,-10.53,-1.12,2.04,-0.73,-8.54,4.32,-14.09,0.28,1.53,-4.44,-7.61,2.8,-7.35,-3.45,-1.0,-1.46,2.55,5.84,-0.26,-6.31,1.66,2.8,1.03,13.08,-5.59,-1.15,5.66,0.62,-11.55,12.3,-11.55,4.56,7.73,-4.6,-14.63,6.9,-6.52,-2.2,2.75,-1.66,-3.83,5.96,1.27,-4.6,-1.42,-0.78,7.09,7.53,1.08,-2.79,-1.63,-1.09,6.92,12.27,1.53,-5.45,1.84,1.17,-1.17,14.9,-0.56,-2.69,3.25,-0.78,-9.8,11.56,-2.28,-0.23,1.38,-1.06,-9.12,7.04,-2.08,-3.36,0.03,-0.55,-2.28,5.82,3.26,-3.42,0.58,-1.4,3.51,11.37,4.58,-3.09,1.32,-0.63,1.73,11.37,1.01,-4.16,1.67,-1.25,-1.56,8.91,2.55,-3.65,0.17,-1.95,-2.33,7.76,2.74,-4.26
-1.28,-2.19,-2.69,8.39,4.07,-6.43,-0.66,-1.14,-1.76,7.38,3.07,-5.78,-0.65,0.27,-1.01,6.5,3.48,-5.43,-0.83,0.47,0.49,6.92,3.03,-5.03,-1.52,0.28,4.1,6.58,2.28,-4.84,-3.98,0.96,10.8,9.9,0.01,-3.95,-5.04,1.83,17.75,11.63,-4.62,-0.41,-6.32,2.89,14.58,11.44,2.29,-7.92,2.26,0.65,-8.09,10.33,-5.33,0.24,5.87,-0.24,-21.26,13.62,-7.0,-6.64,-0.74,3.95,0.38,-2.57,10.16,-0.87,-4.15,-3.35,18.35,7.35,-6.02,0.78,-0.68,-1.24,0.75,17.39,-0.37,-7.47,5.35,-0.32,-15.12,7.76,-3.22,-1.49,3.2,1.33,-8.5,5.77,-6.26,-4.64,-5.65,0.54,10.34,6.8,-2.15,-4.65,-3.06,-1.95,6.81,12.88,1.5,-4.8,3.56,1.35,-10.34,14.46,2.64,-0.69,5.88,1.02,-14.96,14.6,-2.49,-2.06,-0.39,3.12,-5.14,4.16,-0.14,-3.88,-2.47,-3.34,5.5,7.39,3.8,-1.4,0.27,-4.03,1.16,10.02,4.44,-4.36,1.87,-0.18,-2.66,5.63,4.13,-4.13,1.52,0.69,-1.78,8.01,2.96,-4.29,0.3,0.41,-0.13,7.99,2.84,-4.25,-0.51,0.04,1.36,7.88,4.51,-4.18,-0.52,0.15,1.33,7.63,4.86,-4.43,-0.26,0.6,1.37,7.98,4.49,-4.09,-0.07,1.37,2.43,9.06,2.75,-2.97,-0.85,1.06,3.07,8.95,3.79,-2.51
-1.52,0.45,3.35,9.96,1.23,-2.43,-3.71,-0.14,5.54,10.31,0.73,-2.06,-5.21,-1.0,10.81,8.93,-2.0,-1.86,-5.64,-1.76,13.23,4.91,-3.21,-3.0,-3.38,-1.31,5.16,4.15,-9.42,-10.88,4.48,0.42,-11.6,3.29,-6.93,-3.39,0.0,0.0,0.0,0.0,0.0,0.0,-2.69,2.48,1.81,0.28,6.41,0.43,-5.47,0.03,21.79,9.8,-1.68,-1.33,-1.74,-1.6,10.11,7.87,-15.82,-2.71,3.61,-1.09,-13.14,6.86,-10.86,-3.32,0.47,0.02,-6.89,3.35,-4.83,-4.88,-2.61,1.36,4.01,5.36,-0.99,-4.25,-0.85,0.36,2.24,7.66,-1.17,-3.97,1.42,1.98,-3.04,8.88,-3.09,-2.41,1.15,1.74,-2.92,8.75,-3.78,-1.64,0.21,1.96,-0.19,8.74,-0.39,-0.81,0.67,1.82,-0.27,10.91,-0.45,0.89,0.85,1.24,-1.75,12.07,-1.52,1.52,0.48,0.44,-3.24,10.09,-1.78,0.23,0.68,0.14,-2.75,9.47,-1.77,-0.88,-1.7,2.0,-1.49,15.37,-1.06,0.0,-2.36,3.86,-0.38,10.46,-2.71,0.29,-2.59,0.07,0.08,7.81,-1.09,2.06,-1.97,-2.17,-0.4,10.82,0.86,-0.32,-2.57,-0.99,-0.07,12.94,3.26,-0.82,-3.53,0.98,-0.26,15.91,3.26,-3.79,-3.85,1.44,-0.45,11.02,0.57,1.63,-6.12,-0.39,-1.59,10.98,3.77,0.91,-6.48,-1.57,-0.08,3.54,4.86,1.74
-1.44,-2.9,0.36,15.34,-1.8,-0.65,-0.29,0.53,1.81,5.37,0.65,-2.02,2.34,0.58,2.45,10.79,0.95,0.48,-2.68,2.52,1.78,11.05,-0.88,-0.95,-4.22,4.55,1.25,7.57,-2.4,3.11,-1.75,3.15,2.38,6.21,-5.9,4.47,-0.25,1.8,1.17,5.94,-8.37,4.95,-1.14,0.36,-1.67,6.32,-3.23,3.4,-0.95,-2.17,-2.78,8.22,-0.56,3.54,-3.29,-1.88,-1.68,11.38,-0.37,0.41,-1.59,0.05,-0.09,9.42,-4.39,-0.15,0.67,0.6,-1.17,10.15,-3.04,2.31,0.26,-0.63,-1.56,7.92,-1.09,4.72,0.4,-1.98,-1.31,11.74,0.3,0.09,-0.84,-1.54,-0.61,9.92,-0.25,-0.34,-3.73,-0.14,-0.17,10.11,-1.9,-3.82,-4.22,1.23,-0.01,7.57,0.65,-0.33,-4.12,0.47,0.45,9.69,-3.58,1.86,0.22,-0.26,-0.15,13.01,-0.32,-3.5,-3.63,1.86,-1.5,11.88,-3.32,0.2,-0.69,1.54,-2.18,9.71,-0.57,3.8,0.51,-0.06,-2.88,9.05,-0.63,4.13,1.08,-1.02,-2.14,9.81,-0.31,1.79,1.59,-1.56,-1.38,10.35,-0.32,1.68,4.58,-1.2,-1.62,6.38,1.48,-0.16,6.66,1.45,-2.2,9.48,3.23,-3.24,4.73,2.17,-0.69,8.68,8.86,1.81,-5.47,-1.17,4.59,7.3,6.18,1.14,-12.04,-2.16,7.21,7.5,3.65,-1.5,-13.57,-4.77,6.36,1.97,-9.69,-11.17
3.56,-0.58,-1.77,11.61,-23.77,-10.3,11.98,0.48,-11.28,3.59,-1.13,-4.43,12.12,-0.97,-9.99,4.29,16.07,-10.83,-2.82,1.42,2.75,4.27,30.81,-7.99,-19.75,-2.41,14.85,1.39,2.47,-6.8,7.29,-2.83,0.13,2.3,-24.53,-7.13,14.03,-2.7,-11.55,4.72,-10.46,-12.09,14.33,0.62,-11.92,8.64,26.35,-10.66,-11.85,3.12,9.82,3.91,13.1,0.07,-18.6,-1.75,13.75,3.46,-8.57,-5.79,9.33,-2.0,-6.87,4.75,-25.52,-12.63,10.86,0.93,-10.07,4.25,-0.1,-14.73,2.74,3.21,-4.59,8.37,14.06,3.27,-11.58,-0.38,7.9,9.69,3.65,3.8,-11.34,-2.08,8.62,6.93,-2.15,-5.65,3.22,-0.33,-0.21,7.05,-15.29,-7.89,6.16,1.11,-4.2,7.69,-4.81,-6.04,4.17,1.8,-3.14,9.64,-0.75,-1.07,0.76,1.03,-1.13,9.47,-1.34,1.79,-0.72,-0.06,-0.09,10.07,-1.8,0.57,1.12,-0.88,-1.05,8.72,-4.37,-1.22,4.4,-0.82,-3.81,8.95,-2.6,-2.02,4.92,-0.37,-4.59,10.0,-1.82,-1.83,4.08,0.32,-4.27,10.32,1.99,-0.79,2.83,0.17,-2.78,9.24,2.61,-1.02,1.19,-0.56,-1.91,9.35,2.22,-1.07,2.53,-0.49,-2.05,8.61,2.15,-2.74,3.33,-0.1,-2.22,8.51,2.62,-3.28,3.54,0.23,-2.37,7.91,2.47,-4.85,2.68,1.79,-0.36,10.73,11.02,-6.55
-3.59,2.9,5.14,9.12,11.89,-4.21,-13.02,3.04,11.4,4.34,-2.5,-1.08,-22.07,-0.65,12.09,3.9,-10.38,-6.57,-15.17,0.72,4.7,6.1,-11.84,-6.83,10.91,-1.81,-7.56,6.69,-3.74,-7.78,17.97,-0.54,-11.27,4.89,-3.15,-9.42,18.32,-1.25,-15.39,2.84,0.49,-4.76,-7.88,-0.79,-0.71,8.15,25.0,-1.3,-19.2,-3.12,9.58,14.16,12.78,-0.94,-5.75,-7.53,8.24,0.39,5.6,-1.69,9.45,-2.0,0.56,3.34,-26.99,-14.3,12.82,2.42,-12.4,2.26,-20.84,-10.2,5.38,2.24,-11.74,11.93,30.43,-3.01,-13.07,-0.83,9.11,7.24,8.01,7.34,-10.57,-7.94,6.34,3.03,1.54,-0.17,-3.36,-9.18,3.36,2.24,-6.58,-12.12,9.07,-3.65,-4.66,0.88,-11.7,-12.3,8.38,-0.02,-7.25,9.37,-0.93,-10.34,0.64,0.71,-1.39,9.46,1.54,-8.18,-4.12,0.19,5.24,6.8,-1.65,-6.91,-2.5,0.23,6.38,4.18,-8.88,-5.93,1.16,0.55,2.01,4.94,-12.4,-6.46,1.84,0.94,-2.28,6.12,-7.82,-5.98,1.44,0.52,-3.68,6.99,-2.25,-6.24,0.62,0.56,-2.28,7.4,0.07,-5.97,-0.82,0.59,0.74,7.04,-1.3,-4.99,-1.65,0.24,1.99,7.08,-3.88,-5.06,-1.0,0.0,1.61,7.1,-5.66,-6.0,0.38,0.15,-0.2,7.22,-5.05,-6.11,0.82,0.46,-0.96,7.48,-4.16,-5.61
1.42,0.56,-1.21,7.11,-6.11,-5.46,6.15,0.27,-5.07,4.67,-12.11,-5.64,10.74,-0.45,-11.89,0.29,-9.71,-7.41,10.93,-0.87,-17.35,0.27,-1.15,-8.74,2.15,0.75,-8.44,7.79,27.22,-15.32,-7.22,4.17,6.76,5.41,19.35,-2.45,-12.16,1.57,13.42,3.79,6.58,3.48,-18.13,-4.98,16.15,-5.1,-0.28,-11.27,-6.98,-5.26,11.13,0.68,-28.92,-17.09,11.62,-0.66,-10.44,3.55,-23.94,-11.46,9.35,-1.01,-14.99,-0.64,2.94,-8.15,-2.48,0.83,-3.39,8.82,27.39,-9.45,-13.59,-0.65,12.0,3.4,9.59,0.29,-16.9,-5.51,13.64,0.1,6.03,-5.93,-7.04,-7.11,11.36,-1.27,-2.84,-13.47,11.39,-3.52,-4.16,-1.76,-29.54,-11.49,15.43,-3.25,-17.17,-3.08,-32.64,-5.25,9.97,-7.27,-20.34,-9.43,6.52,-12.25,-8.52,-1.22,0.98,7.77,31.49,-26.63,-11.52,4.89,17.75,-10.2,1.02,-0.06,-11.71,-1.19,17.02,-7.55,-12.42,-4.9,8.6,-1.36,-4.99,1.72,-29.24,-9.19,9.23,-2.0,-13.82,-2.77,-13.05,-6.65,7.68,-1.48,-12.67,4.88,7.26,-10.54,0.41,1.29,-4.86,11.27,15.33,-9.28,-6.01,3.13,4.91,7.33,1.09,0.89,-6.79,0.39,7.25,7.63,-7.21,-0.14,-1.76,-1.3,3.55,8.56,-11.8,-2.2,1.87,-1.2,-1.78,8.48,-6.46,-4.53,0.91,-0.22,-2.57,9.44,-2.9,-5.04
-3.48,0.85,0.56,10.47,0.88,-3.97,-10.98,0.2,6.98,7.49,-0.38,-1.01,-9.85,-1.96,7.33,6.48,-3.74,-4.08,-4.68,-2.98,4.26,4.58,-5.25,-7.41,-0.43,-1.4,0.57,5.18,-5.94,-9.75,2.15,0.33,-1.75,4.27,-8.83,-11.35,15.11,1.04,-13.68,-2.71,-16.05,-11.45,18.97,-0.18,-22.1,-6.36,8.2,-15.42,7.99,2.3,-10.97,9.86,39.29,-15.06,-17.19,3.09,15.69,0.86,14.9,-0.05,-21.75,-3.92,19.42,-8.07,5.16,-14.34,-10.7,-4.3,14.82,-9.14,-13.99,-21.99,12.36,-1.29,-8.23,-2.61,-19.09,-13.17,16.42,-1.08,-18.69,-4.14,-7.37,-9.64,14.25,-1.87,-16.12,5.5,15.87,-12.5,-14.93,2.99,13.86,6.28,3.98,1.76,-15.24,-1.88,12.89,1.59,-3.36,-5.9,-5.27,-0.43,8.58,-1.16,-24.11,-15.96,9.1,1.69,-9.33,-1.12,-26.9,-9.73,14.92,-0.87,-19.64,-3.45,-4.57,-6.82,0.78,-0.01,-9.05,10.8,29.25,-2.07,-14.18,-0.79,12.03,7.64,22.45,-1.01,-11.0,-4.83,15.06,-6.82,6.55,-1.08,-0.54,-8.53,12.5,-10.55,-9.61,-7.67,8.9,-1.46,-7.76,3.43,-34.86,-11.58,9.63,-1.63,-16.06,-3.62,-17.49,-6.11,3.5,0.03,-9.16,9.32,8.49,-7.39,-3.48,2.92,-0.13,8.76,5.99,-0.83,-2.46,1.18,2.46,9.51,-0.48,2.13,-0.41,-0.44,0.98,10.59,-4.33,0.56
1.46,-1.21,-1.42,8.56,-1.58,-4.28,1.33,-0.63,-1.72,9.15,0.41,-5.26,-5.04,-0.36,2.73,8.33,5.22,-4.11,-10.41,-1.8,9.72,4.5,3.07,-5.0,-12.05,-4.54,13.55,-1.93,-4.2,-10.51,-4.67,-6.01,8.34,1.37,-16.98,-13.88,4.04,0.72,-4.83,0.84,-17.83,-14.47,9.17,2.01,-19.07,-4.01,-5.31,-7.62,10.18,0.51,-23.16,-6.82,3.09,-9.44,8.8,1.99,-19.57,-3.08,21.13,-13.59,-10.19,-0.7,15.11,3.1,16.4,1.38,-12.27,-4.33,26.92,-3.76,5.26,-5.47,-9.5,-4.86,21.54,-5.99,-22.55,-14.04,7.34,-0.09,-7.73,-2.1,-24.35,-9.7,8.54,-1.43,-21.15,-3.4,-7.2,-10.41,8.08,0.77,-22.32,-5.01,18.26,-12.94,-5.44,-0.79,-1.25,10.8,19.68,-0.94,-10.94,-4.71,21.77,-1.21,6.4,-2.42,-8.33,-6.77,21.33,0.42,-17.06,-17.47,5.02,0.5,-3.43,-5.58,-29.18,-14.94,6.64,2.97,-22.57,-4.0,4.81,-9.65,-2.68,3.64,-5.78,11.48,16.45,-2.49,-5.07,1.04,9.41,9.57,9.71,1.22,-3.64,-2.31,10.61,6.42,-5.15,-4.47,2.74,-0.77,0.08,7.36,-8.02,-7.41,4.26,2.05,-4.7,7.77,-2.46,-6.07,1.07,1.95,-2.18,8.7,1.59,-1.59,-1.45,0.23,0.76,10.3,0.88,-2.28,-1.81,0.57,1.65,9.66,-1.35,-2.64,-0.65,0.69,0.43,9.36,-1.2,-3.08
-2.54,0.49,1.17,9.94,3.68,1.88,-2.42,-1.09,1.75,9.14,5.24,2.61,1.5,-2.78,1.49,5.58,-8.74,-3.76,8.73,-2.95,-4.0,6.75,-39.15,-14.63,3.52,-0.42,-12.28,8.36,-19.74,-5.88,-5.23,2.45,-8.85,-1.74,18.24,3.26,-4.08,-1.49,-0.46,0.25,39.27,7.42,-1.11,-4.94,11.4,-1.58,12.21,6.19,-1.54,-6.21,8.29,-0.82,-39.15,-20.84,-0.97,3.64,-11.85,-1.07,-10.82,-6.52,0.73,4.66,-8.82,6.16,39.29,4.04,-0.52,0.1,7.0,-0.75,27.9,15.38,-0.99,-6.79,13.45,0.91,-29.5,-13.87,1.58,3.14,-9.1,-4.22,-22.07,-14.43,1.66,4.32,-9.58,4.92,24.52,-2.98,-2.18,0.82,4.25,7.2,15.34,3.56,-0.57,-3.04,5.35,5.69,-4.94,-7.19,1.73,-0.45,-0.8,7.21,-5.2,-8.42,0.44,1.91,-0.23,10.13,-3.64,-3.72,-0.58,1.34,0.4,10.35,-2.16,-2.87,-0.58,1.04,0.38,8.79,0.25,-3.62,-0.82,1.58,0.77,8.0,0.8,-4.76,-0.62,2.89,0.81,10.01,-0.33,-1.23,0.44,1.57,-0.33,10.3,0.15,0.3,-0.27,1.4,0.32,11.36,-0.24,0.02,-0.31,1.58,0.71,11.31,-1.51,1.69,0.42,0.56,0.52,8.9,-2.93,2.25,-0.34,-0.37,0.46,11.04,-1.96,-0.04,-0.43,0.21,-0.07,10.94,-1.5,0.27,0.17,-0.16,-0.53,9.29,-1.27,1.41
-0.71,-1.94,-2.13,9.12,1.96,-0.28,1.12,-1.33,-2.41,9.33,3.73,-1.61,2.11,0.04,-0.2,6.83,4.87,-1.55,2.3,0.84,2.75,7.18,4.02,-0.81,-0.18,0.45,6.17,6.44,-3.46,-0.03,0.01,-1.7,6.73,9.29,-36.14,-13.54,-0.03,2.65,-6.3,9.87,-25.26,-17.6,-1.21,6.78,-8.48,2.38,-10.7,0.79,-1.62,-0.18,-5.87,-1.8,39.29,10.06,-2.72,-3.47,6.74,-4.17,31.51,11.79,0.02,-5.78,8.06,4.87,-22.35,-7.68,0.68,3.1,-3.53,17.67,-39.14,-21.32,1.89,3.29,-10.79,-0.72,-1.16,13.32,0.7,-1.09,-6.63,-2.47,39.29,13.61,1.35,-5.27,6.62,-4.86,18.29,7.64,0.29,-5.86,8.44,6.17,-24.62,-20.91,-0.74,3.09,-1.7,12.78,-35.22,-11.44,-0.59,2.38,-7.18,4.95,9.75,0.2,0.74,1.41,-3.08,-4.02,38.21,7.2,0.54,-3.15,7.21,2.79,-5.13,-3.43,-1.04,-1.98,3.98,22.3,-39.1,-24.6,-0.6,4.31,-7.45,-5.39,-4.94,-1.46,-1.22,2.02,-5.63,-9.04,31.4,2.42,-1.38,0.15,1.58,1.49,24.07,8.92,0.57,-2.56,4.43,10.3,1.05,2.95,0.51,-2.27,3.08,11.85,-6.38,-3.82,0.57,-0.12,1.0,9.75,-2.58,-3.28,0.55,0.98,0.42,8.91,-0.98,-1.43,1.22,0.81,-0.06,8.94,0.4,-2.87,0.99,1.05,0.32,9.38,-0.26,-2.74
-3.11,-0.28,-1.33,9.35,-5.54,-3.72,-3.35,0.58,-3.09,7.34,-5.69,-2.0,-0.21,1.39,-6.34,5.77,-0.31,-1.52,5.58,0.77,-9.96,4.04,11.59,-3.68,1.85,2.43,-1.66,12.59,28.06,0.27,-11.96,0.72,13.97,1.91,10.57,9.01,-17.27,-14.79,11.09,-4.34,-3.2,-10.11,1.68,-10.08,1.62,10.85,-15.96,-21.76,14.96,4.75,-15.61,2.82,-8.47,-12.24,11.57,4.62,-16.92,2.62,4.81,-7.35,0.46,3.53,-3.33,6.97,23.81,-0.88,-12.11,-3.73,13.68,2.64,1.56,-1.11,4.72,-5.04,2.85,9.1,-19.76,-9.09,11.57,2.7,-16.8,5.09,-1.3,-10.56,6.03,2.25,-11.12,3.3,16.1,-6.51,-7.09,-0.64,6.0,4.59,14.83,2.97,-9.8,-6.67,14.36,0.84,2.15,-4.23,4.73,-1.24,-1.12,7.5,-19.91,-11.82,5.66,2.06,-10.22,6.41,-3.85,-9.05,2.96,2.83,-6.77,8.3,8.04,-4.45,-3.42,1.24,2.46,8.15,5.59,0.52,-3.65,-1.51,4.46,9.14,1.75,-1.14,0.11,-1.46,1.62,9.45,-2.89,-4.47,1.69,0.07,-1.1,8.98,-2.49,-5.15,1.72,0.77,-1.73,9.53,-0.16,-4.22,0.21,0.85,-0.51,9.68,0.49,-2.67,-0.52,0.41,0.34,9.93,0.66,-1.83,-0.24,-0.14,0.62,9.58,-0.08,-2.39,0.2,-0.44,0.39,9.39,-0.31,-3.42,0.26,-0.38,0.19,9.23,-0.34,-3.91
-6.5,0.41,2.55,9.34,-0.46,-2.74,-14.94,-1.76,7.61,6.62,-3.15,-2.68,-17.43,-2.83,8.67,7.21,-2.64,-4.58,-5.6,0.61,3.83,16.43,-1.19,-6.35,10.23,3.03,-6.65,6.98,4.25,-3.1,21.89,2.61,-10.85,11.17,5.53,-2.67,23.67,7.1,-17.49,6.87,-8.0,6.14,-2.04,1.37,-2.97,12.65,27.0,2.17,-16.75,-7.58,15.78,-0.28,8.54,-0.38,-14.45,-9.28,14.46,9.27,2.77,-8.41,1.85,-1.32,3.3,2.14,-15.58,-8.74,13.42,3.18,-14.66,7.65,-1.77,-6.0,11.03,3.38,-15.43,7.95,12.66,-5.81,-2.89,1.35,0.65,1.37,16.25,2.27,-16.21,-6.01,16.91,0.33,8.07,-7.22,-12.33,-5.17,14.61,9.41,-11.72,-19.81,14.98,2.73,-10.02,-4.49,-8.93,-5.71,13.51,4.78,-19.13,7.2,10.45,-6.07,4.7,7.3,-6.75,10.27,18.08,4.17,-15.27,-5.61,14.23,2.93,9.54,-0.47,-15.6,-8.05,12.87,5.96,-2.9,-13.93,9.28,2.03,-6.91,1.8,-10.96,-5.87,11.13,2.54,-14.16,9.17,4.61,-5.19,8.32,3.91,-10.19,11.63,16.07,-0.58,-8.12,-0.76,6.47,5.92,8.11,6.55,-10.36,-6.31,10.73,7.35,4.77,-1.58,1.13,-4.24,5.2,8.71,-7.73,-5.87,3.63,-0.15,-3.76,6.83,-5.01,-5.91,1.92,0.29,-4.51,8.74,1.16,-5.48,-0.62,1.14,-0.21,9.5,1.85,-3.39
-1.72,0.75,1.71,10.03,0.38,-1.65,-1.69,-0.35,1.74,9.5,-0.6,-2.54,-0.54,-1.0,0.95,9.31,-0.91,-4.04,0.08,-0.56,0.5,8.82,-1.16,-4.84,-0.63,-0.16,0.6,8.64,-0.96,-4.6,-2.06,-0.07,1.2,8.92,-1.31,-4.91,-7.53,-0.06,3.95,5.7,-0.57,-5.1,-12.84,0.7,8.69,3.5,1.69,-6.79,-16.75,3.47,12.0,3.21,-5.36,-6.88,-3.18,6.56,5.5,9.43,-7.75,-0.84,17.13,4.81,-5.37,14.31,7.81,4.03,17.34,4.66,-1.1,10.4,9.2,8.54,17.05,6.69,4.09,7.37,-11.27,32.36,-9.72,-9.05,3.33,0.97,-9.86,14.1,-18.55,-9.56,-0.24,3.38,5.85,-11.52,4.41,2.56,0.13,6.07,3.45,-11.11,17.61,6.29,-2.49,8.29,10.83,1.82,18.97,5.95,-0.29,10.48,6.9,20.97,-6.21,-5.39,4.24,2.81,5.28,14.17,-22.84,-8.75,7.71,7.6,3.4,-13.61,-14.25,-0.94,4.5,6.35,-6.66,-11.83,14.88,2.63,-4.53,5.84,0.66,-9.15,18.86,4.03,-4.33,11.4,-5.4,8.05,-0.06,-1.83,-1.27,11.85,4.33,14.65,-14.21,-6.74,3.38,6.61,1.05,-3.92,-6.37,-1.94,4.21,0.15,5.85,-7.79,6.56,0.61,0.45,8.28,-7.54,-10.08,17.12,4.08,-6.88,10.43,-3.02,0.29,9.74,2.01,-5.29,13.02,1.66,8.51,2.17,-1.32,-0.63,12.21,0.48,5.57
2.75,-1.7,-1.25,11.06,1.1,1.87,0.16,-1.18,-0.21,9.99,2.97,0.02,-2.94,-1.3,1.83,8.43,0.79,-0.19,-2.14,-1.71,1.29,8.8,-1.12,-2.56,-0.07,-0.82,-0.41,8.58,0.24,-3.89,0.19,-0.22,-0.5,8.67,1.24,-3.43,0.15,-0.1,-0.04,9.23,1.08,-2.26,0.04,-0.65,0.04,9.94,-1.13,-1.98,-0.54,-0.32,0.19,9.59,-0.25,-3.34,-1.04,0.18,0.59,9.93,-0.56,-3.34,-0.6,0.66,-0.35,9.42,-0.96,-1.82,-0.06,0.66,-0.7,9.48,-0.34,-1.73,-0.66,0.42,-0.57,10.27,-0.48,-0.99,-1.31,0.45,-0.28,10.01,1.3,-0.34,-2.63,0.38,0.48,8.32,6.71,-1.26,-5.86,-1.14,4.01,4.57,12.77,-4.78,-5.38,-0.23,5.9,4.34,0.13,-5.7,-1.84,3.17,-2.0,9.21,-34.24,-9.46,-8.7,5.9,-8.57,5.81,-29.71,6.19,-9.97,3.51,-12.43,-3.72,13.2,24.31,-6.15,-4.07,-1.66,5.66,39.29,22.6,6.92,-4.5,6.26,-5.9,15.22,5.64,15.5,-1.54,5.78,-3.2,-18.23,-2.0,3.71,3.64,-5.43,19.34,-22.1,8.16,-6.83,-1.62,-5.48,15.3,10.74,16.38,-5.51,-5.88,0.6,6.67,28.79,10.18,5.59,-4.28,6.46,-4.02,7.9,-5.02,12.5,1.3,0.48,2.11,-20.49,-8.97,2.34,5.91,-10.84,18.38,-10.21,12.77,-5.78,-4.61,-5.05,7.11,23.24,21.62
-3.51,-10.44,5.16,-1.14,31.29,3.22,5.64,-7.35,5.32,-9.03,-17.0,-15.9,1.49,2.7,-3.23,10.05,-11.08,-12.67,-1.01,4.05,-4.49,16.42,8.28,7.18,-3.04,-3.23,-0.16,6.9,12.45,3.6,-0.7,-4.2,2.31,3.34,8.25,-4.62,2.65,-1.29,1.07,4.91,1.28,-5.39,1.85,0.25,-0.35,7.96,1.9,-6.38,1.07,0.75,-0.26,8.33,2.31,-5.98,1.14,1.65,-0.25,8.56,1.99,-3.68,1.29,1.68,-0.48,9.0,2.93,-2.61,0.95,1.49,-0.18,9.8,3.56,-2.03,0.74,0.78,0.57,9.65,3.91,-3.32,1.0,1.0,1.59,8.95,9.6,-4.03,-3.12,1.22,5.89,3.52,12.55,7.17,-15.92,-7.87,13.63,-3.18,4.37,-2.59,-11.49,-11.39,9.5,-2.54,-15.9,-33.32,11.63,5.48,-11.86,-3.08,-8.37,-22.38,15.76,6.85,-14.22,3.46,6.48,-6.51,16.43,2.6,-11.49,9.98,19.41,2.09,-9.62,-1.83,8.02,2.36,16.17,0.16,-16.16,-4.75,13.08,1.43,-1.66,-17.46,-8.94,1.22,5.47,1.39,-6.57,-15.67,12.15,4.05,-7.42,5.48,2.98,-6.59,20.24,3.33,-9.1,13.93,3.85,7.48,7.2,-0.57,-2.52,7.19,22.36,9.53,-14.97,-7.96,16.86,-4.99,1.95,-18.47,-9.04,-1.92,10.42,-3.04,-12.26,-28.07,7.59,6.0,-6.95,-0.19,-17.07,-7.59,16.97,2.09,-15.09,5.33,3.09,-6.95
10.45,2.17,-9.3,10.2,16.6,2.53,-7.75,-2.8,7.71,7.4,4.81,-2.43,-4.29,-3.08,6.57,6.73,-9.05,-7.19,1.34,-0.61,-0.18,7.98,-9.87,-7.71,2.58,0.88,-2.9,7.65,-1.71,-4.38,1.74,0.84,-1.92,9.09,-1.02,-4.16,-0.37,0.92,-0.3,9.66,-0.38,-3.44,-1.01,0.91,0.85,9.32,-1.77,-3.15,-0.24,0.89,0.22,9.19,-2.74,-2.07,-0.04,0.44,-0.3,9.92,-1.52,-1.17,0.04,-0.9,-0.01,10.07,-1.42,-2.73,0.26,-1.11,0.02,9.62,-2.05,-2.74,1.96,-1.51,-0.58,9.45,-7.1,-1.38,6.56,-3.39,-5.67,5.89,-6.07,-3.68,6.14,-3.56,-7.19,4.98,1.43,-10.79,3.94,0.6,-3.38,4.95,8.74,-17.47,-5.15,6.38,5.28,3.71,5.88,-5.82,-11.24,5.17,10.95,8.17,-12.06,0.44,1.67,1.25,-0.78,6.3,-24.96,8.57,9.03,-4.88,-9.76,7.45,-8.26,0.29,11.05,-5.86,-10.06,4.12,8.69,-11.14,5.55,-2.05,-2.4,5.31,14.68,-15.65,-4.1,2.27,6.88,3.38,9.72,-14.36,-12.38,4.59,11.94,3.24,-0.97,-4.98,-12.37,0.47,13.1,4.32,-27.54,-7.74,10.26,-1.5,-7.67,-0.15,-21.76,-3.17,9.42,-4.68,-11.17,5.97,-0.47,-14.39,8.84,0.65,-7.67,6.77,-0.29,-1.46,3.63,-1.4,-3.03,13.41,6.6,-3.78,-2.77,-0.09,4.12,8.78,-7.84,-3.1
2.89,-1.65,-2.47,7.8,-7.55,-1.06,1.89,-2.63,-3.08,9.74,0.04,-5.26,0.0,-1.78,-0.71,7.73,-1.87,-5.01,0.1,-2.07,-1.74,6.74,-0.99,-5.29,0.4,-2.09,-1.91,7.83,1.68,-7.96,-0.27,-0.11,-0.18,7.48,0.56,-5.47,-0.13,-1.0,-0.44,7.89,-0.52,-3.98,0.16,-2.3,-1.15,7.33,-0.41,-5.95,-0.33,-2.43,-0.92,6.69,1.15,-6.87,-1.09,-2.25,0.44,5.31,2.62,-9.03,-1.19,-0.18,2.66,5.22,6.95,-14.2,-4.95,4.51,8.87,2.5,5.94,-12.88,-8.52,4.5,11.82,1.88,-0.71,-5.77,-10.16,1.38,11.81,4.61,-10.38,-4.53,-2.6,-1.78,2.82,6.46,-16.58,-4.01,4.45,-2.7,-6.33,5.66,-13.35,-8.02,7.39,-2.8,-11.29,-2.11,-5.8,-9.42,7.55,-4.62,-12.56,-3.13,0.46,-10.23,-1.93,-3.61,-3.55,5.07,13.16,-17.78,-9.58,0.03,9.92,-0.35,9.43,-11.47,-11.01,-1.04,13.81,-4.85,7.73,-11.37,-2.79,-0.55,10.59,2.88,-16.12,-13.34,10.44,1.69,-6.47,7.02,-13.21,-7.32,10.7,1.57,-11.81,13.09,1.22,8.4,2.37,-7.43,-3.93,6.86,14.05,-13.6,0.11,0.17,9.31,-7.73,11.46,-10.36,0.91,2.62,13.33,-11.82,1.8,-4.11,1.72,1.27,11.86,0.07,-26.33,-4.05,4.94,0.74,-1.94,7.21,-31.41,1.78,-0.09,-3.41,-8.26,5.02,-17.83,-4.99
-1.84,-1.59,-5.0,6.26,9.23,-10.15,-1.63,0.21,2.32,2.7,4.44,-7.51,-0.88,0.43,3.97,2.16,-4.78,-7.53,0.17,0.3,1.74,2.71,-7.78,-8.22,0.42,0.27,-0.72,3.52,-7.73,-8.45,0.17,0.62,-2.18,4.71,-5.41,-7.87,-0.32,0.59,-1.56,5.67,-4.18,-7.71,-0.84,1.4,-0.61,5.19,-2.87,-8.52,-0.64,2.02,-0.45,5.81,-2.8,-7.96,-0.42,2.43,-0.37,6.04,-2.5,-5.58,-0.34,1.75,-0.08,6.57,-2.91,-7.13,-0.32,2.15,-0.24,6.51,-3.1,-6.49,-0.4,2.35,-0.57,6.56,-2.78,-6.48,-0.69,3.39,-0.55,5.45,-2.79,-8.43,-1.29,8.3,-1.37,-0.31,-6.19,-7.76,-1.56,12.03,-3.25,-6.48,-7.77,-3.95,-1.2,14.23,-5.12,-4.11,-2.84,11.53,3.12,10.87,-8.32,-0.35,1.28,23.41,-2.22,1.31,-8.9,9.2,22.53,33.1,-5.88,-9.1,0.62,3.28,11.96,17.11,-3.1,-10.61,4.18,-5.1,6.0,4.96,1.25,1.56,2.21,-6.05,-18.01,-18.16,7.08,11.31,-3.5,0.4,3.09,4.27,5.13,8.55,-1.82,14.63,11.87,39.54,-1.63,-7.95,1.72,-3.04,0.66,17.43,-5.74,-9.53,1.0,-4.14,-5.57,-11.62,6.88,3.73,-1.86,9.82,8.84,10.08,4.61,-3.15,1.55,5.91,6.47,17.03,-2.03,-6.67,2.73,1.44,-6.96,-5.31,0.05,-1.24,-0.8,6.77,3.22,-4.34
2.47,2.06,-0.56,8.49,4.26,3.02,1.0,0.84,0.11,8.95,4.5,4.59,0.27,-0.17,0.65,8.94,2.57,3.47,0.79,-0.05,0.5,8.8,1.82,2.93,0.75,0.39,0.37,8.39,0.36,3.15,0.28,0.62,-0.34,8.9,1.58,4.23,0.34,0.51,-0.5,9.23,2.61,5.21,0.59,0.18,-0.5,9.04,2.33,6.02,0.37,-0.13,-0.55,10.6,0.11,9.68,-1.58,-1.97,-1.41,11.48,-1.21,16.1,-5.51,-9.57,-2.98,3.68,5.69,14.52,-6.63,-13.04,-2.07,0.66,11.65,8.02,-3.08,-13.32,0.85,-3.96,17.55,-15.82,5.62,-2.44,3.09,-5.25,-8.63,-17.87,5.99,6.01,-4.04,1.04,-13.92,-12.43,8.24,1.79,-11.39,14.02,19.31,1.36,2.33,-3.4,0.32,-1.52,20.07,1.91,-1.84,-5.49,8.86,-7.28,8.59,-19.17,3.47,1.63,3.96,-2.16,-12.66,-21.06,7.83,1.36,-7.95,9.52,-0.37,-0.3,5.76,-1.86,-4.75,8.8,10.54,-8.74,0.93,-0.42,2.67,3.81,10.46,-15.37,-8.33,4.63,12.12,-2.85,7.24,-15.1,-12.94,4.05,16.21,-5.24,-4.16,-1.99,-2.76,-1.04,5.3,4.05,-18.46,-12.31,1.05,0.97,-0.96,6.18,-10.53,-9.03,-0.23,1.19,-0.67,7.03,-5.75,-3.9,0.35,-0.48,-0.86,6.64,-3.8,-5.59,0.93,-0.45,-1.34,6.82,-2.92,-6.5,1.04,-0.06,-1.38,7.18,-1.13,-6.29
1.52,-0.38,-1.35,7.64,-1.92,-5.91,0.53,-0.19,-0.3,8.21,-1.88,-5.1,0.23,-0.28,0.13,7.88,-3.3,-5.38,1.26,0.23,-0.95,7.04,-5.7,-6.79,1.7,0.57,-2.15,7.48,-5.06,-6.82,1.83,0.78,-2.29,7.59,-2.63,-6.43,2.15,0.93,-2.44,7.67,-2.4,-5.49,3.43,-0.27,-3.26,7.36,-1.11,-4.71,3.66,-0.26,-3.66,7.7,-1.53,-8.37,-11.25,4.51,2.35,5.48,-2.48,-6.94,-23.27,4.44,6.35,8.26,-19.89,-3.29,-10.76,4.43,-3.88,12.18,-19.16,6.27,-1.24,-2.41,-7.9,14.87,26.5,1.53,-1.17,-1.55,2.67,5.47,9.9,-0.66,8.91,-1.92,1.25,5.5,7.92,-5.85,24.58,1.96,-5.47,4.3,-11.27,3.98,24.2,-1.34,-14.32,12.33,-4.34,7.32,6.11,-6.46,-7.42,6.57,15.77,-8.07,-6.07,0.26,7.56,2.39,8.88,-9.64,-10.0,0.29,11.03,1.2,7.69,-11.84,-12.94,1.05,13.23,-1.17,0.28,-8.8,3.95,-0.2,-0.75,3.01,-23.54,-3.97,8.9,-2.12,-11.27,5.11,-3.88,-7.39,8.4,-0.6,-11.67,5.62,10.37,-12.94,-4.46,2.11,0.85,8.14,20.61,-2.53,-7.75,-0.58,8.13,5.89,6.35,-3.12,-0.8,-1.87,4.24,5.55,-8.46,-7.51,2.13,-0.52,-2.03,6.2,-2.48,-10.02,1.32,0.98,-2.12,7.3,1.75,-6.73,0.3,0.8,-0.57,8.46,2.05,-4.7
-1.43,1.62,0.09,8.69,1.3,-6.48,-6.29,3.16,1.85,4.82,-0.7,-3.99,-15.09,4.24,4.51,2.48,-5.96,-2.26,-15.09,5.43,1.16,7.17,-10.3,4.15,-5.23,1.79,-6.7,10.08,10.65,13.72,-5.55,-2.38,-0.62,23.19,19.35,12.44,9.42,-6.37,2.53,11.52,12.71,1.03,30.46,-3.6,4.47,-16.84,-14.79,22.56,23.47,-3.74,-6.78,29.44,-27.55,15.05,-4.71,-3.38,-1.45,19.57,15.89,-29.75,-12.02,3.72,7.56,-0.03,-8.61,-7.64,-13.21,2.23,1.96,5.14,1.08,2.75,3.88,-0.49,0.47,14.45,2.4,0.52,10.45,-2.2,-1.97,10.86,-3.59,2.86,-0.18,0.36,-0.63,13.7,1.65,-2.25,-10.26,0.8,3.34,8.6,-9.57,2.9,-12.52,-1.71,-0.93,10.24,3.3,3.57,-11.79,-2.36,2.68,7.36,13.06,-1.66,-3.61,0.43,2.44,7.18,6.54,-8.95,5.27,4.72,0.31,4.94,-0.4,-5.93,-2.48,4.53,0.7,13.6,-11.45,3.67,-1.06,2.13,-2.31,15.86,0.13,6.81,0.79,-1.0,-0.19,14.44,6.33,5.9,1.65,-2.9,1.57,8.44,0.04,0.56,1.04,-2.54,1.14,8.2,-2.37,-3.06,1.02,-1.46,0.7,8.88,-2.92,-4.16,1.5,-0.42,0.32,9.35,-1.82,-3.86,1.76,0.01,0.21,9.48,-1.79,-3.39,2.48,0.12,-0.04,9.62,-1.2,-3.01,1.55,-0.12,0.02,9.24,-2.84,-1.48
-1.94,-0.58,-1.21,8.99,-5.96,-1.94,-7.29,-0.67,-3.9,4.44,-7.73,-0.04,-10.89,1.07,-5.41,2.73,-2.92,2.98,-8.04,1.84,-7.63,0.55,11.5,8.76,-1.4,0.75,-0.18,7.43,28.55,11.59,3.86,-0.52,5.8,7.25,17.11,7.19,17.3,0.27,7.73,10.39,10.44,-3.02,35.05,6.93,2.12,-8.67,-4.41,13.08,33.74,4.49,-12.0,17.53,3.24,39.54,-14.61,-8.28,11.92,2.86,23.94,0.26,-19.24,-5.4,14.08,-4.85,-1.87,-13.1,-21.2,0.13,7.07,-0.93,0.23,-13.95,-7.13,3.5,2.18,10.49,0.9,-6.8,17.57,4.31,-1.58,12.61,11.97,-0.28,17.16,1.92,0.84,5.21,-9.36,18.13,-12.01,-2.43,2.93,10.58,-5.25,1.6,-16.44,-0.23,2.44,6.83,-8.88,-2.3,-9.9,-2.23,0.52,10.01,10.2,4.23,-3.76,-4.06,2.69,7.35,11.96,-2.3,2.14,-1.67,3.14,5.49,-2.69,-7.29,3.84,-0.15,0.85,7.45,-8.37,-7.27,3.68,-0.05,0.21,7.98,-8.93,-6.28,2.86,0.15,-0.6,7.47,-8.48,-5.14,2.75,0.68,-1.92,8.46,-4.83,-3.07,1.57,0.16,-1.06,9.19,-2.44,-2.12,1.43,-0.13,-0.48,8.39,-3.3,-2.7,2.45,-0.31,-0.92,8.93,-3.15,-3.24,3.52,-0.38,-1.17,8.78,-2.35,-2.92,3.73,-0.34,-0.6,8.45,-3.58,-1.78,3.23,-1.17,-0.44,8.67,-3.89,-1.29
1.44,-1.52,-0.56,7.5,-2.91,-1.51,-2.81,-0.42,0.26,9.92,-1.67,-1.36,-5.19,-1.42,1.49,8.34,-7.04,-3.91,-0.31,-2.98,0.88,7.94,-5.71,-7.01,1.43,-0.5,-0.92,8.25,-6.27,-5.82,1.81,-0.52,-0.77,7.64,-4.85,-4.45,-1.14,-0.58,0.06,6.3,-5.32,-6.0,-1.08,-0.61,-0.39,6.23,-5.58,-6.27,-1.68,-0.95,-1.31,5.2,-6.82,-8.29,0.85,-1.23,-1.39,5.15,-4.47,-10.03,2.53,1.4,0.31,3.55,-4.95,-10.81,3.48,2.87,0.18,3.15,-5.43,-5.54,6.58,4.96,0.44,4.09,-10.93,-6.81,8.17,6.14,-0.89,2.7,0.03,-2.94,5.91,2.53,-4.37,3.07,-1.63,2.31,4.19,-3.61,-5.11,6.52,0.26,1.34,7.37,-1.95,-4.5,10.55,3.44,-2.05,3.99,1.17,-2.55,10.09,7.11,1.51,0.82,1.61,-1.3,6.85,-0.63,3.02,10.15,-1.32,-3.43,35.52,21.0,-9.77,13.21,2.77,-0.75,6.44,8.36,-5.27,2.68,-1.65,-2.41,8.73,7.5,-2.82,-0.19,-1.77,-2.78,7.79,1.89,-6.32,1.53,1.21,-1.23,10.75,4.19,-4.49,-1.17,3.76,1.67,11.96,10.76,4.0,-7.84,3.44,6.52,5.63,12.02,5.93,-14.06,-4.24,13.13,3.17,0.26,2.77,-5.75,-4.78,4.92,7.49,-37.0,-17.54,13.18,2.23,-17.13,-4.77,-9.54,-15.98,4.87,2.77,-14.4,-2.94,39.29,-9.55
-13.85,3.03,11.2,1.72,14.18,15.34,-3.05,-4.12,3.8,16.57,-35.36,-8.92,12.22,0.58,-12.11,3.18,-4.05,-7.06,-1.92,-1.33,-2.21,1.33,39.12,3.81,-6.3,-6.54,11.07,-2.55,0.58,-5.18,-0.07,-2.75,3.71,10.99,-25.99,-7.17,2.78,-1.71,-4.69,8.72,-3.17,2.05,-0.09,-4.05,1.37,3.05,11.61,-4.59,0.34,-3.24,4.31,2.34,-1.04,-12.46,1.01,0.01,1.98,7.24,-7.42,-10.25,1.42,2.45,-1.28,7.99,-5.08,-3.58,1.56,2.35,-1.98,7.85,-0.95,-1.2,0.62,2.17,-0.87,9.29,1.98,-1.42,0.25,2.37,1.59,9.15,2.85,-0.94,-1.69,2.74,5.12,7.19,1.39,1.25,-5.02,1.84,8.92,3.58,-5.87,0.26,-4.18,0.49,7.95,0.62,-15.09,-2.9,-1.75,-1.16,3.65,4.46,-20.81,-7.62,0.59,-0.24,-3.43,5.65,-21.52,-7.44,6.31,2.96,-13.25,-0.32,-11.28,-4.38,7.0,1.84,-16.38,2.61,33.14,2.17,-7.95,-1.75,11.82,2.96,21.48,6.1,-2.03,-3.6,14.44,-4.33,-21.33,-5.42,3.92,2.1,-6.75,2.68,-39.15,-10.03,11.83,2.09,-18.48,-8.17,-17.19,-7.08,4.23,-0.99,-12.76,-10.1,39.27,-8.04,-6.74,-2.55,14.55,-4.58,12.26,-8.08,0.11,0.33,10.34,9.79,-32.64,-1.16,1.9,-0.66,-1.45,12.75,-39.13,8.64,2.35,-3.4,-7.37,5.84,7.21,6.11
-2.24,-6.14,1.31,0.76,14.91,-4.18,0.88,-4.51,5.11,-0.75,8.73,-10.79,0.18,-0.23,7.49,3.3,-8.82,-6.23,0.48,1.82,4.85,3.19,-14.63,-2.95,0.46,2.47,1.85,3.73,-13.26,0.04,0.42,2.71,-1.2,3.81,-10.67,1.38,1.02,2.26,-3.07,3.64,-7.45,0.85,0.96,1.82,-4.09,5.73,-5.89,-0.42,1.75,2.15,-5.04,6.31,-6.55,-0.21,3.67,1.71,-7.21,7.21,-4.17,0.21,6.15,1.1,-8.88,6.28,-0.3,-0.78,8.01,1.04,-9.69,6.16,5.28,-3.09,15.0,0.8,-12.74,-0.19,7.24,-4.98,12.44,-1.25,-10.73,0.58,18.85,-17.68,-0.36,5.0,-0.89,5.04,23.91,-13.0,-10.86,5.66,7.72,6.59,11.32,8.27,-25.22,-3.4,14.68,6.58,4.85,2.49,-22.82,-4.92,14.79,10.44,-32.1,-13.64,17.04,1.23,-14.32,-9.35,1.59,-19.21,16.44,9.8,-11.88,-6.58,39.29,-31.29,14.93,12.96,0.03,7.39,11.19,24.96,-17.79,-3.42,10.24,6.69,-21.24,4.13,-20.34,-1.73,1.97,5.63,0.45,5.08,15.17,-1.22,-6.61,3.46,16.63,-22.51,8.46,7.75,-2.13,-0.26,18.2,-1.62,0.81,6.26,3.11,11.94,-15.59,22.63,-11.98,-4.02,0.07,6.73,-1.92,9.75,-8.23,-3.88,-0.09,5.36,3.07,3.7,3.11,-2.19,-1.44,6.98,4.88,-2.54,-3.12,-0.18,1.06,7.65,2.72,-0.43
0.78,1.25,-1.94,9.24,2.87,2.63,1.7,0.87,-1.66,10.25,5.39,1.91,-0.32,1.21,-0.96,9.24,6.21,4.33,-1.92,0.67,0.4,9.37,6.48,4.59,-6.62,-0.36,3.21,10.04,4.13,3.68,-10.45,-0.73,5.24,11.07,-4.25,4.45,-8.26,-0.96,4.02,11.57,-21.44,4.39,15.12,-0.59,-9.92,4.87,-9.6,-1.26,16.57,-1.55,-10.88,3.47,23.46,-24.66,-19.72,7.14,10.69,5.79,-4.33,3.32,-12.61,0.9,7.01,10.61,-14.26,16.38,-4.84,-4.42,-1.16,5.45,-15.21,6.4,6.7,-4.26,-6.15,5.04,-5.32,-6.45,3.03,-1.31,-5.23,5.15,23.98,-6.19,-9.04,-1.24,5.62,7.39,-3.69,22.13,-1.1,-8.04,-0.45,11.43,-19.63,-17.8,6.5,0.49,-7.43,9.69,-16.23,-16.28,7.9,4.37,-11.07,-0.64,32.7,-16.47,-11.79,6.05,9.03,0.48,13.99,24.52,-8.36,-5.38,7.99,7.24,-23.05,1.47,3.5,0.24,-2.8,10.13,-20.02,-15.84,6.95,6.45,-6.79,-0.29,-0.66,-12.26,2.86,12.37,-4.27,-1.1,15.31,24.32,-0.4,0.75,0.97,6.23,-3.26,28.68,0.15,-5.24,-1.2,2.58,0.33,7.1,-0.32,-2.66,-0.01,7.11,1.55,0.73,0.39,-1.03,0.19,8.94,0.51,1.24,-1.53,-0.55,0.9,9.24,-0.09,2.77,-2.07,-0.27,1.15,8.97,-1.54,4.24,-0.41,-0.1,0.59,8.37,-2.21,5.54
-0.06,-2.5,0.89,7.63,1.24,1.82,-1.47,-2.68,1.82,8.07,-0.03,1.54,-3.71,-3.03,2.96,14.49,-0.97,0.19,-0.73,-4.06,3.52,4.03,-15.14,-0.2,3.84,-2.55,-6.73,7.07,-22.95,-6.77,16.11,-1.88,-16.41,-5.49,1.28,-12.91,-4.26,1.72,-1.99,7.3,39.28,-16.64,-18.38,2.08,17.09,1.2,-0.64,5.98,-0.06,-4.44,-0.64,14.33,-39.15,-13.07,11.13,0.43,-14.33,1.22,-15.11,-9.47,11.77,0.15,-13.52,-4.8,8.02,-7.37,-3.5,-3.24,0.04,1.43,34.67,-2.56,-5.43,-6.23,8.0,3.44,3.04,-4.13,0.86,-2.08,-0.64,10.4,-11.25,-17.15,-0.65,3.32,-2.47,2.74,24.49,-8.56,-6.14,-0.36,8.25,2.48,11.37,8.55,-3.9,-4.92,6.32,7.12,-7.31,-7.24,-1.65,-3.45,1.74,8.12,-10.36,-11.7,0.15,-1.19,-2.0,7.12,-4.32,-10.26,1.33,0.93,-2.08,5.96,3.81,-7.02,0.8,0.48,-0.37,6.62,5.14,-5.38,-0.18,-0.21,0.9,7.0,2.69,-6.0,-0.23,1.04,0.95,8.39,1.94,-6.38,-0.29,2.15,1.38,8.27,2.32,-5.49,-1.13,2.61,2.25,8.18,2.9,-4.13,-1.28,2.98,2.11,8.44,2.41,-3.81,-2.22,3.22,2.47,8.84,1.59,-1.55,-4.95,0.74,3.92,8.79,-1.31,-3.11,-3.52,-0.85,3.97,7.73,-5.43,-5.4,-3.99,-1.32,3.84,10.39,-5.28,-1.44
-1.79,-1.2,3.41,8.45,-7.25,-2.43,3.03,0.0,-2.42,10.69,-6.12,-4.72,9.64,-2.05,-8.69,8.94,-1.11,-3.21,4.53,-3.3,-7.48,9.75,8.27,-2.38,-3.81,-2.34,13.2,9.82,5.92,-1.64,-6.58,-3.33,17.72,-1.32,-14.1,-4.0,0.67,-0.03,-5.4,13.1,-13.8,-13.46,2.77,-0.89,-16.12,4.1,-8.55,-4.82,3.99,4.3,-19.07,-0.34,14.75,-4.79,-7.82,2.85,11.32,5.28,6.07,-1.28,-5.25,-4.77,14.94,20.7,-17.28,-10.97,8.52,4.43,-15.53,4.63,-12.07,0.18,12.89,2.99,-18.06,2.97,11.43,-9.73,-7.52,-3.28,14.74,-1.32,4.23,-2.4,-6.21,-5.53,10.72,19.86,-11.77,-15.09,7.33,6.57,-10.24,2.39,-2.68,1.03,7.76,1.76,-8.52,10.0,7.41,-3.27,-2.74,-1.27,4.5,5.15,7.27,-5.59,-3.12,-2.42,7.05,9.25,-3.23,-5.26,0.11,1.31,0.53,8.28,-2.0,-3.89,2.76,1.48,-2.99,8.45,0.23,-2.82,0.16,0.61,-0.7,9.12,1.19,-3.6,-1.48,0.84,1.71,9.49,-1.32,-2.28,-0.84,1.06,1.3,9.58,-1.25,-1.47,-0.48,0.62,0.22,9.05,-1.12,-1.37,-0.77,0.78,-1.21,10.01,-1.47,-1.94,-0.28,2.68,-1.61,8.64,-0.52,-2.22,-1.34,2.68,0.42,9.07,0.18,-0.31,-2.9,1.81,2.37,9.66,-1.68,0.97,-4.57,-0.39,6.83,11.52,-3.71,4.49
-4.92,-3.39,9.55,15.65,-7.13,2.51,2.1,0.51,-7.76,10.99,-6.49,0.98,9.83,3.23,-14.43,8.99,-1.86,3.71,-5.41,-0.68,3.36,7.77,5.64,3.3,-6.53,-7.63,12.52,13.87,-2.06,6.11,4.53,-0.26,-8.46,6.85,-3.14,-4.12,10.09,1.6,-11.83,5.96,0.43,-3.22,2.09,1.11,-4.15,8.21,9.41,-0.92,-6.81,-8.02,14.7,6.47,-5.7,0.11,-4.07,-3.65,3.69,12.28,-10.3,-14.59,10.01,4.01,-14.8,7.02,2.51,-2.56,3.77,2.72,-6.76,10.27,6.83,-2.67,-10.49,-6.95,14.84,7.23,-4.0,-2.28,-5.27,-6.22,5.06,6.38,-4.74,-15.29,5.61,3.45,-11.42,0.51,-3.47,-8.53,9.3,3.65,-13.51,7.65,6.12,-5.56,-7.31,-4.11,11.98,4.16,4.65,-4.63,-5.61,-7.62,13.0,3.78,-3.97,-8.32,-0.49,0.43,-0.92,3.1,-4.95,-10.79,6.53,1.68,-10.92,3.71,-2.72,-6.32,5.14,0.68,-8.6,6.65,3.25,-9.72,-4.0,-0.85,6.29,4.15,1.67,-9.16,-3.79,-1.38,7.8,5.18,-2.76,-7.7,-1.84,0.45,3.41,6.7,-2.49,-8.33,0.4,1.91,-2.73,6.5,-1.33,-8.04,0.68,1.33,-2.77,4.56,-0.01,-6.09,-0.16,1.33,0.13,7.54,1.51,-6.58,-0.83,2.08,2.15,8.92,-1.1,-4.88,-0.96,1.98,2.09,9.11,-1.6,-3.89,-0.67,1.6,0.53,9.84,-0.83,-3.74
-3.31,0.81,5.59,8.98,-1.87,-3.87,-5.0,1.0,10.8,8.78,-3.16,-3.78,-2.55,0.72,6.41,9.46,-4.26,-1.95,3.08,-0.67,-4.97,7.3,-7.79,-3.99,6.86,-2.4,-13.49,9.69,-4.84,-3.09,8.39,-1.57,-13.93,6.63,1.36,-6.74,-4.94,3.4,14.23,10.69,13.4,-0.27,-5.28,-0.81,17.88,0.62,-8.44,-3.29,6.66,-1.34,-15.93,16.02,-7.09,-0.74,9.11,-2.42,-22.75,7.53,-13.68,3.13,-4.96,-0.56,8.29,3.75,19.17,-12.27,-5.42,-0.72,20.65,-2.66,-1.36,-2.3,1.74,1.14,0.29,22.16,-8.39,-4.8,9.07,-1.97,-16.82,6.61,-10.31,4.79,-4.12,-0.69,8.87,7.06,10.48,-12.76,-5.41,0.09,17.85,-2.09,-5.94,-1.67,1.52,0.43,-1.16,15.76,-7.97,-1.24,8.35,-2.12,-16.82,5.47,-7.04,2.92,3.53,-1.67,-8.66,5.2,-0.07,-10.27,-3.07,-0.17,8.07,6.76,1.17,-5.71,-1.92,-0.5,5.62,7.31,-4.79,-3.92,0.2,-0.97,0.56,10.22,-2.4,-5.07,1.58,-1.08,-3.35,7.57,-1.71,-5.94,0.98,-0.61,-2.89,7.08,-0.37,-6.6,-0.37,0.45,-0.65,6.4,0.86,-7.18,-0.39,0.51,0.65,6.59,0.64,-6.49,0.18,0.75,-0.4,7.19,0.32,-6.71,0.49,1.05,-1.03,6.38,0.44,-6.51,0.49,1.54,-1.42,7.21,1.73,-6.31,0.34,2.11,-1.29,7.75,1.7,-5.31
-2.24,2.15,5.32,7.6,-0.39,-1.88,-4.86,1.71,14.7,10.36,-1.65,-2.74,-3.57,2.64,10.7,6.81,-11.04,-2.68,5.51,0.84,-10.16,10.28,-8.76,4.83,10.5,-3.91,-17.25,6.82,-8.52,-4.54,-9.55,2.1,15.55,10.13,7.65,-5.25,-6.63,0.35,19.63,2.14,-8.96,-1.34,1.04,-0.39,0.28,14.41,-13.44,-1.93,6.99,-2.62,-15.68,7.21,-11.9,0.51,-0.53,-2.1,-6.79,3.59,0.16,-5.27,-4.53,0.78,11.55,7.81,-5.36,-3.51,0.73,1.54,3.25,11.92,-12.11,-0.6,4.84,-0.07,-13.26,11.07,-7.57,3.68,4.89,-2.89,-9.68,7.64,-1.21,-4.16,-2.53,-0.12,5.72,11.19,-2.99,0.55,-4.33,-1.5,11.25,7.47,-5.69,-0.35,-0.68,-0.49,-3.18,13.54,-5.11,-3.64,3.83,-0.91,-13.22,9.06,-1.62,1.99,2.02,-2.12,-9.63,5.04,5.28,-8.11,-4.0,-0.91,1.48,4.25,7.13,-5.78,-3.47,-0.63,5.21,7.72,3.6,-4.42,-1.41,-0.59,1.35,9.18,3.72,-4.81,0.62,-0.79,-2.06,6.51,3.53,-5.73,0.75,-0.54,-1.81,6.29,3.2,-6.28,-0.16,0.35,-0.23,6.71,3.15,-5.86,-0.37,0.3,0.4,7.18,3.12,-5.18,-0.03,0.24,-0.04,8.0,3.18,-5.02,0.19,0.6,-0.43,7.78,3.4,-4.79,-0.41,0.72,-0.06,7.77,1.82,-4.6,-7.01,0.18,8.98,7.29,4.85,-1.73
-7.79,-1.41,19.11,10.49,-0.26,-1.51,-4.66,-0.31,10.95,6.92,-5.54,-8.17,4.94,1.39,-12.15,10.55,-11.87,-1.13,9.81,-0.17,-22.11,7.09,-10.79,-1.86,-7.16,0.66,10.3,2.3,17.05,-8.64,-4.29,-1.33,20.18,4.74,-4.85,-0.29,3.71,-0.16,-7.39,17.04,-10.46,-2.82,8.64,-1.4,-17.5,6.91,-7.36,-3.93,-1.59,0.27,0.82,0.06,13.16,-12.66,-4.45,-0.18,15.74,3.42,1.34,-4.91,1.86,0.71,3.4,8.88,1.62,-2.33,3.88,0.1,0.64,7.36,4.22,-2.41,4.09,0.12,5.62,2.57,-5.76,0.32,2.92,0.51,7.03,3.52,-12.4,2.44,1.33,0.11,5.22,1.91,-16.6,3.54,1.78,0.21,-0.09,1.5,-15.86,2.47,2.93,1.56,-2.73,1.46,-14.89,3.12,2.49,2.76,-2.9,2.12,-12.56,3.56,3.77,3.15,-1.85,3.26,-10.14,3.52,-2.26,1.46,-0.76,-0.71,-8.24,1.68,-0.42,-1.78,0.56,5.31,-13.39,5.3,1.45,-1.01,-1.0,3.25,-11.61,2.15,1.76,-1.6,-1.1,6.05,-10.47,5.9,-1.76,-0.46,-1.67,4.39,-11.14,2.86,-1.79,-0.01,-3.33,6.23,-12.21,1.84,-1.45,0.57,-4.56,5.27,-9.75,1.55,-1.96,1.01,-4.24,5.03,-0.23,5.42,-3.61,-1.04,0.59,9.41,5.58,1.69,-5.46,-0.67,5.92,6.48,1.1,3.35,-3.76,-4.08,3.72,3.0,-32.67,-2.18
4.25,-1.85,-12.93,8.87,-31.68,-4.77,13.96,-3.54,-20.18,-9.4,22.56,-20.05,-7.49,2.64,6.04,-2.99,39.24,-14.63,-13.27,3.85,18.52,-5.15,0.14,0.78,-0.35,-3.54,-0.63,18.63,-38.51,-8.9,6.88,0.17,-14.35,0.01,-24.99,-0.46,7.73,-3.27,-14.66,-0.63,33.53,-16.77,-7.15,2.11,10.63,1.37,22.58,-5.3,-6.19,-2.94,11.79,0.09,-12.98,-2.22,1.26,-0.1,-4.84,6.53,-22.92,-1.91,3.6,-1.29,-10.25,4.55,-9.75,-3.96,0.45,-0.01,-4.71,3.69,17.06,-6.03,-1.72,-1.02,5.39,6.89,9.28,-4.99,-0.78,-0.32,5.06,6.66,-3.01,-7.34,-0.07,1.53,1.28,9.34,-8.28,-4.71,0.43,0.94,-1.01,10.12,-3.18,-0.6,-1.35,-0.04,0.79,9.19,1.19,-1.13,-2.35,-0.68,2.86,7.3,-0.61,-3.9,-2.24,-1.01,5.65,5.59,-2.93,-5.18,-1.6,-0.98,6.14,4.55,-7.03,-6.26,-0.06,-0.24,1.01,8.45,-28.48,-10.76,6.0,3.87,-13.88,-2.03,-19.3,-7.0,16.26,3.55,-26.21,-14.68,-3.82,-6.85,-1.38,0.87,-7.18,-11.26,39.07,-5.79,-16.71,-2.24,24.59,-8.05,-1.4,-0.06,-10.94,-6.52,19.56,16.67,-37.55,-20.2,10.41,5.27,-14.65,-2.15,-16.15,-6.01,13.95,1.45,-16.74,0.04,35.13,-9.95,-9.27,-0.04,8.54,-3.18,11.28,1.6,-9.29,-7.56,16.42,2.54,-6.05,-2.6
6.37,1.35,-12.03,3.72,4.45,-3.02,2.09,-0.25,-6.11,5.46,17.27,-4.12,-1.85,-1.25,3.26,5.37,10.22,-4.46,-0.72,-1.42,5.4,7.14,-4.1,-7.26,-0.81,0.38,2.75,9.04,-5.98,-6.07,0.41,1.31,-0.07,8.92,-3.52,-3.54,1.11,0.76,-1.6,8.69,-1.01,-3.95,0.74,0.68,-1.19,8.52,0.0,-4.62,0.67,1.57,-0.35,7.96,0.36,-4.73,0.51,2.5,0.19,8.27,0.31,-3.45,0.5,3.33,0.41,8.29,1.52,-2.63,-4.06,3.87,3.35,5.68,1.8,-0.81,-10.16,2.76,12.55,4.8,-5.51,2.34,-9.52,-2.98,15.54,5.42,-18.82,0.83,-2.25,-1.28,1.09,10.88,-23.77,-7.31,8.24,-0.84,-18.86,-1.29,-11.75,-0.46,10.96,-5.06,-18.54,2.05,20.22,-13.84,-8.29,1.86,10.93,0.12,8.78,-3.02,-7.97,-0.24,18.53,5.53,-20.3,-3.51,6.23,1.25,-11.91,6.89,-19.01,-2.86,12.16,-1.57,-20.74,-0.7,-3.37,-8.73,3.96,0.4,-11.52,-2.29,19.46,-2.8,-6.87,-3.01,11.68,4.21,-0.28,-1.91,-2.79,-3.47,8.49,10.87,-8.54,-6.91,3.38,0.99,-5.29,8.71,-5.04,-6.24,4.73,2.06,-7.32,7.32,0.08,-3.43,0.73,0.8,-2.7,6.66,5.39,-2.57,-1.54,-1.27,2.55,7.22,2.68,-3.77,-1.74,-1.26,3.28,8.96,-0.05,-5.42,-0.52,0.76,0.91,9.72,-0.97,-4.36
0.4,1.4,-1.36,9.56,1.78,-2.38,0.17,1.26,-0.64,8.87,2.29,-2.01,-0.56,0.97,0.34,9.52,2.48,-1.66,-0.4,0.9,0.61,10.0,1.79,-1.16,-0.42,0.89,0.39,10.26,1.38,-0.56,-0.37,0.64,0.1,10.19,1.51,-0.29,-0.06,0.25,-0.07,9.69,1.37,-0.43,-0.11,0.03,-0.18,10.06,1.34,-0.69,-0.18,0.14,-0.31,9.88,1.65,-0.82,-0.09,0.13,-0.06,9.26,2.04,-1.07,-0.94,0.09,0.62,9.23,2.45,-1.41,-2.77,-0.01,2.24,8.73,1.95,-1.06,-6.19,-0.44,6.17,6.87,0.58,-1.39,-8.42,-3.26,14.77,6.62,-3.71,-2.13,-3.8,-4.02,14.33,4.79,-10.67,-3.54,1.68,0.78,-5.77,10.74,-16.11,-4.38,11.05,-1.84,-21.35,-2.03,-10.51,-2.42,9.46,-1.65,-21.28,-5.33,27.23,-2.14,-11.15,-1.02,19.5,4.57,-4.46,-1.59,-4.29,-4.55,12.37,7.45,-15.17,-3.76,6.85,2.9,-12.68,5.65,-9.85,-3.04,6.35,0.45,-13.16,7.06,5.28,-2.95,-4.08,-1.13,2.73,6.38,4.31,-3.42,-3.55,-3.42,9.15,8.09,-6.08,-5.72,-0.76,0.88,1.55,11.71,-8.94,-6.56,3.72,1.23,-5.29,7.78,-3.93,-2.4,2.55,0.08,-4.4,9.37,1.61,-2.32,-0.69,0.02,0.33,9.41,0.69,-2.69,-0.63,-0.37,1.02,9.24,-0.98,-2.96,0.35,-0.09,-0.08,9.78,-1.62,-3.15
-2.94,-0.93,2.22,6.98,3.23,-2.53,-4.7,-3.19,12.9,5.98,-5.14,-7.01,-3.85,-1.0,9.31,9.52,-13.57,-6.15,6.17,3.62,-10.94,1.86,-10.37,-3.92,13.46,1.59,-20.12,7.66,-1.26,-3.7,-3.16,-1.23,-1.1,-2.63,20.15,-3.36,-6.24,-6.65,17.43,8.03,-6.15,-6.04,-1.75,-2.08,6.04,12.84,-20.46,-10.86,9.93,2.94,-17.87,1.27,-6.52,-1.48,6.24,-1.84,-12.52,1.32,17.36,-7.38,-5.15,-4.62,11.43,3.72,-1.93,-8.36,-3.24,-1.64,13.51,7.57,-10.09,-7.89,4.23,3.85,-8.26,8.44,-10.06,-3.33,5.51,1.38,-12.72,5.26,1.83,-0.58,1.49,-2.71,-4.95,5.72,6.75,-7.84,-2.23,-2.91,5.75,6.84,1.39,-8.16,-1.57,-0.62,5.2,7.18,-1.2,-6.99,0.31,0.71,0.76,8.73,-3.51,-5.48,1.01,0.86,-1.91,8.5,-2.16,-5.33,1.05,0.72,-2.64,8.26,-0.35,-5.26,0.2,0.64,-1.53,7.93,0.86,-5.23,-0.25,0.35,-0.08,7.73,0.67,-5.55,-0.18,0.13,0.56,8.36,-0.18,-5.19,-0.11,0.51,0.16,8.84,-0.18,-5.13,0.1,1.15,-0.22,8.3,0.37,-5.02,0.22,1.55,-0.53,8.01,0.96,-4.8,-0.13,2.53,-0.54,8.71,1.67,-5.64,-7.0,3.2,9.34,5.63,-0.73,-3.95,-6.96,0.31,13.8,5.29,-13.75,0.15,0.56,2.38,-2.61,18.75,-16.75,-0.3
12.81,1.04,-18.55,2.51,-6.53,-4.66,12.04,-3.44,-14.76,1.87,14.59,-8.4,-6.09,-1.2,7.55,2.36,10.53,-7.76,-6.66,-2.52,15.13,9.4,-9.73,-3.29,2.87,2.97,-4.12,16.5,-12.58,-1.95,9.65,4.28,-16.94,5.71,-0.96,-1.34,3.08,-0.25,-6.38,1.66,16.11,-4.07,-6.34,-4.31,10.17,4.15,1.5,-3.7,-4.03,-3.43,8.16,15.73,-4.7,-6.28,2.84,2.99,-5.01,10.24,-3.46,-2.9,5.91,2.45,-9.62,6.43,3.49,-0.09,3.17,-0.82,-4.35,5.22,8.79,-4.68,-1.89,-3.38,3.91,6.03,5.27,-5.36,-2.12,-1.72,4.32,7.14,2.68,-5.68,-0.68,0.61,1.29,9.16,0.71,-4.95,0.65,1.59,-1.17,8.83,1.73,-3.78,0.95,1.39,-1.57,7.82,3.05,-3.57,0.27,0.59,-0.66,8.15,3.64,-3.28,-0.24,-0.04,0.22,8.23,3.8,-3.23,-0.31,-0.25,0.39,8.71,3.42,-3.25,0.02,0.03,0.03,8.35,3.39,-3.4,0.06,0.27,-0.15,8.33,3.85,-3.45,-0.12,0.36,0.13,8.44,3.39,-3.08,-0.55,0.43,0.28,8.93,3.51,-2.59,-0.29,0.09,0.18,8.67,3.43,-2.79,0.21,-0.22,-0.13,8.55,3.46,-2.96,0.03,0.02,-0.06,8.45,5.32,-2.81,-3.94,-0.01,3.35,3.12,6.12,-4.31,-9.04,-2.64,15.92,5.4,-2.82,-4.43,-5.95,-1.83,14.08,14.53,-11.15,-5.6
4.64,3.14,-8.36,9.63,-12.26,-2.18,10.25,0.99,-15.74,7.25,-6.54,-2.58,6.36,-0.34,-9.07,2.67,11.18,-5.25,-8.18,-3.91,14.26,4.45,-4.03,-5.89,-4.97,-2.5,9.51,17.42,-12.0,-6.32,7.92,4.02,-12.57,8.17,-7.46,-3.42,10.32,1.44,-14.61,4.41,5.02,1.04,-3.21,-3.38,4.44,6.05,10.06,-6.84,-5.24,-3.82,10.48,7.39,-2.37,-5.88,-1.79,-0.04,3.55,13.07,-3.61,-5.47,2.81,1.98,-4.02,9.57,-3.61,-3.51,4.42,0.58,-7.09,8.55,1.44,-3.06,1.5,-0.35,-2.83,7.14,4.77,-4.51,-0.98,-0.62,1.56,7.13,3.24,-5.57,-1.3,-0.17,2.16,8.52,1.44,-4.74,-0.69,0.64,1.0,9.29,0.37,-3.99,0.12,1.11,-0.34,9.07,1.04,-3.64,0.63,0.84,-0.79,8.75,1.0,-3.59,0.2,0.57,-0.56,9.58,1.39,-2.97,-0.05,0.25,-0.31,9.06,1.9,-2.95,-0.16,-0.26,0.1,9.14,1.83,-3.21,-0.03,-0.21,0.02,9.22,1.88,-3.21,0.02,0.08,-0.23,9.25,2.12,-3.19,0.04,0.31,-0.32,9.17,2.12,-3.12,0.06,0.28,-0.28,9.07,2.18,-3.09,0.14,0.25,-0.22,8.64,2.17,-3.46,0.01,0.18,0.09,8.7,2.23,-3.5,-0.7,0.16,0.32,8.86,2.3,-3.67,-1.21,0.13,0.94,9.15,2.19,-1.58,0.44,0.42,0.26,9.54,1.58,-2.09
-1.26,0.68,1.56,7.57,5.05,-3.81,-6.39,-1.87,13.95,4.88,-2.68,-2.42,-6.15,-2.0,16.5,5.49,-11.03,-5.34,0.67,2.4,-1.49,14.04,-11.16,-6.13,10.31,0.78,-18.56,1.75,-8.75,-2.2,13.46,0.55,-19.24,5.73,10.78,-9.3,-6.38,2.26,1.92,-0.37,15.09,-5.13,-6.8,-3.73,12.45,10.99,-7.68,-1.37,2.19,2.42,-2.16,17.42,-6.54,-0.24,12.23,2.49,-13.21,8.42,-0.66,-3.57,14.91,2.81,-13.91,7.65,3.09,-5.82,3.7,2.9,-5.3,2.58,14.54,-3.58,-12.93,-9.57,15.53,5.34,-0.44,-1.49,-12.07,-7.95,18.85,11.41,3.33,-8.58,0.99,6.08,-1.95,17.38,-8.08,-2.98,19.93,4.83,-19.74,0.92,4.9,-4.44,1.9,2.27,-3.1,3.97,15.98,-2.34,-12.39,-6.48,15.02,9.52,-5.73,-3.1,-10.28,-2.89,10.84,15.49,-4.86,-8.32,3.19,4.26,-4.92,8.42,-4.21,-1.76,8.85,0.87,-10.43,8.49,4.76,-1.51,-0.95,-1.07,-0.45,3.02,12.04,-5.28,-5.0,-3.4,7.75,7.78,1.16,-4.6,-2.88,-0.56,4.04,10.57,-0.46,-4.61,0.7,1.92,-0.53,8.96,-0.01,-3.15,2.08,1.59,-2.49,8.62,1.91,-2.66,0.81,1.2,-1.43,8.69,2.76,-2.28,-1.21,0.53,0.56,8.91,2.57,-2.21,-1.48,0.26,0.89,8.98,2.31,-2.01,-0.9,0.66,0.57,8.75,2.86,-1.76
-1.35,1.21,1.31,9.3,1.08,-1.18,-1.58,0.9,1.5,9.23,1.29,-0.84,-0.77,0.58,1.22,9.42,1.25,-0.15,0.34,0.69,0.25,9.93,-0.28,0.45,0.17,0.99,-0.66,10.24,-0.06,0.8,0.13,1.25,-1.25,10.02,1.57,2.03,0.51,1.23,-1.25,9.49,1.85,2.03,0.18,0.75,-1.04,8.68,2.53,1.77,-6.02,-0.39,2.13,6.34,7.99,-0.4,-15.85,-6.0,15.14,4.85,3.95,3.53,-6.47,-7.75,17.21,8.05,-10.12,-1.08,-1.74,-5.8,4.53,-4.56,-23.32,-5.61,4.22,1.61,-13.45,6.09,-19.18,-8.27,9.95,2.38,-20.54,0.55,-5.66,-2.43,6.17,2.08,-13.14,-4.79,22.57,0.02,-10.01,-3.42,20.93,3.82,-11.17,0.01,-5.88,-3.66,10.78,15.23,-28.01,-5.02,6.6,1.33,-15.13,0.17,-13.3,1.44,6.7,-0.93,-17.19,4.92,-0.28,-7.89,-1.92,0.35,-2.08,2.44,10.48,-2.83,-1.7,-2.18,3.33,11.28,1.89,-1.7,3.1,0.35,-3.19,10.15,-0.56,-2.65,1.28,0.64,-2.74,8.64,5.2,-3.02,-0.19,0.56,-0.1,8.54,5.69,-1.75,-0.18,0.27,0.86,8.63,3.11,-2.02,0.03,0.6,0.96,8.22,2.66,-2.54,-0.58,0.73,1.27,9.53,1.21,-1.41,-0.43,0.56,0.93,10.06,0.87,-0.98,-0.03,0.4,0.12,9.58,1.35,-1.29,-0.07,0.39,0.08,9.2,2.11,-1.48
-1.48,0.51,1.28,8.99,1.27,-0.28,-3.55,0.55,2.81,9.17,0.31,-0.63,-2.94,0.64,4.26,10.76,-1.7,1.12,-0.8,1.45,2.71,11.32,-3.25,1.2,0.81,1.64,0.14,10.97,-3.74,2.01,1.09,1.21,-1.25,9.7,-2.42,1.68,-5.71,-0.36,2.52,7.33,-0.83,-0.13,-9.88,-2.2,9.26,4.47,-3.66,1.32,-7.67,-3.4,15.06,9.76,-12.56,-2.99,-3.36,-1.07,4.5,5.03,-15.34,-2.75,0.98,-1.73,-8.16,2.62,-10.98,-3.69,7.05,0.28,-17.48,8.27,-7.48,-5.97,11.2,5.02,-20.86,1.69,-3.46,-3.26,7.85,5.44,-13.94,-5.56,28.77,-1.07,-12.36,-8.26,21.54,7.9,-11.23,2.39,-7.03,-7.83,10.08,11.74,-20.87,-6.87,3.7,-0.49,-13.3,1.78,-15.0,-8.5,5.98,1.52,-16.83,1.88,1.42,-6.8,-0.34,1.07,-5.62,-6.44,24.51,-2.88,-4.38,-4.91,15.89,3.53,1.0,-5.71,-3.09,-2.82,11.11,12.67,-19.23,-7.91,4.32,2.47,-9.86,8.67,-10.85,-5.59,2.64,1.44,-11.33,8.16,2.07,-4.28,0.33,0.52,-6.21,6.67,9.28,-2.54,0.63,-1.37,0.01,5.97,6.69,-4.46,0.02,0.19,1.42,7.24,2.34,-4.83,0.2,1.06,0.44,8.34,1.6,-4.16,0.5,0.86,-0.68,8.43,2.16,-3.55,0.46,-0.44,-0.68,7.95,2.8,-4.44,-0.11,-0.73,0.19,7.57,2.87,-5.4
