-1.09,0.44,1.52,-5.86,-35.49,5.23,-2.36,0.57,-1.97,-6.39,-29.41,3.82,-2.5,1.48,-3.71,0.1,-7.63,11.85,-1.92,0.14,-3.49,5.28,13.83,6.21,-1.43,0.27,-0.6,7.23,13.12,4.49,-0.61,-0.77,0.59,1.41,1.61,-3.14,-0.23,-0.58,0.74,-1.64,-5.3,-4.97,0.15,-0.13,0.46,-1.28,-8.49,-2.69,-0.03,-0.17,0.39,-0.13,-10.53,-1.54,0.15,-0.28,-0.08,0.57,-9.53,-2.13,-0.13,0.04,-0.22,-3.54,-11.07,1.25,0.26,-0.19,0.54,0.14,-10.72,-1.27,0.5,0.22,0.07,0.95,-9.91,0.0,0.26,0.12,0.27,0.72,-10.52,1.03,0.62,-0.25,0.15,0.87,-9.26,0.79,0.75,-0.28,0.47,1.04,-10.51,0.27,0.89,-0.26,-0.02,0.82,-10.36,0.18,0.75,-0.55,-0.39,0.3,-9.45,-0.19,0.6,-0.24,-0.08,0.74,-9.81,-0.08,0.35,-0.16,0.35,0.39,-9.09,0.91,-0.26,0.05,0.75,0.39,-10.7,1.59,-0.26,0.06,0.31,0.61,-10.61,1.97,-0.19,-0.22,0.09,0.7,-9.99,1.59,-0.18,-0.25,-0.13,0.54,-9.79,0.98,0.16,-0.01,-0.19,0.48,-9.59,0.62,-0.31,-0.21,-0.06,-0.07,-8.43,1.71,-0.06,-0.48,0.02,0.37,-9.72,0.34,-0.04,-0.39,0.03,-1.57,-10.1,-0.38,-0.01,0.21,0.33,0.98,-10.19,-0.64,-0.29,0.63,0.11,0.57,-10.27,0.61
-1.72,-0.19,2.74,-4.53,-29.31,4.14,-1.99,-0.02,0.41,-10.08,-38.73,-1.09,0.0,0.0,0.0,0.0,0.0,0.0,0.0,0.0,0.0,0.0,0.0,0.0,-3.0,1.45,-2.72,7.48,24.8,26.99,-1.88,-1.65,0.13,6.86,12.87,0.64,-1.02,-0.25,1.1,-0.17,1.24,-8.29,-0.63,0.34,1.25,-1.74,-6.14,-4.94,-0.06,0.24,0.78,-1.49,-8.95,-4.45,0.0,0.68,0.54,-0.35,-10.05,-0.03,0.18,-0.2,-0.13,0.08,-9.53,0.5,0.2,-0.24,0.0,-0.17,-8.62,-1.25,0.25,-0.03,-0.03,-0.45,-9.27,-0.95,0.25,0.03,0.02,-0.67,-9.81,-0.75,0.29,0.13,0.09,-0.47,-9.85,0.12,0.17,0.12,0.13,-0.52,-10.7,-0.13,0.08,0.12,0.02,-0.4,-10.37,0.08,0.2,0.02,-0.1,-0.67,-10.13,-0.72,0.21,0.09,-0.07,-0.53,-9.47,-0.43,0.05,0.11,0.08,-0.36,-9.71,-0.5,0.12,0.13,0.05,-0.31,-9.67,-0.26,0.08,0.17,0.08,-0.27,-9.63,-0.3,-0.05,0.21,0.19,-0.31,-10.25,-0.09,0.09,0.08,0.02,-0.2,-10.26,0.06,0.19,-0.02,-0.12,-0.26,-10.1,0.0,0.02,-0.0,-0.03,-0.23,-10.06,0.29,-0.0,-0.09,-0.03,-0.32,-10.35,-0.24,0.19,-0.06,-0.18,-0.46,-9.57,-0.3,0.14,0.07,-0.02,-0.14,-9.64,0.21,0.09,0.03,0.04,-0.13,-9.96,0.45
-0.02,-0.39,3.45,-4.31,-23.36,5.59,-2.36,-0.03,3.31,-6.46,-33.87,4.54,-2.25,0.77,-0.19,-6.27,-32.2,3.53,-3.55,1.17,-3.24,-3.86,-10.13,11.74,-2.87,0.3,-3.05,1.17,8.66,8.03,0.0,0.0,0.0,0.0,0.0,0.0,0.0,0.0,0.0,0.0,0.0,0.0,-1.12,0.39,0.98,-0.25,-0.42,-3.88,0.16,0.19,0.64,-1.04,-3.11,-5.1,0.14,0.3,0.63,-0.56,-7.14,-1.31,0.31,-0.15,0.31,-0.94,-9.59,-2.12,0.29,-0.15,-0.05,-0.86,-10.05,-1.66,0.22,-0.13,-0.13,-0.62,-10.03,-0.69,0.28,-0.17,-0.02,-0.91,-10.29,-1.92,0.13,0.16,0.01,-0.78,-11.19,-0.45,0.28,-0.11,-0.21,-0.98,-10.68,-0.94,0.15,-0.09,-0.2,-0.9,-10.51,-1.83,0.09,0.14,-0.24,-0.78,-9.98,-1.54,0.01,0.05,-0.15,-0.46,-9.74,-0.88,0.04,0.03,-0.09,-0.27,-9.77,-1.34,0.07,0.07,-0.04,-0.34,-10.14,-1.16,0.11,-0.01,-0.1,-0.15,-9.96,-0.91,0.18,0.01,-0.09,-0.42,-10.12,-1.39,0.4,0.02,-0.18,-0.24,-9.96,-0.82,0.33,-0.07,-0.28,-0.47,-10.34,-1.03,0.22,-0.12,-0.36,-0.2,-10.09,-0.96,0.14,-0.01,-0.19,-0.11,-9.4,-1.44,-0.05,0.2,0.04,0.06,-9.58,-0.29,-0.05,0.08,0.09,0.18,-9.66,-0.59,-0.06,0.1,0.11,0.06,-9.83,-0.55
-2.52,0.8,0.46,-3.97,-25.0,6.41,-2.49,0.72,-0.97,-3.38,-19.29,10.41,-2.74,-0.02,-1.55,-1.98,-13.7,9.57,-2.75,0.02,-2.69,-0.42,-3.69,7.11,-2.17,-0.15,-2.75,0.3,5.31,1.88,-1.5,0.18,-0.95,2.52,8.83,-2.08,-0.97,0.86,0.58,2.09,0.33,-0.77,-0.17,0.44,0.4,1.18,-6.35,-0.92,-0.04,0.23,0.32,1.18,-7.62,-1.38,-0.1,0.29,0.27,0.82,-10.02,-0.03,0.2,-0.24,-0.14,1.27,-10.06,-1.02,0.15,0.04,0.03,1.33,-9.03,-1.03,0.22,0.01,0.14,1.23,-9.67,-0.46,0.28,-0.01,0.13,1.0,-10.0,-0.81,0.34,0.15,0.21,1.16,-9.51,-0.23,0.25,0.08,0.38,1.05,-10.02,0.39,0.19,-0.04,0.27,0.99,-10.41,0.05,0.3,-0.07,0.04,0.67,-9.83,-0.51,0.33,-0.06,0.12,0.33,-9.4,-0.37,0.18,0.05,0.33,0.14,-10.78,-0.44,0.2,0.12,0.06,0.42,-10.52,0.01,0.25,0.07,-0.04,0.71,-9.98,0.73,0.13,0.04,0.05,0.79,-10.35,0.26,0.06,0.13,0.01,0.91,-9.96,0.5,0.1,0.02,0.01,0.98,-10.19,0.7,0.19,-0.05,-0.07,0.91,-9.89,0.3,0.04,0.08,0.11,1.04,-9.84,0.59,0.01,0.04,0.17,0.94,-10.35,0.71,0.0,-0.08,0.03,0.83,-9.87,0.58,-0.0,-0.09,0.1,0.7,-9.75,0.56
-2.07,1.11,0.95,-4.05,-30.42,6.48,-2.31,1.93,-1.59,-3.4,-17.11,14.07,-2.83,0.61,-1.55,-0.69,-5.19,15.15,-1.29,-0.41,-1.21,2.91,6.5,1.17,-1.84,0.01,-0.72,3.86,6.78,-0.73,-1.12,0.07,-0.26,2.38,3.42,-0.8,-0.42,0.21,0.4,-0.19,-4.87,-2.49,-0.17,0.43,0.31,-0.49,-5.83,-0.84,-0.12,0.25,0.42,0.09,-8.13,0.54,0.25,-0.08,0.1,-0.03,-9.91,-0.46,0.06,0.11,0.11,0.13,-9.93,0.58,-0.1,0.1,0.17,0.3,-10.84,1.13,0.0,0.02,-0.2,0.79,-10.12,1.15,-0.3,0.06,-0.11,0.76,-9.84,1.3,-0.29,-0.14,-0.04,0.52,-9.57,0.99,-0.02,-0.15,0.12,0.37,-9.25,0.43,-0.11,-0.03,0.3,0.07,-10.19,0.45,-0.05,-0.03,0.18,-0.07,-10.61,0.23,-0.06,0.08,0.07,-0.09,-10.13,0.8,-0.07,-0.04,0.15,0.02,-10.44,0.91,-0.02,-0.08,0.03,0.06,-10.58,0.54,-0.03,-0.05,-0.09,0.02,-9.95,0.63,-0.01,-0.03,-0.03,0.02,-10.03,0.36,-0.03,0.02,-0.07,0.02,-9.52,0.23,-0.12,0.11,0.07,0.13,-9.73,0.72,0.03,-0.05,-0.02,0.28,-9.68,0.59,0.14,-0.06,-0.07,0.05,-9.42,0.16,0.02,0.09,0.09,0.1,-9.66,0.55,0.09,-0.09,0.04,0.03,-9.61,0.56,0.12,-0.11,0.03,0.0,-9.74,0.16
-2.45,0.66,1.34,-3.43,-29.55,7.71,-2.26,0.67,-1.01,-3.1,-25.25,7.9,0.0,0.0,0.0,0.0,0.0,0.0,0.0,0.0,0.0,0.0,0.0,0.0,0.0,0.0,0.0,0.0,0.0,0.0,0.0,0.0,0.0,0.0,0.0,0.0,0.0,0.0,0.0,0.0,0.0,0.0,0.0,0.0,0.0,0.0,0.0,0.0,0.0,0.0,0.0,0.0,0.0,0.0,0.0,0.0,0.0,0.0,0.0,0.0,0.0,0.0,0.0,0.0,0.0,0.0,0.0,0.0,0.0,0.0,0.0,0.0,0.0,0.0,0.0,0.0,0.0,0.0,-0.02,0.22,0.63,0.2,-9.06,-2.6,0.2,0.27,0.38,0.54,-10.08,-2.02,0.0,0.0,0.0,0.0,0.0,0.0,0.0,0.0,0.0,0.0,0.0,0.0,0.0,0.0,0.0,0.0,0.0,0.0,0.0,0.0,0.0,0.0,0.0,0.0,0.11,-0.0,-0.16,1.33,-9.42,-0.63,0.1,0.04,-0.06,1.39,-9.55,-0.63,0.0,0.0,0.0,0.0,0.0,0.0,0.0,0.0,0.0,0.0,0.0,0.0,0.0,0.0,0.0,0.0,0.0,0.0,0.0,0.0,0.0,0.0,0.0,0.0,0.0,0.0,0.0,0.0,0.0,0.0,0.0,0.0,0.0,0.0,0.0,0.0,0.0,0.0,0.0,0.0,0.0,0.0,0.0,0.0,0.0,0.0,0.0,0.0,0.0,0.0,0.0,0.0,0.0,0.0
-1.52,0.83,1.19,-2.87,-24.9,7.78,-2.05,0.42,-0.39,-4.25,-27.21,6.03,-2.99,0.95,-1.75,-4.02,-21.8,6.98,-2.96,1.05,-2.9,-1.07,-6.81,14.73,-2.52,-0.18,-3.54,1.51,2.18,12.75,-1.11,-2.21,-4.21,0.42,14.07,-0.66,-1.39,-0.8,-0.69,0.97,6.83,-6.67,-0.85,-0.07,0.32,1.54,-2.28,-4.43,-0.32,-0.0,0.38,1.64,-7.32,-4.03,0.05,0.34,0.3,2.13,-7.36,-3.74,0.1,0.57,0.6,3.14,-8.19,-0.54,0.17,0.3,0.39,3.85,-8.64,-0.07,0.28,0.25,0.35,3.84,-8.74,0.16,0.19,0.15,0.44,3.52,-9.55,-0.16,0.09,0.15,0.47,2.85,-10.6,-0.41,0.21,0.16,0.17,2.89,-10.24,-0.86,0.14,0.2,0.23,2.83,-9.49,-0.55,0.06,0.12,0.28,3.2,-9.42,0.1,0.17,-0.02,0.19,2.86,-9.71,-0.38,0.01,0.08,0.35,2.55,-9.51,-0.42,-0.08,0.06,0.34,2.3,-10.32,0.08,0.04,-0.07,0.07,2.41,-10.04,-0.31,0.06,-0.06,0.04,2.39,-9.29,-0.13,0.06,-0.06,0.13,2.32,-9.58,-0.72,0.01,-0.04,0.18,2.12,-9.67,-0.65,-0.03,0.02,0.22,2.12,-9.9,-0.4,-0.01,0.01,0.16,2.11,-9.8,-0.15,-0.03,0.01,0.16,2.2,-9.68,-0.03,0.0,-0.08,0.11,1.96,-9.75,-0.36,-0.03,-0.04,0.14,1.86,-9.54,-0.58
-1.87,-0.3,3.68,-7.07,-28.07,6.44,-2.3,-1.29,1.71,-12.57,-34.91,4.07,-2.83,1.97,-3.86,-8.15,-19.5,2.12,-4.5,3.47,-2.68,0.83,13.03,21.15,-2.21,-0.37,-0.42,12.63,15.33,7.27,-0.18,-1.37,0.51,2.89,5.13,-6.41,-0.31,0.27,1.05,-2.31,-6.05,-5.09,0.16,0.01,0.02,-2.7,-8.21,-1.2,0.06,-0.04,0.13,-1.66,-9.35,-1.7,0.07,0.22,-0.04,-1.07,-10.08,0.18,0.16,-0.26,-0.3,-0.67,-10.21,0.71,0.24,-0.28,-0.51,-0.82,-9.6,-0.82,0.07,0.23,-0.21,-0.94,-9.83,-0.55,0.03,0.19,-0.16,-0.7,-10.62,0.48,0.03,0.06,-0.28,-0.51,-10.2,0.45,0.03,0.06,-0.31,-0.5,-10.24,0.0,0.11,0.13,-0.27,-0.22,-9.58,0.78,0.19,-0.1,-0.23,-0.27,-9.81,0.44,0.03,-0.03,-0.11,-0.16,-9.58,-0.11,0.25,0.15,-0.2,-0.13,-9.9,-0.12,0.65,0.27,-0.53,-0.14,-9.82,0.05,0.56,0.25,-0.47,0.16,-9.5,0.46,0.62,0.16,-0.38,0.2,-9.26,0.93,0.59,0.04,-0.22,0.15,-9.34,0.7,0.04,0.05,0.25,0.16,-9.94,0.8,0.01,0.02,0.32,-0.03,-10.48,0.5,0.06,0.11,0.2,-0.1,-10.33,0.75,-0.06,0.13,0.18,-0.03,-10.17,1.13,-0.14,0.06,0.2,0.09,-10.18,1.38,0.07,-0.05,-0.02,0.03,-9.96,1.12
-2.01,0.85,1.48,-1.27,-27.77,9.15,-2.56,0.71,-0.27,-1.66,-24.61,11.56,-3.36,-0.7,-1.95,-0.92,-13.46,10.71,-3.28,-0.82,-1.76,-0.04,-3.12,7.09,-2.14,-1.03,-1.49,0.8,5.68,0.76,-1.88,0.06,-0.18,1.75,6.17,-0.39,-1.07,0.19,0.71,1.14,-0.16,-1.66,-0.79,0.15,0.63,0.4,-2.9,-2.53,-0.53,0.25,0.72,0.75,-5.27,-1.59,-0.12,0.08,0.69,0.57,-6.77,-2.57,-0.09,0.2,0.74,-0.1,-9.36,-2.06,0.14,0.1,0.47,-0.46,-10.39,-2.5,0.25,0.29,0.25,-0.14,-9.9,-1.25,0.26,0.39,0.27,-0.22,-10.39,-0.45,0.33,0.22,-0.05,-0.14,-11.02,-0.29,0.14,0.2,-0.1,0.21,-9.68,-0.01,-0.05,0.13,0.11,0.18,-9.77,-0.19,0.0,0.07,0.13,0.11,-10.14,-0.72,0.05,0.19,0.11,0.21,-10.16,-0.27,0.07,0.05,0.09,0.14,-10.33,-0.15,0.19,0.04,-0.04,-0.03,-10.8,-0.6,0.47,0.02,-0.42,-0.03,-10.5,-0.58,0.39,0.01,-0.43,0.09,-9.7,-0.41,-0.07,-0.02,-0.05,0.2,-9.47,-0.72,0.03,0.15,0.01,0.25,-9.76,-0.63,0.09,0.12,-0.0,0.29,-9.36,-0.25,-0.02,0.1,0.17,0.41,-9.79,-0.04,0.05,0.01,0.09,0.2,-10.15,0.0,0.09,0.02,0.0,0.11,-10.01,-0.17,0.01,0.07,0.04,0.18,-9.89,0.0
-2.38,1.88,4.24,-4.55,-22.22,10.69,-3.23,0.62,-0.5,-12.3,-38.44,11.95,-4.11,1.62,-4.46,-9.16,-29.96,10.27,-3.96,0.69,-3.6,-1.39,10.08,14.13,-1.99,0.0,-0.98,7.09,22.67,2.81,-0.83,0.84,0.82,6.65,15.75,-2.97,-0.7,0.58,1.6,2.05,0.39,-0.13,0.2,-0.09,-0.2,-1.34,-10.23,-1.47,0.04,0.06,0.09,-1.14,-7.55,-1.26,-0.03,-0.14,0.06,-0.38,-9.64,0.21,0.15,-0.27,-0.33,-0.14,-9.23,-0.28,0.05,0.1,-0.02,-0.36,-9.63,-0.87,-0.15,0.26,0.07,-0.44,-10.76,0.0,0.03,0.21,-0.15,-0.1,-10.09,0.65,-0.1,0.14,-0.05,-0.24,-10.55,0.21,0.04,0.25,-0.1,-0.04,-9.6,0.5,-0.1,0.02,0.07,0.18,-9.42,0.77,0.05,-0.06,-0.14,0.39,-9.42,0.62,0.11,0.16,0.1,0.06,-9.66,-0.2,0.02,0.26,-0.03,0.12,-9.82,0.02,0.09,0.03,-0.07,0.19,-9.35,0.27,0.16,0.33,-0.07,0.3,-9.26,-0.15,0.03,0.14,0.11,0.46,-9.41,0.91,0.05,-0.06,-0.09,0.42,-9.8,0.45,0.06,-0.05,-0.03,0.28,-9.57,0.46,-0.05,-0.01,0.2,0.2,-9.25,-0.05,-0.02,0.03,0.08,0.3,-9.44,-0.09,0.41,-0.07,-0.42,0.41,-9.44,-0.05,0.39,-0.32,-0.23,0.95,-7.76,0.45,0.26,-0.03,0.09,0.41,-8.86,-0.22
-0.14,-0.15,2.95,-3.29,-16.85,6.85,-3.12,1.02,1.11,-6.78,-36.15,4.5,-2.54,2.08,-2.25,-5.51,-32.04,10.72,-3.46,0.65,-0.88,0.02,-4.47,15.87,-2.78,0.95,-1.35,4.59,6.12,6.41,-1.79,0.5,-0.08,3.91,13.17,-0.38,-0.41,0.82,1.1,1.5,4.29,-2.57,0.12,0.21,0.83,-0.12,-2.56,-1.15,0.21,0.2,0.28,-1.08,-6.45,-1.1,0.42,-0.19,-0.16,-0.94,-9.44,0.07,0.26,-0.39,-0.45,-0.87,-10.04,-0.12,0.42,-0.26,-0.66,-0.28,-9.24,0.01,0.46,-0.2,-0.22,-0.15,-9.03,0.5,0.4,0.12,0.01,0.08,-9.73,1.17,0.31,-0.04,-0.07,-0.17,-10.65,1.39,0.31,-0.01,-0.17,0.03,-9.98,1.75,0.33,-0.13,-0.19,0.02,-9.57,1.75,0.03,-0.16,0.1,-0.11,-9.93,1.57,0.14,0.01,-0.03,-0.04,-10.59,0.69,0.21,0.04,-0.17,-0.2,-9.8,1.45,0.33,-0.02,-0.08,-0.16,-10.05,1.37,0.14,0.15,0.01,-0.04,-9.4,1.3,-0.53,-0.12,0.28,0.0,-9.66,2.23,-0.16,0.18,0.13,0.02,-9.74,1.34,-0.29,-0.02,-0.03,-0.19,-9.56,1.6,-0.3,0.12,-0.13,-0.24,-9.03,0.89,-0.35,0.59,-0.43,-0.45,-9.31,0.1,-0.64,0.22,-0.2,-0.26,-9.39,0.86,-0.23,-0.05,-0.13,0.04,-9.37,1.19,0.08,-0.37,-0.15,-0.18,-9.71,0.66
-1.59,0.13,2.49,-4.76,-27.1,6.98,-3.02,1.23,-0.46,-8.19,-36.79,4.3,-2.56,3.4,-3.08,-5.96,-20.4,8.88,-3.21,0.93,-2.55,3.19,10.04,23.9,-0.71,-2.67,-1.48,4.54,20.79,-0.38,-1.6,0.83,1.16,1.35,7.4,-9.28,-0.09,0.04,0.12,-0.33,-4.28,-1.4,0.03,0.14,0.55,-0.5,-5.89,-1.88,0.01,0.45,0.34,-0.84,-9.14,-1.04,0.15,0.02,-0.02,-0.49,-9.88,0.35,0.12,-0.01,0.2,0.27,-8.98,0.36,0.02,0.35,0.05,0.46,-9.18,0.59,0.0,-0.01,0.18,0.38,-9.89,0.94,0.09,0.05,0.04,0.28,-9.61,1.22,0.07,-0.01,0.43,0.17,-9.95,0.98,-0.08,0.02,0.21,0.04,-9.93,0.89,0.05,0.0,0.18,-0.2,-10.13,0.93,0.1,-0.12,0.09,-0.23,-10.1,0.25,-0.06,-0.03,0.19,-0.3,-9.7,0.35,-0.1,0.16,0.1,-0.3,-9.78,0.21,-0.06,-0.03,-0.02,-0.2,-9.88,0.62,0.02,-0.01,0.09,-0.11,-9.32,0.33,-0.12,0.16,-0.03,-0.18,-9.51,0.55,0.06,0.03,0.16,-0.13,-9.19,0.42,-0.02,0.09,0.42,-0.36,-9.47,0.29,0.11,0.08,0.18,-0.44,-9.99,0.54,-0.06,0.03,0.27,-0.51,-9.88,0.26,0.09,0.06,0.13,-0.6,-9.78,0.6,-0.1,-0.09,-0.09,-0.38,-9.82,0.63,-0.07,0.06,0.13,-0.36,-9.89,0.52
-2.1,0.46,3.04,-2.77,-22.64,7.23,-2.85,0.43,2.47,-5.63,-32.05,6.36,-2.52,1.3,-0.63,-5.26,-26.1,5.82,-3.67,1.5,-2.84,-3.29,-9.34,10.36,-1.26,-0.58,-2.47,0.79,8.32,9.27,-1.8,1.1,1.24,7.57,12.12,4.3,-0.44,-0.35,0.29,1.05,-2.6,-0.94,-0.29,-0.09,-0.09,-1.88,-5.81,-2.58,0.07,0.09,0.12,-1.49,-6.78,-1.5,0.05,0.18,0.03,-0.81,-9.73,-1.33,0.27,0.04,-0.25,0.02,-9.72,0.16,0.19,-0.06,-0.03,0.41,-8.63,0.22,0.15,0.06,0.32,0.12,-9.34,-0.14,0.15,0.23,-0.08,0.04,-10.78,0.55,0.13,-0.01,-0.07,-0.14,-9.5,0.6,-0.02,-0.06,0.07,-0.17,-9.49,-0.13,0.01,0.01,-0.05,-0.29,-10.14,0.08,0.08,-0.1,-0.18,-0.09,-9.57,0.49,0.1,-0.06,-0.07,-0.09,-9.24,0.16,-0.01,0.07,0.04,-0.06,-9.18,-0.29,-0.14,-0.04,0.05,0.16,-9.94,0.5,0.08,-0.03,-0.2,0.27,-9.69,0.55,0.01,0.07,0.06,0.15,-9.75,0.2,0.04,-0.08,-0.17,0.06,-9.83,-0.11,0.05,0.09,-0.18,-0.03,-9.32,0.07,0.16,0.04,-0.25,0.0,-9.48,0.1,0.07,0.01,0.01,-0.07,-9.59,-0.13,0.15,-0.01,-0.23,0.04,-9.87,0.2,0.18,-0.0,-0.15,0.24,-9.63,0.33,0.02,-0.03,0.15,0.26,-9.4,0.5
-0.55,-0.17,2.62,-1.34,-16.38,6.62,-2.49,0.4,1.97,-4.46,-33.22,6.23,-3.03,1.05,-2.03,-6.77,-38.48,6.18,-3.38,2.11,-3.8,-5.09,-19.75,11.13,-2.67,-0.98,-1.57,1.42,9.36,18.7,-1.88,-0.47,-1.88,4.63,13.22,0.74,-1.47,0.62,0.39,2.2,8.72,-3.87,-0.44,0.16,0.78,1.44,-1.33,-1.52,-0.04,0.19,0.52,0.37,-4.88,-4.08,0.15,0.58,0.89,0.38,-7.1,-1.46,0.5,0.03,0.22,0.8,-8.73,-0.37,0.5,0.05,0.19,0.4,-8.44,-1.62,0.49,0.33,0.61,0.27,-8.97,-0.5,0.22,0.11,0.08,0.33,-10.94,0.6,0.07,0.01,0.02,0.29,-10.13,0.27,0.26,0.12,0.32,0.42,-9.81,0.69,-0.04,0.1,0.03,0.26,-10.84,-0.18,0.19,0.1,-0.17,0.22,-10.19,0.1,0.11,0.03,0.0,0.28,-9.61,-0.12,0.04,0.1,0.06,0.41,-10.06,-0.11,-0.04,0.29,0.18,0.42,-9.66,0.19,-0.15,0.05,0.06,0.53,-9.91,0.41,0.03,-0.06,0.09,0.56,-9.62,0.53,-0.01,-0.1,-0.12,0.26,-9.94,-0.22,-0.13,0.12,-0.1,0.22,-9.82,-0.38,0.09,-0.03,0.2,0.35,-9.41,0.18,0.09,-0.02,0.16,0.27,-9.67,-0.16,0.06,0.12,0.21,0.4,-9.15,0.6,0.1,-0.22,0.14,0.11,-10.37,0.23,0.11,0.02,-0.06,0.2,-9.77,0.2
-0.33,0.31,2.78,-3.43,-18.17,5.64,-2.2,0.7,2.34,-6.18,-29.24,7.41,-3.02,1.66,-2.6,-7.29,-34.53,5.6,-3.48,2.04,-4.13,-6.45,-18.25,10.32,-1.75,0.0,-2.5,0.15,7.31,12.77,-1.82,0.55,-0.3,4.95,16.64,1.25,-0.68,0.62,0.22,3.62,6.64,-1.65,-0.28,0.51,0.63,0.75,-0.86,-2.08,0.23,0.23,0.52,-0.47,-6.12,-1.92,0.1,0.22,0.31,-0.52,-8.96,-0.61,0.22,0.01,0.08,-0.04,-9.8,0.65,0.24,-0.2,0.08,0.08,-10.41,0.61,0.24,-0.22,-0.3,0.11,-9.59,0.45,0.2,0.01,-0.05,0.13,-9.43,-0.15,0.06,0.06,0.23,0.27,-9.63,0.96,0.11,-0.02,-0.08,-0.04,-10.46,0.9,0.17,0.07,-0.07,-0.22,-9.83,0.54,-0.02,0.16,0.04,-0.03,-10.24,0.76,0.09,0.09,0.02,0.17,-10.11,1.01,0.03,-0.14,-0.16,0.21,-10.03,0.95,0.0,0.06,-0.08,0.29,-9.61,0.93,0.05,-0.07,0.0,0.25,-9.55,0.46,-0.13,-0.07,0.09,0.15,-9.8,0.48,0.0,0.11,0.07,0.25,-9.9,0.97,-0.0,0.04,-0.03,0.15,-10.11,0.53,-0.05,0.07,-0.04,0.15,-9.54,0.82,0.07,-0.01,-0.08,0.29,-9.68,0.93,0.05,-0.14,-0.11,0.27,-9.5,0.53,0.03,0.01,0.12,0.28,-9.23,0.54,-0.04,0.09,0.19,0.24,-9.59,0.49
-0.44,0.03,2.77,-1.79,-16.07,5.12,-1.88,0.81,2.57,-3.7,-26.85,6.27,-2.18,0.19,-0.8,-4.81,-29.6,7.0,-3.45,0.96,-2.88,-4.4,-18.04,7.41,-3.11,-0.02,-2.28,-2.16,-3.97,11.65,-2.05,-0.14,-1.86,1.77,7.03,3.88,-1.69,0.64,-0.55,2.87,8.42,1.33,-0.9,0.34,0.42,2.06,4.04,-0.15,-0.1,0.29,0.61,0.35,-2.51,-1.87,0.06,0.27,0.84,-0.72,-5.77,-2.56,0.18,0.46,0.44,-0.35,-8.65,-1.01,0.43,-0.11,-0.14,0.3,-9.63,-0.16,0.29,-0.08,0.17,0.45,-9.06,-0.43,0.12,-0.12,-0.13,0.62,-9.91,-0.53,0.13,-0.09,-0.06,0.6,-9.95,-0.23,0.23,0.02,-0.07,0.64,-9.8,0.0,0.04,0.09,0.2,0.42,-9.76,-0.07,0.22,0.19,-0.11,0.25,-10.79,-0.21,-0.01,-0.02,0.02,0.18,-10.06,0.21,0.09,0.03,0.0,0.26,-9.83,0.04,-0.0,0.08,-0.05,0.29,-9.93,0.0,-0.01,0.06,-0.02,0.34,-9.39,-0.03,0.05,0.01,0.1,0.32,-9.24,-0.42,0.1,0.04,0.23,0.38,-9.19,-0.1,0.16,0.05,0.16,0.25,-9.69,-0.05,0.02,-0.0,0.2,0.22,-9.74,0.32,0.27,-0.06,-0.05,-0.13,-10.1,0.09,0.21,-0.03,-0.29,-0.1,-10.4,-0.17,0.19,-0.15,-0.15,-0.01,-9.4,0.2,-0.13,0.04,0.1,0.16,-9.66,-0.09
-1.43,0.37,1.99,-4.21,-22.64,7.49,-2.33,0.93,-1.14,-5.08,-27.46,6.2,-2.49,1.02,-2.31,-4.74,-18.55,8.14,-2.46,0.55,-1.98,-2.53,-6.2,9.46,-1.73,0.71,-1.58,2.15,4.6,4.3,-1.72,0.93,-0.12,4.75,10.05,1.55,-1.22,0.94,0.6,4.37,2.47,1.24,-0.58,0.26,-0.01,1.82,-3.64,0.64,-0.19,-0.4,0.1,-0.24,-5.67,-0.93,-0.16,-0.01,0.38,-0.86,-8.38,-2.35,-0.01,0.06,-0.21,-0.62,-10.09,-1.35,0.16,-0.3,-0.44,-0.07,-8.66,0.13,0.21,-0.1,-0.25,0.43,-8.55,-0.71,0.41,0.26,0.08,0.44,-9.28,-0.17,0.23,0.08,0.03,0.43,-9.64,1.12,0.05,0.18,0.09,0.4,-9.74,0.54,0.1,-0.0,0.08,0.41,-10.43,1.02,0.25,-0.03,-0.15,0.51,-9.98,0.85,0.02,-0.2,0.05,0.7,-9.3,1.16,0.11,-0.29,0.16,0.89,-8.77,1.05,0.31,-0.2,0.18,0.47,-9.33,0.3,0.21,-0.13,0.29,0.13,-10.18,0.56,0.1,-0.17,0.06,0.04,-10.26,0.55,0.0,-0.07,0.05,0.01,-10.41,0.21,0.12,0.06,0.12,-0.01,-10.17,0.45,-0.1,-0.09,0.01,0.03,-9.94,1.27,-0.0,-0.06,-0.03,0.2,-10.16,0.96,-0.01,0.04,0.05,0.01,-10.09,0.69,0.0,0.06,-0.11,0.13,-9.93,1.1,-0.0,-0.15,0.04,0.09,-9.54,0.84
1.51,1.62,-0.48,0.32,-1.73,12.68,-1.27,-1.56,-0.13,-2.41,1.67,9.49,1.21,-0.2,0.24,2.19,-3.99,6.66,0.68,-0.61,-0.3,-0.6,0.15,10.74,0.08,0.1,-0.04,0.72,-2.0,9.36,-0.32,0.18,0.05,0.65,1.35,10.22,0.07,0.04,-0.02,0.41,-0.63,9.74,-0.16,0.01,-0.02,0.29,0.49,9.69,0.01,-0.07,-0.07,0.37,-0.17,9.79,-0.05,-0.02,-0.04,0.3,0.02,9.82,0.07,0.06,-0.03,0.3,0.19,9.8,0.12,0.03,-0.17,0.31,0.1,9.83,-0.05,-0.11,-0.18,0.28,0.08,9.81,-0.16,-0.05,-0.05,0.29,0.15,9.82,0.02,0.11,-0.21,0.3,0.13,9.86,0.03,-0.05,0.06,0.28,0.1,9.84,-0.1,-0.04,-0.05,0.29,0.12,9.85,0.01,-0.02,0.02,0.29,0.16,9.82,0.04,0.0,0.01,0.29,0.11,9.82,-0.02,-0.05,0.03,0.28,0.11,9.84,-0.09,-0.04,-0.05,0.31,0.12,9.82,0.03,0.12,0.04,0.3,0.15,9.78,-0.08,-0.03,-0.04,0.3,0.14,9.84,0.04,-0.05,0.08,0.29,0.13,9.86,0.04,0.0,0.14,0.3,0.15,9.79,0.01,0.09,0.05,0.3,0.14,9.77,0.03,0.03,-0.12,0.31,0.16,9.87,-0.02,-0.02,0.08,0.24,0.04,9.85,0.07,0.07,-0.09,0.29,0.18,9.82,0.04,0.0,0.08,0.31,0.19,9.8
1.05,0.07,2.21,-0.15,-8.69,3.53,-1.52,0.18,5.18,-7.61,-26.49,8.69,-3.7,-1.27,1.02,-15.2,-38.54,8.1,-2.79,2.72,-4.11,-10.36,-22.17,10.39,-3.36,0.03,-3.39,3.98,12.15,19.69,-2.05,-0.32,-0.69,11.65,23.02,7.76,-0.82,-0.51,0.91,2.39,3.14,-6.63,-0.23,0.8,0.93,-1.9,-4.63,-6.71,0.03,0.46,0.5,-2.22,-7.35,-1.59,0.36,-0.2,0.02,-1.65,-10.04,-0.62,0.25,0.1,-0.04,-1.08,-9.42,-1.58,0.25,0.2,-0.0,-0.22,-8.67,0.16,0.7,-0.27,-0.07,0.0,-8.62,0.69,0.64,-0.08,-0.28,-0.6,-9.82,-1.09,0.24,-0.39,0.07,-1.22,-9.77,0.2,0.34,-0.67,-0.21,-1.79,-11.88,-0.51,1.11,0.36,-0.39,-1.08,-10.6,0.58,0.92,0.22,-0.31,-0.92,-10.33,1.14,0.89,0.15,-0.81,0.93,-8.68,1.76,0.51,-0.57,-0.84,0.66,-7.52,2.0,0.33,-1.29,-0.21,0.9,-6.89,1.52,0.96,0.61,0.1,2.07,-7.72,0.97,0.27,0.78,0.45,1.05,-8.44,2.97,0.05,0.13,0.0,0.74,-9.64,3.6,0.09,-0.29,-0.09,0.66,-10.12,3.61,-0.23,-0.13,0.17,0.3,-9.57,2.45,-0.32,-0.41,0.31,0.23,-9.28,2.27,-0.96,-0.11,0.04,-0.33,-8.84,1.74,-0.31,0.43,0.1,0.03,-10.54,1.15,-0.96,0.26,0.29,0.28,-9.73,2.54
-2.41,1.27,1.76,-3.0,-24.1,8.8,-2.49,-0.52,0.51,-4.9,-27.12,9.86,-2.77,0.39,-1.08,-4.53,-21.0,7.31,-2.36,-0.3,-0.53,-0.93,-2.9,12.15,-2.22,0.76,-1.23,4.96,0.39,4.23,-1.33,-0.2,-0.94,7.34,12.22,6.11,-1.21,0.19,0.44,4.94,6.19,-2.73,-0.18,0.13,0.71,-0.73,-3.69,-4.12,0.08,0.34,0.08,-0.7,-6.37,-1.56,0.23,-0.31,0.03,-0.52,-7.26,-1.12,0.09,0.32,-0.04,0.01,-7.78,-1.22,0.49,-0.26,-0.22,0.54,-8.48,0.63,0.43,-0.16,-0.01,0.1,-9.11,-0.66,0.27,-0.02,-0.13,-0.25,-11.6,0.92,0.13,-0.11,-0.19,-0.22,-10.21,1.09,0.1,-0.11,0.16,0.17,-9.51,1.41,0.2,-0.16,-0.15,0.12,-10.22,1.13,0.18,-0.13,-0.28,0.14,-9.91,1.17,0.03,-0.27,-0.03,0.28,-9.46,1.65,-0.11,0.04,0.26,0.1,-10.43,0.71,-0.0,-0.01,-0.14,-0.03,-10.12,1.14,-0.1,-0.01,0.16,0.04,-9.88,1.21,-0.12,0.0,0.11,0.04,-9.46,0.55,0.01,0.24,0.24,-0.04,-9.34,0.63,-0.09,0.28,0.17,0.18,-9.12,0.92,-0.07,-0.23,0.23,-0.17,-9.78,1.3,0.03,-0.12,0.03,-0.28,-9.92,0.72,-0.1,0.05,-0.04,-0.44,-10.15,0.28,0.02,0.0,-0.22,-0.36,-9.96,0.78,-0.01,0.11,-0.05,-0.13,-9.58,0.67
-1.99,0.18,2.57,-4.23,-26.43,7.82,-2.36,0.64,-0.46,-6.07,-33.96,8.1,-3.28,1.21,-3.27,-5.05,-20.32,13.21,-3.15,-0.49,-1.32,-1.0,2.31,19.0,-1.19,-1.4,-0.27,4.78,11.25,7.37,-1.33,0.75,-0.13,4.78,8.12,-4.42,-0.74,0.65,0.74,1.75,3.01,-1.32,-0.2,0.18,0.81,1.15,-3.36,-0.04,0.01,0.3,0.62,-0.38,-6.86,-0.93,0.09,0.02,0.45,-0.16,-8.65,1.13,0.07,-0.33,0.25,-0.29,-10.03,0.35,0.12,-0.03,0.13,-0.27,-9.46,0.74,0.27,0.07,-0.03,-0.2,-9.8,0.56,0.22,0.16,-0.05,0.06,-9.61,1.8,0.21,0.09,0.13,-0.03,-9.59,1.7,0.05,0.2,-0.13,-0.07,-10.23,1.58,-0.02,0.26,0.16,-0.04,-9.62,1.91,0.03,0.09,-0.11,-0.18,-9.62,2.32,0.01,0.03,0.04,0.03,-10.02,1.83,0.08,-0.04,0.08,-0.15,-9.66,1.45,-0.04,0.12,0.11,-0.09,-9.17,1.61,-0.13,0.06,-0.02,0.14,-9.73,1.68,0.15,0.08,-0.1,-0.13,-10.0,1.26,0.09,0.21,0.12,0.18,-9.72,1.71,0.0,0.18,0.08,0.2,-9.53,2.16,0.05,-0.07,-0.09,0.21,-9.68,2.03,-0.02,0.06,0.02,-0.07,-9.6,1.86,-0.12,0.05,-0.03,-0.1,-9.53,1.7,-0.22,-0.03,0.04,-0.11,-9.37,1.53,-0.24,-0.09,0.1,-0.44,-9.48,1.38
-0.73,0.89,2.2,-3.42,-21.2,8.19,-3.17,1.9,1.02,-3.95,-23.57,8.45,-3.22,0.59,-0.67,-2.99,-17.83,15.24,-2.5,-0.67,-1.26,-2.06,-12.99,13.59,-2.8,0.28,-1.34,-1.19,-5.75,3.76,-2.0,0.6,-2.26,1.94,3.19,2.74,-1.24,0.38,-0.97,3.04,8.15,1.31,-0.82,0.74,-0.21,3.46,4.87,-0.78,-0.23,0.25,0.52,1.99,-1.46,-0.71,-0.1,0.04,0.47,1.19,-5.0,0.43,0.2,-0.49,0.26,0.29,-8.86,0.03,0.2,-0.12,-0.09,-0.12,-9.82,-0.55,0.29,0.05,0.09,0.03,-9.96,-0.35,0.36,-0.09,-0.18,-0.41,-10.35,0.37,0.21,0.19,-0.19,0.1,-9.72,0.22,0.08,0.14,0.19,0.2,-9.54,1.26,0.13,0.03,0.07,0.29,-10.72,2.06,0.07,0.04,0.04,0.3,-9.74,1.04,-0.03,0.09,0.0,0.48,-9.76,1.37,-0.05,0.01,-0.02,0.13,-10.37,0.82,-0.03,0.02,0.0,0.27,-9.45,0.43,-0.01,0.18,0.06,0.2,-9.81,0.47,-0.04,0.15,-0.01,0.33,-9.93,1.39,0.14,-0.0,0.04,0.55,-9.58,1.28,0.04,0.21,-0.08,0.13,-9.47,0.53,-0.03,0.22,0.26,0.2,-9.99,1.0,0.07,-0.18,-0.33,0.23,-10.32,1.14,0.24,-0.0,-0.42,0.32,-9.61,0.71,0.08,-0.13,-0.16,0.45,-8.91,0.85,-0.11,-0.03,0.1,0.66,-9.72,1.15
-2.52,1.65,1.49,-3.82,-28.78,9.3,-2.31,0.86,-1.85,-5.31,-33.09,13.56,-3.35,0.16,-3.46,-4.76,-12.82,13.21,-2.8,-0.61,-2.79,-1.5,0.88,9.05,-2.2,-0.51,-1.55,1.19,9.68,1.82,-1.67,0.3,-0.26,2.52,7.53,-1.8,-0.61,1.27,0.6,1.74,1.82,-2.72,-0.22,1.25,0.85,1.1,-3.07,-0.39,0.19,0.93,0.63,1.31,-6.31,0.6,0.41,0.16,0.31,1.2,-8.34,1.76,0.2,0.01,-0.03,1.12,-8.9,1.28,0.03,-0.25,0.2,1.49,-9.12,1.52,0.22,-0.47,-0.02,0.58,-9.94,1.19,0.14,-0.3,0.31,0.46,-9.78,0.62,0.08,-0.21,0.01,0.26,-10.31,0.75,-0.08,-0.18,0.45,0.19,-9.8,0.9,0.09,-0.13,0.08,0.28,-9.96,1.2,0.15,-0.06,0.02,0.06,-10.08,0.65,0.15,0.02,0.3,0.09,-9.76,1.07,-0.07,0.03,0.06,0.07,-9.8,1.17,0.0,-0.06,-0.06,0.04,-10.2,1.03,0.06,0.09,-0.14,0.13,-9.68,0.65,-0.09,0.11,0.04,0.26,-9.36,0.89,-0.04,0.02,0.12,0.29,-9.68,1.05,-0.07,-0.0,-0.05,0.32,-9.68,1.16,-0.03,0.11,0.02,0.24,-9.93,0.96,0.02,0.01,-0.18,0.29,-9.42,0.8,-0.13,0.01,0.08,0.31,-9.25,0.98,-0.09,-0.06,0.18,0.32,-9.31,0.77,-0.05,0.09,0.1,0.3,-9.01,0.55
-2.45,0.39,0.63,0.29,-22.5,6.56,-2.72,0.33,-0.46,0.34,-21.33,6.27,-2.21,-0.49,0.04,-0.1,-11.32,9.03,-2.25,-0.42,0.85,0.19,-5.95,6.35,-2.22,-0.02,0.07,0.27,-4.91,2.82,-0.82,0.33,-1.08,2.3,2.51,1.08,-1.18,0.59,0.91,2.4,5.52,-0.07,-0.6,0.43,0.57,1.74,-2.15,-0.4,-0.18,0.21,0.28,0.33,-5.79,-0.53,-0.05,-0.16,0.44,-0.39,-7.71,-0.45,0.07,0.07,0.08,-0.71,-9.1,-1.71,0.11,0.19,0.09,-0.36,-8.97,-1.14,0.25,-0.03,-0.12,-0.04,-9.56,-0.38,0.39,0.11,0.05,0.02,-9.04,-0.38,0.12,0.22,0.28,-0.02,-10.1,0.13,0.19,0.05,-0.05,-0.18,-11.11,0.48,0.22,-0.05,-0.04,-0.14,-10.07,0.31,0.07,0.08,0.0,-0.01,-9.77,0.24,-0.04,0.09,0.07,0.06,-10.34,0.41,0.12,0.07,-0.1,0.06,-10.26,0.29,0.03,0.21,-0.09,0.23,-9.81,-0.14,-0.07,0.12,-0.14,0.09,-9.72,0.29,0.11,-0.04,-0.15,0.2,-9.62,0.01,0.03,0.12,0.11,0.24,-9.29,0.04,-0.07,0.01,0.11,0.07,-9.97,-0.06,-0.03,-0.03,0.06,-0.05,-10.11,0.01,0.05,0.13,-0.16,-0.07,-9.91,0.39,0.07,-0.12,-0.05,-0.15,-9.79,0.26,-0.13,-0.15,0.03,-0.19,-9.78,-0.13,0.01,0.08,-0.14,-0.29,-9.55,-0.38
-3.01,-0.1,-2.22,-1.25,-25.11,13.3,-3.46,-1.41,-2.23,0.41,-5.48,13.62,-2.74,-1.54,-1.06,2.61,8.37,6.74,-1.67,-0.79,0.35,1.76,11.18,-3.43,-1.07,0.26,1.24,0.06,2.73,-4.48,-0.08,0.56,1.11,-0.6,-4.42,-1.85,0.08,0.37,0.84,-0.48,-7.61,-0.62,0.09,0.12,0.13,-0.15,-9.53,-0.31,0.25,-0.05,-0.03,0.34,-8.89,0.25,0.1,-0.07,-0.07,0.14,-10.32,0.06,0.07,0.04,-0.25,0.54,-10.05,0.54,0.02,0.15,-0.14,0.41,-9.9,0.29,-0.02,0.12,0.04,0.81,-10.24,0.73,0.18,0.08,-0.13,0.73,-10.1,0.94,0.17,0.03,-0.02,0.52,-9.46,-0.22,0.05,0.05,0.17,0.41,-9.86,-0.02,0.06,-0.05,0.29,0.39,-10.01,0.43,0.08,-0.06,0.24,0.43,-10.34,0.75,0.12,0.06,-0.06,0.32,-9.73,0.38,-0.2,0.03,0.22,0.39,-9.41,0.1,0.2,0.12,0.07,0.35,-10.05,-0.04,0.11,0.0,-0.06,0.45,-9.88,0.38,-0.01,0.11,-0.02,0.33,-10.07,0.31,0.13,0.05,0.0,0.43,-10.06,0.68,-0.09,-0.03,0.15,0.48,-9.95,0.66,0.04,-0.3,-0.12,0.53,-10.16,1.38,-0.06,-0.36,-0.02,0.33,-9.56,0.14,-0.12,-0.07,0.04,0.3,-9.45,0.28,-0.03,0.06,0.08,0.3,-9.62,0.58,0.05,0.02,0.22,0.36,-10.02,0.29
-1.01,0.69,3.91,-3.65,-17.48,7.7,-3.26,1.09,1.7,-5.02,-31.84,9.35,-1.41,0.63,-2.55,-5.78,-24.87,9.99,-4.38,0.68,-2.33,-3.42,-10.11,11.01,-1.95,-0.18,-2.5,0.44,2.26,7.4,-1.44,0.53,0.44,2.49,9.84,-1.08,-1.12,0.61,0.91,1.86,0.99,0.1,-0.55,0.33,0.35,1.31,-2.63,-1.26,-0.26,0.29,0.87,0.28,-4.79,0.63,-0.05,-0.06,0.3,0.19,-7.91,1.08,0.06,-0.2,-0.01,-0.22,-8.47,0.22,0.01,0.1,0.21,-0.5,-9.15,0.42,0.24,-0.25,-0.19,-0.53,-10.29,1.01,0.27,-0.09,-0.34,-0.52,-10.19,0.1,0.13,0.0,-0.04,0.0,-10.3,1.5,0.22,-0.17,-0.4,0.08,-10.57,1.18,0.38,0.17,-0.22,0.1,-8.82,0.78,-0.06,0.07,0.32,-0.01,-9.16,1.14,-0.02,-0.06,0.25,-0.24,-10.19,1.18,0.06,0.02,-0.07,-0.59,-10.83,0.77,0.05,0.2,-0.05,-0.56,-10.23,0.93,-0.02,0.09,-0.02,-0.48,-10.35,1.45,-0.15,-0.0,-0.15,0.04,-9.67,1.71,0.09,-0.13,-0.16,0.24,-9.1,0.84,-0.02,-0.01,0.03,0.11,-9.31,0.97,-0.01,-0.03,0.14,0.08,-9.36,1.21,0.07,-0.03,-0.08,-0.02,-9.88,1.24,-0.02,0.09,-0.07,-0.29,-9.77,0.85,-0.08,0.02,-0.06,-0.31,-9.65,1.01,-0.08,0.1,0.15,-0.32,-9.73,0.96
-1.77,0.68,-0.63,0.74,-5.98,2.49,-1.62,0.24,-0.75,1.48,-3.46,2.79,-1.23,0.17,-0.78,2.34,-1.35,0.51,-0.96,0.39,-0.31,2.62,-0.78,0.12,-0.29,0.01,-0.3,2.08,-2.83,-1.39,0.09,0.22,-0.14,1.74,-4.0,-1.97,-0.09,0.19,0.53,1.03,-6.17,-2.36,0.06,0.39,0.12,1.06,-8.97,-1.06,0.28,0.12,-0.01,1.15,-9.1,-0.83,0.06,0.09,0.04,1.11,-9.32,-1.06,0.26,0.09,0.03,1.35,-9.55,-0.81,-0.03,-0.1,0.25,1.2,-9.38,-0.35,0.06,0.03,-0.03,1.03,-10.45,-0.64,0.13,0.16,0.1,1.23,-9.4,-0.88,0.2,0.14,-0.05,1.37,-9.76,-0.23,0.14,0.06,0.03,1.33,-9.61,-0.55,0.02,0.05,0.16,1.24,-9.97,-0.71,0.13,0.04,0.16,1.13,-9.95,-0.39,0.14,0.07,0.06,1.13,-9.77,-0.52,0.14,0.17,0.02,1.09,-9.64,-0.5,0.01,0.12,0.06,1.28,-9.71,0.02,0.23,0.03,-0.01,1.13,-9.8,-0.22,0.0,-0.07,0.17,1.06,-9.93,-0.12,0.14,0.03,-0.03,0.86,-10.18,-0.2,0.13,-0.07,0.01,0.9,-9.98,0.03,0.01,-0.17,-0.16,0.88,-9.81,-0.48,-0.12,0.02,0.03,0.58,-10.01,-0.3,-0.02,-0.0,0.03,0.97,-9.54,-0.02,0.02,0.03,0.03,0.89,-9.54,-0.38,0.31,-0.02,-0.05,0.9,-9.97,-0.13
-1.56,0.68,-0.95,-1.36,-17.65,5.3,-1.95,0.3,-0.92,-1.08,-11.56,7.15,-2.0,-0.12,-0.52,-0.4,-8.54,6.32,-1.41,0.03,-0.38,0.37,-5.27,2.78,-1.39,0.14,-0.17,1.1,-4.81,2.68,-0.88,0.02,-0.54,1.96,-3.64,2.4,-0.66,0.1,-0.49,2.76,-2.28,0.07,-0.78,0.2,0.08,2.52,-3.02,-0.6,-0.37,0.14,0.22,2.23,-4.53,-0.68,-0.1,0.23,0.27,1.34,-6.47,-1.37,0.0,0.12,0.31,1.13,-7.58,-0.74,0.14,0.07,0.25,0.85,-8.67,-0.48,0.25,0.04,0.13,0.56,-9.21,-0.44,0.15,0.25,0.32,0.57,-9.02,-0.38,0.2,0.08,0.27,0.44,-9.77,0.25,0.18,0.02,-0.06,0.39,-10.11,0.3,0.15,0.0,-0.05,0.36,-10.15,0.22,0.0,0.11,0.27,0.36,-9.86,0.22,0.12,0.3,-0.09,0.39,-10.23,0.28,0.16,-0.02,-0.03,0.74,-10.17,0.96,0.11,0.12,-0.13,0.85,-9.84,0.32,-0.04,0.08,-0.11,0.91,-9.72,0.75,0.12,-0.06,0.04,1.01,-9.86,0.68,0.08,0.14,-0.04,0.77,-9.78,0.55,0.04,0.06,-0.15,0.91,-9.88,0.84,0.03,0.01,0.17,0.64,-9.95,0.68,0.01,0.09,-0.07,0.73,-10.06,0.72,-0.03,0.12,0.01,0.86,-9.54,0.91,-0.07,-0.02,0.05,0.75,-9.69,0.88,-0.15,-0.07,0.22,0.71,-10.03,0.54
-1.65,0.35,2.91,-1.42,-21.56,9.66,-2.44,0.07,1.06,-3.68,-35.7,8.83,-2.33,0.51,-3.8,-3.38,-27.63,5.91,-4.62,0.95,-2.56,-2.98,-5.28,9.39,-2.14,-0.66,-1.93,1.65,9.85,7.61,-1.9,-0.01,0.06,3.05,10.93,0.23,-1.15,0.18,0.56,1.97,2.0,-0.11,-0.42,-0.45,0.48,0.62,-4.47,-0.61,-0.23,-0.15,0.52,0.36,-5.4,-1.97,0.14,-0.08,0.56,0.52,-6.72,-0.54,0.28,-0.27,0.05,0.35,-9.32,-0.45,0.46,-0.06,0.06,0.43,-9.16,-1.09,0.16,0.13,0.22,0.51,-9.5,0.25,0.34,-0.26,0.23,0.59,-10.38,1.37,0.38,-0.05,0.17,0.56,-10.49,0.32,0.12,0.12,0.04,0.39,-10.22,0.72,0.12,0.1,0.14,0.37,-10.36,0.46,0.09,0.16,-0.08,0.53,-10.02,0.64,0.1,0.27,0.06,0.7,-9.71,1.0,-0.02,0.07,0.1,0.72,-9.83,1.14,-0.01,-0.05,0.16,0.71,-9.76,1.26,0.23,-0.01,-0.17,0.57,-9.91,0.85,-0.15,0.16,0.16,0.55,-9.85,0.64,-0.15,-0.05,-0.06,0.55,-9.93,1.05,-0.01,-0.14,0.08,0.6,-9.95,0.63,0.05,0.18,-0.07,0.56,-9.75,0.58,-0.06,0.14,-0.02,0.5,-9.96,0.99,0.05,0.04,0.25,0.62,-9.77,0.9,-0.08,0.27,0.06,0.66,-9.57,0.7,-0.34,0.15,-0.02,0.64,-9.85,0.83
-1.09,0.68,1.59,-3.2,-21.2,8.19,-1.62,-0.08,0.15,-4.3,-25.68,7.02,-2.39,0.69,-1.06,-6.06,-25.15,3.65,-3.48,2.08,-1.45,-4.3,-13.11,5.65,-2.53,1.12,-2.27,1.61,-1.62,14.62,-1.01,-1.06,-2.37,7.75,13.63,10.9,-1.28,-1.5,-0.16,3.63,4.05,0.29,-1.01,-0.7,-0.58,-0.97,-5.59,-5.38,-0.42,0.35,-0.35,-0.92,-4.21,-4.57,-0.27,0.33,0.37,1.33,-6.08,-0.26,0.19,0.13,-0.04,1.55,-8.13,-0.77,-0.02,0.52,0.41,1.54,-8.06,-0.37,0.31,-0.03,-0.04,1.58,-10.24,1.04,0.25,0.0,-0.15,1.33,-9.42,-0.17,-0.0,0.2,0.31,1.1,-8.73,0.91,0.05,-0.12,0.21,0.73,-10.68,0.6,0.13,0.05,0.15,0.5,-10.06,-0.05,-0.02,0.15,0.1,0.62,-10.13,-0.16,0.13,0.21,0.11,0.59,-10.08,0.16,0.14,0.16,0.25,0.9,-10.04,0.8,0.16,-0.03,-0.03,0.94,-10.09,0.85,-0.03,0.05,0.13,0.8,-10.19,0.37,-0.03,-0.06,-0.12,0.69,-10.25,0.67,-0.02,0.06,0.02,0.68,-10.07,0.08,-0.08,0.03,-0.1,0.78,-10.04,0.5,-0.07,0.09,0.1,0.99,-9.63,0.62,-0.05,0.1,-0.17,0.97,-9.6,0.39,0.04,0.08,-0.03,0.81,-9.47,0.13,-0.08,0.18,0.13,0.9,-9.53,0.28,0.04,0.11,-0.04,0.74,-9.84,0.26
-1.11,0.13,2.23,-1.4,-17.28,7.72,-3.05,0.4,2.45,-4.21,-28.35,7.58,-3.44,1.03,-1.81,-6.18,-32.92,2.78,-3.61,2.27,-3.37,-5.47,-17.94,7.1,-1.79,0.13,-2.74,-0.1,4.27,13.76,-1.75,-0.41,-1.5,3.64,11.05,0.24,-1.34,0.61,0.3,3.33,8.45,-0.11,-0.82,0.38,0.53,2.32,-2.25,1.17,-0.13,-0.2,0.05,1.35,-5.3,-0.86,-0.12,-0.02,0.33,0.98,-5.31,-2.02,-0.07,0.14,0.33,1.05,-8.07,-0.75,0.33,0.12,0.15,0.97,-9.0,-1.37,0.48,0.46,0.13,0.98,-8.69,-0.95,0.21,0.41,0.48,1.01,-9.14,0.55,0.26,0.25,0.49,1.03,-10.28,1.24,0.15,0.29,0.24,0.91,-10.58,0.96,0.02,0.26,0.13,0.85,-10.11,0.95,0.15,0.06,0.11,0.75,-9.71,1.36,0.01,0.02,0.18,0.45,-9.78,-0.16,-0.02,0.31,0.28,0.34,-10.4,-0.35,-0.05,0.52,0.2,0.43,-10.5,0.21,0.03,0.19,0.01,0.25,-10.79,0.45,-0.01,0.04,0.05,0.3,-10.33,0.42,-0.04,0.21,0.11,0.3,-9.94,0.82,-0.13,0.06,0.24,0.35,-10.12,0.92,0.08,-0.16,-0.0,0.43,-9.82,0.39,-0.02,0.02,0.07,0.37,-9.71,0.23,0.01,0.02,0.07,0.39,-9.41,0.51,0.05,-0.09,-0.03,0.43,-9.72,0.42,-0.03,-0.02,-0.08,0.36,-9.94,0.24
-3.04,0.06,0.74,-2.29,-27.3,4.0,-3.77,1.15,0.31,-2.23,-23.35,4.47,-3.99,1.0,-0.01,-2.04,-12.9,10.79,-2.53,0.73,-0.41,0.37,-3.64,7.78,-1.74,0.75,-1.53,3.56,4.05,5.08,-1.44,0.89,0.84,6.03,9.94,2.82,-1.05,0.69,1.01,3.08,-1.29,0.53,-0.39,0.29,0.2,0.3,-5.4,-2.14,-0.13,0.21,0.33,0.41,-4.58,-1.29,0.02,0.14,0.41,1.01,-7.09,-1.79,0.17,0.14,0.07,0.34,-8.68,-1.79,0.11,-0.12,0.19,0.26,-9.22,-0.76,0.22,0.13,0.09,-0.34,-9.99,-2.0,0.17,0.23,0.0,-0.45,-10.18,-1.13,0.07,-0.03,0.15,-0.11,-9.94,-0.47,0.02,-0.01,0.06,-0.33,-10.27,-1.44,0.05,0.13,-0.05,0.0,-9.39,-0.97,0.12,0.03,-0.16,0.3,-9.78,-0.76,0.08,-0.05,0.01,0.25,-10.12,-0.57,0.1,-0.3,0.03,-0.02,-9.49,-0.86,-0.0,0.05,0.08,-0.35,-9.78,-1.72,0.04,0.05,0.07,-0.05,-9.52,-1.08,0.02,-0.03,0.0,-0.22,-9.99,-1.3,0.06,0.19,-0.13,-0.13,-9.32,-1.24,-0.02,0.05,0.18,-0.01,-9.06,-0.76,0.04,0.16,0.22,0.02,-9.88,-0.93,0.12,0.06,-0.05,-0.16,-10.24,-0.57,0.09,-0.03,0.02,-0.14,-10.1,-0.36,0.17,-0.02,-0.11,-0.12,-9.74,-1.04,-0.0,-0.03,-0.03,-0.16,-9.45,-0.99
-2.67,0.13,0.77,-2.16,-21.74,8.32,-2.66,0.19,0.48,-3.38,-19.64,7.13,-3.24,0.56,-0.13,-4.16,-14.15,6.3,-1.99,0.81,-1.34,-1.65,-5.78,3.55,-1.97,1.07,-0.95,0.82,2.93,2.98,-1.25,0.95,-0.5,5.82,5.61,4.81,-0.49,0.41,-0.15,4.14,0.23,0.72,-0.38,0.49,0.42,2.14,-2.2,-0.18,-0.18,0.31,0.49,1.65,-4.73,-1.02,-0.03,-0.09,0.56,0.8,-7.67,-0.17,0.03,-0.26,0.28,0.02,-9.97,-1.41,0.22,0.08,0.11,-0.51,-10.8,-1.52,0.31,-0.06,-0.18,-0.35,-10.51,-0.32,0.12,0.18,-0.06,-0.16,-10.07,-0.01,0.15,-0.02,-0.03,0.31,-10.24,0.8,0.13,-0.19,-0.24,0.04,-10.22,0.52,0.05,-0.06,-0.15,0.06,-9.23,-0.04,0.0,0.05,0.27,0.14,-9.55,0.17,-0.06,-0.02,0.26,-0.24,-10.44,0.53,0.06,-0.01,-0.01,0.12,-10.73,0.65,0.17,-0.05,-0.15,-0.1,-10.05,0.11,-0.02,-0.1,0.05,0.12,-9.6,0.47,-0.09,-0.16,0.01,0.01,-9.55,0.53,-0.07,-0.14,0.07,-0.13,-9.7,0.16,0.02,0.09,0.12,-0.09,-9.52,0.09,0.15,-0.09,0.03,-0.21,-9.75,0.41,0.07,-0.26,-0.1,-0.29,-9.64,0.28,0.08,-0.03,0.1,-0.3,-9.62,0.08,-0.07,-0.07,0.15,-0.45,-9.82,0.09,0.0,-0.11,0.06,-0.26,-9.82,0.52
-2.92,-0.29,-0.56,-1.55,-21.25,7.76,-4.12,0.39,-0.42,-1.18,-19.55,7.09,-3.45,0.3,-1.3,-1.67,-14.3,6.46,-3.27,0.78,-1.89,-0.71,-7.65,5.28,-2.26,0.21,-2.41,-0.7,0.99,3.9,-0.98,0.83,-0.84,1.86,10.47,-3.76,-0.23,1.25,1.01,3.47,6.67,-1.55,0.1,0.94,0.9,3.9,-2.45,0.69,0.67,0.18,0.84,3.31,-4.8,1.13,0.34,-0.2,1.14,2.15,-7.71,0.23,0.41,-0.2,0.31,0.98,-11.6,-1.3,0.31,-0.08,0.11,1.06,-11.09,-0.23,0.22,-0.25,0.2,1.58,-10.87,-0.07,0.3,-0.32,0.2,1.5,-9.86,0.19,0.2,-0.04,-0.05,1.07,-10.53,-0.69,0.21,-0.02,0.11,1.22,-9.56,0.14,0.17,-0.16,0.01,0.99,-10.06,0.52,0.17,-0.03,0.22,0.73,-10.06,-0.41,0.17,0.0,-0.07,0.52,-10.3,-0.32,-0.07,-0.06,-0.03,0.9,-10.05,0.25,0.1,-0.05,-0.03,1.03,-9.48,0.21,0.05,-0.05,0.03,0.97,-9.83,-0.09,-0.02,-0.02,0.13,1.17,-9.75,0.31,0.09,-0.16,0.03,1.04,-9.52,0.09,0.0,-0.02,0.09,1.01,-9.66,-0.26,0.01,-0.04,0.07,1.05,-9.52,0.07,0.1,-0.16,0.15,0.99,-9.44,-0.07,0.08,-0.07,0.38,0.74,-9.6,-0.43,0.03,0.11,0.18,0.54,-9.78,-0.09,-0.05,0.03,0.15,0.77,-10.03,0.29
-1.83,0.09,1.52,-3.07,-23.82,6.11,-2.28,0.11,0.02,-3.63,-27.31,5.46,-3.18,1.44,-2.07,-2.66,-20.03,6.88,-3.51,0.96,-0.94,-0.59,-6.67,12.46,-1.41,0.23,-0.43,2.46,-1.29,9.21,-0.59,-0.94,-1.4,2.76,6.35,2.39,-0.81,0.47,0.34,1.62,4.42,-6.18,-0.37,1.05,0.68,1.25,-0.64,-1.34,0.08,0.38,0.41,0.29,-5.9,-1.04,0.06,0.48,0.45,0.3,-6.04,-0.38,0.05,0.56,0.65,0.24,-7.82,-0.18,0.23,0.12,0.02,0.1,-9.98,0.95,0.15,-0.0,0.37,-0.34,-9.89,0.29,0.15,0.16,0.25,-0.61,-10.28,-0.14,0.07,0.19,0.2,-0.54,-10.01,1.28,0.15,0.08,0.01,-0.41,-10.39,1.12,0.12,0.23,-0.15,-0.36,-9.91,0.91,0.2,0.16,-0.13,-0.49,-9.88,0.91,0.28,0.13,-0.1,-0.3,-10.01,1.54,0.03,-0.09,0.04,-0.32,-9.74,1.46,-0.13,0.18,0.07,-0.32,-9.83,0.57,0.05,0.3,0.13,-0.24,-9.57,0.72,-0.26,0.21,0.25,-0.19,-9.59,1.02,-0.07,0.08,0.03,-0.31,-10.01,1.1,-0.12,0.01,-0.03,-0.33,-10.03,1.21,-0.1,0.07,-0.08,-0.36,-10.27,1.0,0.26,-0.15,-0.47,-0.21,-9.7,1.08,0.26,-0.22,-0.42,0.01,-9.54,1.41,0.3,-0.3,-0.6,0.1,-9.73,0.94,0.03,-0.03,-0.18,0.14,-9.42,0.43
-1.65,-0.67,2.59,-1.71,-24.54,7.16,-2.68,-0.28,0.73,-3.86,-33.8,2.56,-3.37,1.58,-1.08,-4.4,-24.88,3.01,-1.7,0.07,0.29,-2.68,-5.77,12.86,-2.83,0.63,-0.4,4.9,1.19,5.51,-1.56,-0.63,0.12,5.18,8.01,5.1,-1.21,-0.39,0.6,2.12,2.93,0.22,-0.63,-0.11,0.33,-0.29,-2.77,-2.02,-0.31,0.15,0.08,-1.89,-6.27,-1.84,-0.23,-0.16,-0.03,-1.51,-7.67,-1.26,-0.08,0.14,-0.26,-1.48,-8.45,-2.91,0.07,0.26,-0.39,-1.37,-9.52,-1.12,0.21,0.04,-0.37,-0.62,-9.44,-0.59,0.11,0.24,-0.18,-0.37,-9.55,-1.41,0.02,0.4,-0.14,-0.51,-9.31,-0.45,0.09,0.08,0.03,-0.19,-9.61,0.18,0.15,0.13,-0.15,0.08,-9.98,-0.71,0.06,0.29,-0.01,-0.24,-9.63,-1.13,-0.03,0.04,0.03,-0.16,-9.91,-0.25,0.07,0.16,0.02,-0.19,-10.17,-1.17,0.04,0.14,0.01,-0.15,-9.79,-0.82,0.09,0.03,0.07,0.08,-9.37,-0.18,0.02,-0.04,0.04,0.1,-9.63,-1.17,0.0,0.16,0.21,0.11,-9.49,-0.87,0.08,0.06,0.0,0.09,-9.51,-0.56,0.16,-0.09,0.03,0.05,-9.64,-0.5,0.01,-0.03,0.1,-0.16,-10.07,-1.18,0.02,0.0,-0.05,-0.29,-10.15,-0.67,0.07,-0.14,-0.08,-0.15,-9.87,-0.27,0.27,0.17,-0.3,-0.11,-10.12,-1.74
1.62,-0.17,1.65,-1.51,-11.44,4.07,0.06,0.17,2.15,-2.92,-18.1,5.94,-1.48,0.56,1.85,-3.35,-24.52,7.6,-2.55,0.78,-0.13,-3.79,-29.2,8.22,-3.82,0.84,-3.38,-4.82,-21.67,10.03,-3.64,0.35,-3.59,-2.46,-5.65,10.84,-2.33,-0.07,-2.45,0.31,5.84,8.28,-2.08,0.15,1.33,2.46,10.73,-3.2,-1.21,1.25,1.54,2.4,1.67,-4.21,-0.05,0.67,0.2,2.24,-4.7,0.78,0.13,0.04,0.6,1.27,-4.97,0.12,0.48,-0.03,0.51,1.21,-6.45,0.24,0.31,-0.29,0.21,0.38,-8.87,0.19,0.31,-0.32,0.27,-0.09,-9.91,-0.55,0.19,0.11,0.37,-0.58,-10.3,-1.13,0.17,0.06,0.29,-0.63,-10.67,0.27,0.12,-0.22,0.06,-0.23,-10.61,0.57,0.28,-0.04,-0.07,-0.37,-9.98,0.38,0.07,0.18,0.1,-0.26,-10.22,0.17,0.24,-0.23,-0.16,-0.14,-10.26,1.03,-0.04,-0.15,0.06,-0.15,-9.78,0.09,-0.1,-0.01,-0.05,-0.31,-9.84,0.01,0.09,-0.04,-0.18,0.02,-9.85,0.81,0.13,-0.25,-0.25,-0.03,-9.95,0.16,0.1,0.05,0.04,0.02,-9.44,0.02,-0.13,0.11,-0.02,-0.13,-9.49,-0.29,-0.39,0.3,0.2,-0.02,-9.89,0.29,-0.27,0.09,-0.07,0.0,-9.82,0.4,-0.16,0.16,0.09,0.07,-9.64,0.3,-0.07,0.15,0.1,0.15,-9.66,0.15
-1.61,-0.32,2.55,-1.68,-18.57,5.74,-1.53,-1.12,1.69,-3.07,-20.71,5.78,-2.12,-0.31,1.26,-3.44,-19.9,2.22,-2.5,1.83,0.33,-3.13,-16.54,3.0,-2.45,2.11,-0.53,-2.16,-11.26,6.42,-2.13,1.8,-1.46,-0.98,-6.91,5.61,-1.59,1.38,-1.14,0.67,3.62,2.66,-0.94,0.77,-0.28,2.07,3.18,1.95,-0.43,0.5,-0.57,2.16,-0.14,-0.41,-0.17,0.31,-0.09,0.69,-4.02,-1.11,-0.21,0.1,0.12,0.26,-5.1,-1.4,-0.11,0.0,0.11,-0.16,-6.12,-2.3,0.22,-0.02,-0.01,-0.28,-7.63,-1.95,0.25,-0.0,-0.04,-0.43,-8.77,-1.74,0.34,0.03,0.05,-0.36,-9.41,-1.77,0.14,0.02,0.12,-0.52,-9.96,-0.94,0.36,0.02,-0.12,-0.73,-10.52,-1.25,0.29,0.21,-0.16,-0.68,-10.07,-1.36,0.08,0.05,0.3,-0.53,-9.93,-0.61,0.25,0.2,-0.02,-0.32,-10.08,-0.61,0.32,0.13,0.04,-0.08,-9.52,-0.24,0.09,0.02,0.4,-0.6,-10.12,-0.46,0.02,0.3,0.13,-0.72,-10.61,-1.06,0.16,0.25,0.11,-0.59,-10.05,-0.18,0.17,-0.11,-0.15,-0.49,-10.01,-0.66,0.11,0.06,0.22,-0.38,-9.4,-0.75,0.16,0.09,-0.11,-0.31,-9.48,-0.54,0.05,0.03,0.01,-0.23,-9.72,-0.16,0.06,-0.04,0.08,-0.26,-9.85,-0.38,-0.07,0.03,0.04,-0.43,-9.71,-0.35
-2.93,-0.52,1.11,-2.4,-20.98,5.75,-2.52,-1.03,-0.01,-2.8,-17.86,5.22,-3.59,-0.42,-0.67,-2.17,-15.52,3.68,-2.0,-0.24,-1.19,-2.68,-5.46,3.34,-0.66,0.74,1.33,-0.06,3.71,0.41,-1.08,2.98,-0.56,6.81,0.2,1.35,-0.28,-0.21,-0.1,5.2,0.48,5.12,-0.58,-0.21,-0.08,2.16,-3.05,0.49,-0.17,-0.43,0.37,0.51,-5.14,-1.13,0.0,-0.24,0.34,-0.6,-6.85,-2.06,0.22,-0.1,0.2,-0.88,-8.28,-2.0,0.2,0.13,0.22,-1.49,-10.41,-2.28,0.26,0.26,-0.12,-0.69,-10.18,-0.27,0.09,0.12,-0.13,-0.49,-9.86,0.19,0.3,0.01,-0.24,-0.25,-9.96,-0.21,0.15,0.19,-0.19,-0.08,-9.35,0.27,0.05,0.0,0.03,-0.22,-10.15,0.42,0.05,-0.18,-0.21,-0.25,-10.59,-0.22,0.15,0.1,-0.11,-0.2,-9.91,-0.17,-0.15,0.06,0.1,0.04,-9.73,0.32,-0.13,0.02,0.12,0.02,-10.08,-0.17,0.07,0.01,-0.15,0.01,-9.79,-0.44,-0.03,-0.01,0.02,0.22,-9.24,0.08,-0.35,0.04,0.23,0.12,-9.68,-0.28,0.14,-0.1,-0.03,0.02,-9.8,-0.52,0.15,-0.15,0.0,-0.21,-9.53,-0.58,0.09,0.02,0.18,-0.2,-9.82,-0.5,0.28,0.34,-0.01,0.05,-9.83,-0.31,0.19,0.19,-0.14,-0.05,-9.76,0.37,0.35,0.16,-0.14,0.14,-9.89,0.14
-0.61,0.51,2.19,-3.7,-15.33,4.25,-1.17,0.76,2.19,-5.87,-23.87,4.53,-2.63,2.32,0.16,-5.47,-29.01,6.1,-1.88,1.57,-2.46,-4.7,-22.51,10.45,-2.28,0.33,-2.24,-1.51,-3.63,9.28,-1.68,0.5,-1.28,2.63,4.6,2.55,-1.23,0.68,-0.44,3.27,7.42,-0.38,-0.64,0.99,0.77,1.99,0.43,-1.14,-0.15,0.63,0.48,0.37,-3.34,0.05,0.03,0.09,0.6,-0.31,-6.04,0.13,0.02,-0.13,0.12,-1.03,-7.92,-0.5,0.18,-0.16,0.0,-1.35,-9.25,-0.48,0.17,-0.1,-0.26,-1.19,-9.6,-0.66,0.2,-0.04,0.16,-1.21,-9.05,-0.19,0.14,0.11,0.05,-0.77,-10.06,1.2,0.21,-0.19,-0.18,-0.56,-10.71,1.4,0.24,0.02,-0.18,-0.63,-10.08,0.33,0.0,0.04,0.09,-0.62,-9.62,0.68,-0.1,-0.09,0.22,-0.47,-10.2,1.24,0.13,-0.2,-0.12,-0.74,-10.48,0.53,0.1,-0.03,-0.23,-0.89,-10.25,0.3,-0.05,0.05,-0.05,-0.67,-10.04,0.46,-0.04,0.08,-0.01,-0.47,-9.56,0.3,0.06,0.19,-0.07,-0.38,-9.86,0.53,-0.09,0.07,-0.22,-0.36,-9.82,1.08,-0.02,-0.07,-0.04,-0.31,-9.66,0.78,-0.21,-0.04,-0.16,-0.28,-9.58,0.69,-0.27,-0.31,-0.01,-0.2,-9.79,0.99,-0.04,-0.35,-0.13,-0.17,-9.69,0.29,-0.04,-0.04,-0.06,-0.23,-9.53,0.3
0.61,-0.81,1.62,-0.98,-9.15,4.6,-0.95,-0.43,2.73,-2.86,-12.98,5.13,-0.46,-0.15,2.76,-3.86,-17.08,4.91,-1.35,0.47,1.56,-4.45,-23.1,5.26,-2.05,0.8,-1.5,-4.93,-23.17,6.96,-2.65,0.85,-2.98,-3.95,-16.07,7.4,-2.83,-0.02,-2.55,-1.46,-4.47,8.21,-1.87,-0.16,-1.86,0.69,1.1,2.62,-1.41,0.31,-0.79,1.97,4.98,-0.82,-0.86,0.12,0.53,2.15,0.82,-1.04,-0.22,0.37,0.13,1.19,-3.42,-1.73,-0.24,0.28,0.33,0.52,-5.58,-1.3,0.2,0.25,0.3,0.31,-6.76,-0.65,0.18,-0.19,0.23,0.1,-9.33,-0.59,0.1,-0.09,-0.03,-0.37,-10.19,-1.3,0.12,-0.13,-0.0,-0.15,-9.22,0.0,0.18,0.0,0.16,-0.24,-10.6,-0.74,0.14,0.01,-0.08,-0.03,-10.18,0.31,0.0,-0.19,0.13,-0.03,-10.29,0.62,0.03,-0.03,-0.06,-0.04,-10.33,-0.04,-0.04,-0.04,-0.01,0.25,-10.07,0.28,0.07,-0.36,-0.19,-0.04,-10.4,0.38,0.13,-0.09,-0.37,-0.03,-9.5,-0.74,-0.15,-0.01,-0.02,-0.18,-9.28,-0.15,-0.1,-0.04,-0.08,0.0,-9.65,0.05,0.01,0.0,-0.11,0.15,-9.27,-0.18,-0.0,0.04,-0.08,0.07,-9.4,-0.04,-0.08,0.11,0.13,0.17,-9.71,0.35,0.03,0.1,0.29,0.02,-10.04,0.13,-0.06,0.02,0.1,-0.06,-10.05,-0.31
0.84,0.18,3.31,-2.31,-14.99,7.14,1.22,0.5,2.67,-4.83,-21.79,7.34,-1.76,0.87,0.04,-5.51,-25.07,6.27,-2.97,1.17,-2.14,-5.14,-20.64,6.86,-2.74,1.01,-2.87,-3.12,-8.67,8.1,-2.63,0.07,-1.82,-0.87,-0.11,8.09,-1.27,0.35,-2.13,1.37,1.65,1.03,-1.09,0.76,-0.67,1.35,4.09,-0.02,-0.42,0.85,-0.24,1.59,-2.36,0.51,-0.01,0.26,-0.44,0.93,-4.82,1.05,-0.54,-0.09,-0.2,0.73,-5.42,0.35,-0.13,-0.17,-0.18,0.73,-7.57,-0.2,-0.06,0.25,-0.19,0.58,-8.11,-0.34,-0.07,0.2,0.12,0.87,-8.95,1.2,-0.03,0.22,0.01,1.01,-10.0,0.73,-0.07,0.16,-0.15,1.28,-9.79,1.14,0.04,0.07,-0.04,1.34,-9.42,1.48,-0.05,0.04,0.24,1.1,-9.71,0.91,-0.03,0.03,0.28,0.94,-10.17,1.01,0.2,-0.1,0.04,0.83,-10.25,1.02,0.16,-0.07,-0.1,0.61,-10.06,0.77,0.03,0.11,0.15,0.45,-9.75,1.05,-0.0,-0.11,0.38,0.6,-10.07,1.23,-0.07,-0.15,0.15,0.65,-10.05,1.1,0.05,0.02,0.23,0.46,-9.94,0.94,-0.05,0.16,0.02,0.41,-10.07,0.82,-0.09,0.15,0.0,0.34,-10.09,1.22,0.11,-0.03,-0.22,0.34,-9.9,0.89,-0.15,-0.01,0.13,0.35,-9.65,0.63,-0.05,-0.1,0.06,0.32,-9.56,0.85
0.38,-0.4,2.95,-2.46,-7.4,5.38,-0.95,0.41,4.91,-5.77,-13.75,7.0,-1.63,0.36,3.33,-7.2,-25.07,7.53,-2.21,0.73,0.27,-8.66,-34.03,5.51,-3.14,1.79,-3.97,-9.53,-27.12,6.67,-3.52,1.88,-4.73,-5.58,-9.34,10.69,-2.83,0.04,-3.13,1.27,8.6,14.07,-1.06,-0.25,-0.94,2.64,12.99,-4.59,-0.83,0.84,0.47,2.34,7.26,-3.44,-0.09,0.58,0.83,1.64,-0.34,-0.6,0.57,0.64,0.97,0.07,-5.14,-2.17,0.39,0.54,0.79,-0.1,-9.72,1.31,0.66,-0.22,0.02,-0.2,-10.96,1.86,0.53,-0.25,-0.07,-0.4,-10.19,0.54,0.33,-0.14,0.0,-0.62,-10.3,0.77,0.35,-0.2,-0.13,-0.28,-10.43,0.92,0.16,-0.11,-0.09,-0.45,-10.42,0.29,0.12,0.31,-0.11,-0.28,-10.64,0.54,0.0,0.1,0.04,0.04,-10.4,2.09,0.04,-0.03,-0.14,-0.17,-10.41,1.48,0.09,-0.03,-0.23,-0.13,-10.17,1.14,0.07,0.17,-0.12,-0.45,-9.82,1.22,0.19,0.12,-0.02,-0.39,-9.81,1.18,0.1,0.19,-0.02,-0.47,-9.77,0.44,-0.1,0.2,0.19,-0.56,-9.82,0.58,0.02,-0.12,0.07,-0.17,-10.02,1.23,0.01,0.15,-0.21,-0.11,-9.66,0.8,-0.11,0.44,-0.17,0.05,-9.74,0.86,-0.01,0.25,-0.05,0.28,-9.44,2.06,-0.01,-0.2,-0.03,0.21,-9.51,1.97
0.28,0.27,2.51,-0.84,-9.44,5.5,-1.15,0.61,2.55,-3.02,-15.46,7.38,-0.9,0.17,1.98,-4.39,-17.08,8.73,-1.78,0.75,1.46,-6.15,-21.9,6.36,-2.91,1.29,-0.81,-6.83,-26.59,7.42,-3.46,1.45,-3.1,-5.91,-22.63,8.84,-4.39,0.85,-3.74,-2.72,-6.49,11.4,-3.34,0.2,-4.32,-0.73,0.6,6.48,-2.08,1.14,-1.46,1.47,15.02,-2.76,-1.49,1.11,-0.03,2.39,4.73,-0.05,0.12,0.32,-0.71,1.49,-0.98,-1.21,0.08,0.6,0.64,0.93,-3.35,-1.84,0.41,0.16,0.36,1.01,-8.46,-1.66,0.49,0.19,0.3,1.2,-9.68,-1.6,0.65,0.05,0.1,1.31,-9.72,-1.37,0.38,0.05,0.08,1.76,-9.8,-0.53,0.41,-0.09,0.0,1.83,-10.19,-0.21,0.54,-0.08,-0.05,1.8,-9.94,-0.3,0.16,-0.13,-0.1,1.74,-10.08,0.06,0.11,-0.2,0.03,1.58,-10.39,-0.17,0.08,-0.07,-0.26,1.14,-10.05,-0.73,0.02,-0.12,-0.1,0.88,-10.25,-1.63,-0.03,0.2,-0.12,1.16,-10.06,-1.71,-0.01,0.32,0.01,1.46,-9.14,-0.35,0.14,0.07,0.08,1.55,-9.66,0.25,-0.03,-0.12,0.13,1.51,-9.57,-0.16,0.05,0.1,0.23,1.32,-9.7,-0.4,0.05,-0.0,0.12,1.26,-9.79,-0.51,0.02,-0.1,0.24,1.13,-9.98,-0.36,0.03,0.01,-0.06,1.1,-9.96,-0.7
1.61,-0.55,0.97,-0.79,-12.07,6.8,-1.34,-0.96,2.83,-3.83,-24.35,8.82,-2.66,-0.4,0.84,-5.26,-36.9,5.72,0.0,0.0,0.0,0.0,0.0,0.0,0.0,0.0,0.0,0.0,0.0,0.0,0.0,0.0,0.0,0.0,0.0,0.0,0.0,0.0,0.0,0.0,0.0,0.0,0.0,0.0,0.0,0.0,0.0,0.0,0.0,0.0,0.0,0.0,0.0,0.0,0.0,0.0,0.0,0.0,0.0,0.0,0.0,0.0,0.0,0.0,0.0,0.0,0.0,0.0,0.0,0.0,0.0,0.0,0.0,0.0,0.0,0.0,0.0,0.0,0.0,0.0,0.0,0.0,0.0,0.0,0.0,0.0,0.0,0.0,0.0,0.0,0.0,0.0,0.0,0.0,0.0,0.0,0.0,0.0,0.0,0.0,0.0,0.0,0.0,0.0,0.0,0.0,0.0,0.0,0.0,0.0,0.0,0.0,0.0,0.0,0.0,0.0,0.0,0.0,0.0,0.0,0.0,0.0,0.0,0.0,0.0,0.0,0.0,0.0,0.0,0.0,0.0,0.0,0.0,0.0,0.0,0.0,0.0,0.0,0.08,0.29,0.41,1.32,-9.5,-1.09,0.24,0.02,-0.17,1.39,-11.04,-0.49,0.32,0.0,-0.37,1.62,-10.65,-0.15,-0.1,-0.13,0.04,1.51,-9.78,-0.42,0.1,0.14,-0.02,1.47,-10.61,-1.17,0.2,-0.01,-0.16,1.63,-10.12,-0.52,0.34,-0.08,-0.1,1.74,-9.1,-0.7
-1.44,0.59,2.38,-4.01,-22.65,8.45,-2.46,0.58,1.14,-7.01,-35.85,8.14,-2.95,1.37,-2.64,-6.72,-28.57,8.23,-3.12,1.24,-3.11,-3.52,-8.78,13.06,-1.95,0.04,-2.59,3.35,10.21,3.42,-1.17,0.74,-0.98,6.2,18.2,0.17,-0.34,0.63,1.61,4.47,8.67,-1.05,-0.0,-0.05,0.84,1.15,-5.36,-0.83,-0.03,-0.07,0.62,-0.49,-6.88,-1.08,0.24,-0.01,0.36,0.04,-9.42,-0.16,0.22,-0.12,0.27,0.08,-9.84,0.47,0.05,-0.15,0.44,-0.27,-10.62,0.13,0.21,0.15,0.12,-0.44,-10.32,0.11,0.03,0.03,0.31,-0.21,-10.32,0.8,0.16,0.0,-0.22,-0.68,-11.25,0.52,-0.01,0.01,0.0,-0.01,-9.06,1.25,-0.03,-0.03,0.17,0.22,-9.55,0.96,0.34,0.14,-0.1,-0.02,-10.44,-0.03,-0.05,0.21,-0.1,-0.35,-9.73,0.65,-0.17,-0.02,-0.14,0.33,-10.15,0.91,0.13,0.15,-0.25,0.41,-10.03,0.58,0.03,0.03,-0.12,0.3,-9.49,1.18,0.15,-0.17,0.03,0.59,-9.45,0.93,0.16,-0.07,-0.04,0.08,-9.95,0.49,-0.17,-0.05,0.23,0.92,-9.3,1.76,0.32,-0.08,-0.33,0.78,-10.63,0.24,0.19,0.04,-0.29,0.33,-9.67,0.7,0.02,-0.32,-0.02,0.5,-9.91,0.94,0.0,0.09,0.08,0.11,-10.02,0.09,-0.07,0.15,-0.07,0.37,-9.74,0.77
0.91,-0.61,1.52,1.53,-8.62,5.38,0.23,-0.06,2.03,0.72,-13.55,5.02,-0.27,-0.06,2.6,-1.96,-21.33,4.87,-2.8,1.12,2.47,-3.84,-29.87,4.72,-2.97,1.22,-0.77,-4.26,-33.65,10.09,-3.36,0.75,-2.53,-2.36,-15.28,15.68,-2.96,-0.23,-0.83,0.44,1.19,14.32,-2.85,-0.14,-1.86,4.38,6.41,6.73,-1.67,-0.15,0.31,4.77,12.74,-0.04,-1.13,0.25,0.7,2.19,2.03,-2.2,-0.5,0.3,0.74,-0.11,-2.16,-2.87,-0.16,0.13,0.92,-0.56,-7.01,-1.3,0.02,-0.02,0.49,-0.88,-9.33,-1.77,0.08,0.27,0.07,-0.67,-9.51,-1.46,0.14,0.12,0.1,-0.27,-9.43,-0.37,0.27,0.15,-0.02,0.04,-9.31,-0.51,0.1,0.26,0.15,0.35,-9.28,-0.16,0.27,0.27,0.25,0.18,-10.04,-0.03,0.34,0.26,0.04,0.23,-10.82,1.27,0.03,0.08,-0.08,0.18,-11.12,0.51,-0.05,0.32,-0.03,0.37,-9.85,0.26,0.02,0.18,0.05,0.36,-9.89,0.82,-0.07,0.13,-0.01,0.39,-9.37,-0.2,-0.03,0.11,0.25,0.45,-9.41,0.27,0.15,0.13,-0.04,0.26,-11.04,0.17,0.16,-0.02,-0.24,0.16,-10.04,0.4,-0.06,-0.03,0.0,0.4,-9.52,0.35,-0.11,0.05,-0.1,0.34,-10.06,0.17,0.14,0.05,-0.35,0.32,-9.36,-0.22,-0.07,0.05,0.03,0.4,-9.01,0.24
-4.34,-2.24,-0.72,-0.39,-9.53,3.57,-0.93,-1.97,0.18,0.36,-10.89,2.22,1.31,1.24,-0.15,0.69,-10.08,-1.18,0.55,1.34,0.06,0.54,-8.81,1.59,0.56,0.53,0.04,0.78,-8.55,2.5,1.37,0.24,-0.66,0.39,-10.67,2.44,-0.55,-0.31,0.27,0.73,-8.82,2.1,-0.18,-0.65,0.0,-0.05,-8.74,2.33,0.76,-0.39,-0.5,1.38,-9.72,1.97,0.53,-0.17,-0.14,0.61,-8.09,1.4,0.27,0.53,0.54,1.24,-7.82,-0.02,0.76,0.35,0.33,1.06,-10.23,2.57,0.33,0.14,0.18,0.11,-10.03,3.48,0.22,0.29,0.25,0.64,-10.04,2.92,0.06,0.19,0.02,0.9,-9.76,3.33,0.19,0.09,-0.23,0.32,-9.54,3.23,0.07,0.02,0.11,0.95,-9.47,2.82,0.29,0.19,0.18,0.8,-9.22,2.62,-0.26,0.16,0.49,0.8,-8.95,2.3,-0.68,-0.69,0.63,-1.37,-6.72,4.28,-0.15,-0.73,0.31,0.71,-10.25,2.45,0.07,-0.2,-0.22,0.2,-10.34,2.16,0.22,0.15,-0.28,0.33,-9.47,1.9,0.04,-0.28,-0.17,0.44,-9.81,3.6,0.44,-0.26,-0.24,0.24,-9.6,2.58,0.09,0.15,0.06,0.42,-8.81,2.15,0.16,-0.12,1.12,0.32,-9.33,3.0,-0.29,-0.16,2.54,-2.65,-13.63,2.91,-1.03,-0.61,3.94,-9.51,-26.8,1.27,-2.45,3.02,-0.31,-15.04,-38.6,-2.49
-2.34,3.59,-5.06,-9.29,-23.74,21.65,-1.81,-0.68,-4.97,5.71,4.57,27.07,-1.09,-1.51,-1.49,7.98,22.65,0.18,-0.97,0.15,0.73,2.66,8.79,-8.11,-0.51,0.53,0.92,-0.27,-1.14,-5.07,-0.16,0.2,0.47,-0.57,-7.98,-2.01,0.02,-0.08,0.26,0.04,-8.87,-1.37,0.04,-0.46,-0.03,0.21,-8.59,-2.64,0.42,0.27,0.22,-0.04,-8.04,-4.3,0.26,0.63,0.42,0.35,-8.57,-0.37,0.3,0.25,0.39,0.39,-9.8,0.33,0.31,0.28,0.34,0.24,-9.95,0.24,0.44,0.19,0.13,0.12,-10.13,0.46,0.39,0.31,0.08,-0.15,-10.25,0.31,0.44,-0.06,-0.0,-0.14,-10.68,0.95,1.27,-0.29,0.07,-0.58,-12.46,0.01,1.51,0.69,-0.28,0.2,-10.34,-0.97,0.34,0.09,0.28,1.15,-7.58,1.86,0.35,-0.03,-0.08,1.15,-9.32,1.78,-0.18,0.3,-0.39,1.47,-9.0,0.89,-0.34,0.37,0.31,0.53,-8.9,2.23,-0.6,0.51,-0.12,1.42,-9.82,0.89,-0.03,0.58,-0.08,-0.01,-9.54,1.69,-0.55,-0.05,0.28,1.0,-10.18,0.63,-0.03,0.24,-0.31,0.55,-10.3,0.91,-0.26,-0.1,-0.22,0.26,-10.15,0.61,-0.42,-0.25,0.1,0.58,-9.17,0.94,-0.22,-0.21,-0.1,0.46,-9.77,0.62,0.12,-0.33,-0.07,0.54,-9.53,0.63,-0.13,-0.35,0.16,0.46,-9.8,0.78
-2.24,-0.33,-1.07,-5.33,-22.71,3.34,-2.15,1.2,-0.76,-4.32,-12.36,4.69,-2.09,1.71,-1.55,2.78,0.22,10.72,-0.49,-1.32,-1.65,8.2,9.64,13.25,-1.2,-0.13,0.28,2.79,3.39,-5.35,-0.82,0.54,0.34,0.8,-4.3,-1.53,-0.23,-0.32,-0.44,0.36,-6.24,0.37,-0.08,-0.09,0.09,-0.61,-7.51,-2.51,-0.23,0.34,-0.23,-0.6,-11.23,-1.73,0.11,-0.06,-0.5,0.96,-8.64,0.12,0.18,-0.06,-0.16,1.72,-7.53,-0.07,0.2,0.29,0.21,1.75,-7.69,-0.1,0.12,0.36,0.42,1.28,-8.57,0.85,0.25,0.3,0.01,0.95,-10.54,1.35,0.2,0.12,0.1,0.83,-10.67,1.71,0.03,0.09,0.07,0.72,-10.75,1.17,-0.04,0.03,0.09,0.77,-10.61,1.27,0.04,0.04,0.04,0.99,-9.82,0.77,-0.12,0.22,0.0,1.05,-9.51,1.08,-0.09,-0.17,0.07,1.11,-9.55,1.13,-0.02,-0.12,-0.0,0.77,-9.52,0.52,0.07,0.05,0.17,0.45,-9.91,0.15,-0.07,0.08,-0.08,0.5,-9.81,0.52,-0.09,0.11,0.05,0.4,-9.6,0.5,0.03,0.15,-0.03,0.49,-9.75,0.86,0.05,-0.06,-0.13,0.75,-9.48,0.93,0.03,-0.08,-0.09,0.69,-9.27,0.81,-0.02,-0.02,0.03,0.54,-9.59,0.75,-0.03,0.04,0.12,0.47,-9.54,0.38,0.03,0.12,0.17,0.43,-9.63,0.39
-1.45,0.76,0.99,-0.72,-19.01,7.65,-2.18,0.59,0.72,-0.71,-22.29,9.45,-2.99,0.36,-0.08,-0.55,-19.15,9.75,-3.89,-0.24,-1.04,-0.99,-13.24,9.43,-3.0,-0.43,-0.95,-1.05,-3.17,2.73,-1.73,0.66,-0.98,0.64,4.4,-0.74,-1.25,1.22,0.03,2.58,7.09,0.2,-0.37,0.75,0.58,3.2,1.5,1.28,-0.2,0.6,0.67,0.87,-5.43,-0.8,-0.04,0.26,0.36,0.22,-6.93,0.12,0.19,0.03,0.24,0.01,-7.97,-0.05,0.39,-0.05,0.12,-0.23,-9.45,-0.66,0.33,-0.08,-0.06,-0.29,-10.13,-0.21,0.29,-0.2,-0.02,-0.11,-10.19,0.66,0.13,0.07,0.15,0.2,-10.07,0.82,0.22,0.18,0.26,-0.04,-10.67,0.63,-0.07,0.01,-0.07,-0.05,-10.42,1.26,0.1,-0.03,-0.07,-0.19,-10.55,0.79,0.01,0.09,0.09,-0.23,-10.11,0.94,-0.01,0.09,0.0,-0.32,-9.51,0.87,0.02,-0.08,0.06,-0.24,-9.3,0.23,0.04,0.09,-0.03,-0.26,-9.14,-0.06,-0.12,0.03,0.08,-0.38,-9.4,0.11,-0.02,0.2,0.16,-0.24,-9.82,0.38,0.13,0.13,0.06,-0.26,-9.74,0.57,-0.02,0.08,0.21,-0.21,-9.67,0.81,-0.06,-0.04,0.1,-0.12,-9.66,0.8,-0.02,0.01,-0.02,0.02,-9.76,0.48,-0.02,0.15,0.18,0.03,-9.66,0.65,-0.04,-0.13,0.12,-0.18,-10.1,0.78
0.9,1.18,1.15,-1.53,-15.55,7.43,-0.91,0.8,1.46,-2.05,-21.4,9.3,-2.77,1.43,-0.27,-2.64,-27.85,9.06,-2.99,1.18,-2.67,-3.24,-24.44,11.67,-4.2,-0.34,-3.12,-3.77,-10.76,11.49,-3.59,-0.56,-2.44,-2.16,-1.25,5.02,-2.45,-0.46,-1.7,0.08,7.18,1.83,-1.34,-0.19,-0.58,2.55,9.3,-0.78,-0.75,0.19,1.11,2.17,2.64,-1.99,-0.33,0.53,0.8,1.75,-4.05,-1.42,0.13,0.1,0.51,1.11,-7.47,-0.3,0.54,-0.0,0.27,0.84,-8.13,-1.05,0.82,0.15,0.12,0.36,-9.96,-1.4,0.6,0.13,-0.15,0.68,-10.41,-1.26,0.08,0.35,0.54,1.53,-9.35,-0.93,-0.3,0.13,0.24,2.09,-9.72,1.15,-0.15,-0.13,0.2,2.1,-9.45,0.98,-0.17,-0.4,0.29,1.27,-10.21,0.05,-0.18,-0.11,0.28,1.12,-10.09,-0.78,-0.13,0.06,0.08,0.7,-10.16,-0.69,0.01,0.14,0.1,0.68,-9.64,-0.71,-0.08,0.16,0.0,0.86,-9.46,-0.09,0.4,0.52,-0.38,1.17,-9.58,0.01,0.57,0.01,-0.25,0.56,-9.44,0.6,0.36,-0.5,-0.29,0.75,-10.11,-0.14,0.0,-0.28,-0.13,0.86,-9.95,0.0,0.04,-0.13,-0.08,0.87,-9.51,0.13,-0.04,0.09,-0.06,0.95,-9.99,0.04,-0.07,0.05,0.2,1.04,-9.88,0.27,0.16,0.11,-0.15,1.24,-9.26,0.75
-0.84,0.92,2.08,-1.72,-20.03,6.07,-1.59,1.1,1.68,-3.54,-23.48,6.8,-2.82,1.64,-0.17,-3.79,-22.65,7.99,-3.03,0.87,-1.4,-3.81,-12.78,9.38,-2.3,0.09,-0.87,-1.43,-5.01,7.22,-1.9,0.83,-1.04,-0.2,-1.95,3.42,-1.32,0.4,-1.35,2.28,2.83,2.47,-0.88,0.7,-0.67,2.47,3.8,-1.52,-0.54,0.91,-0.01,1.93,1.04,-2.21,-0.06,0.42,0.46,1.14,-4.48,-0.61,0.08,0.13,0.2,0.62,-7.02,-0.55,0.2,0.25,0.13,-0.02,-9.24,-1.7,0.12,-0.01,0.06,-0.23,-10.45,-0.6,0.22,-0.2,-0.17,-0.35,-10.29,-0.91,0.1,0.11,0.03,-0.23,-9.78,-1.05,0.0,-0.04,-0.19,0.06,-10.22,0.78,0.22,0.09,-0.13,0.1,-9.75,0.28,0.02,-0.14,0.1,0.03,-9.55,0.36,0.05,-0.03,-0.02,-0.38,-10.56,-1.03,0.01,0.13,0.06,-0.12,-9.37,-0.7,0.12,0.2,-0.06,0.18,-9.21,-0.52,0.19,0.22,0.04,0.12,-9.51,-0.23,0.34,0.07,-0.18,0.34,-9.9,-0.03,0.27,-0.37,-0.24,0.24,-9.83,0.66,0.09,-0.57,-0.4,0.13,-10.51,0.22,0.23,-0.06,-0.4,0.17,-10.18,-0.91,0.07,0.16,-0.18,0.32,-9.31,-0.37,-0.1,0.07,-0.07,0.63,-9.74,0.34,-0.07,0.02,-0.11,0.53,-9.68,0.21,0.02,0.09,-0.15,0.66,-9.49,-0.11
-1.57,0.34,1.98,-1.11,-21.15,5.31,-2.82,1.08,0.39,-2.14,-27.81,5.08,-3.18,0.52,-0.55,-2.01,-18.76,9.34,-2.98,0.44,0.68,-1.36,-8.04,8.48,-1.54,0.45,1.07,-0.72,-4.68,5.71,-2.19,0.58,-1.11,0.73,-6.48,3.08,-1.44,0.63,-1.47,1.09,-0.84,2.13,-1.05,0.41,-0.51,1.85,2.88,1.49,-0.52,0.58,-0.31,1.35,-2.14,-1.84,-0.12,0.21,0.14,1.23,-2.49,-0.62,-0.02,-0.01,0.31,1.43,-4.19,-1.19,0.13,0.19,0.55,0.31,-7.04,-2.24,0.33,0.16,0.54,-0.29,-8.4,-0.72,0.05,-0.23,0.19,-1.26,-11.5,-0.55,0.59,-0.34,-0.6,-1.17,-10.83,-1.24,0.17,0.07,-0.41,-0.3,-9.65,-0.73,0.07,0.15,-0.01,0.25,-9.39,0.01,0.35,-0.04,-0.18,0.65,-9.39,-0.23,0.05,0.07,0.1,0.43,-9.37,-0.23,0.06,0.14,0.13,0.13,-10.11,-0.15,0.15,0.03,0.03,0.01,-10.15,-0.19,0.12,0.1,-0.07,-0.04,-10.19,-0.03,0.18,0.01,-0.13,0.16,-9.92,0.18,-0.09,-0.25,-0.17,0.0,-9.56,0.0,0.12,-0.15,-0.13,0.11,-9.56,-0.75,-0.07,0.2,-0.07,0.02,-9.06,-0.34,-0.07,0.16,-0.03,0.32,-9.77,0.07,0.2,-0.02,-0.05,0.31,-9.57,0.44,0.03,-0.04,-0.03,0.05,-9.93,-0.12,-0.1,0.03,-0.09,0.06,-9.78,0.03
-2.15,0.59,-0.42,-2.24,-13.72,8.08,-2.19,0.34,-0.73,-1.79,-10.54,5.65,-1.61,0.47,-0.77,-0.83,-4.72,3.29,-1.19,0.36,-0.98,1.1,-1.33,1.67,-0.91,0.66,-0.85,2.44,2.33,0.51,-0.84,0.95,0.1,2.64,-0.49,0.45,-0.64,0.44,0.06,1.75,-4.2,1.04,-0.3,-0.04,0.09,0.62,-6.19,-0.54,-0.27,0.02,0.36,0.19,-6.74,-0.84,0.04,0.01,-0.03,-0.06,-8.26,-0.94,0.14,-0.24,-0.1,-0.14,-8.6,-1.49,-0.03,0.26,0.4,-0.5,-9.26,-0.96,0.09,-0.07,0.1,-0.16,-10.36,0.47,0.28,0.06,0.04,-0.26,-9.75,0.04,0.06,0.17,-0.11,-0.17,-9.84,0.19,0.09,0.12,0.16,-0.09,-10.0,0.29,0.03,-0.01,0.16,0.25,-9.25,0.37,0.15,0.02,0.08,-0.07,-9.85,-0.44,0.04,0.35,0.1,-0.18,-9.85,-0.42,0.22,0.15,0.04,0.05,-10.18,0.43,0.17,0.07,-0.23,0.0,-10.38,0.31,-0.02,0.01,-0.15,0.18,-9.74,0.73,0.09,-0.29,-0.09,0.26,-10.19,0.64,0.25,-0.2,-0.39,0.15,-9.62,0.24,0.02,0.07,-0.09,0.17,-9.89,0.19,0.06,0.0,-0.18,0.19,-9.92,0.52,-0.25,0.03,-0.1,0.31,-9.71,0.47,0.0,-0.09,-0.31,0.33,-9.6,0.3,0.02,-0.04,-0.24,0.35,-9.55,0.01,-0.25,-0.07,-0.01,0.38,-9.15,0.5
-2.02,0.74,-0.32,-1.43,-10.27,3.88,-1.58,0.91,-1.28,-1.12,-6.6,2.93,-0.71,0.82,-1.19,-0.38,-2.79,2.05,-0.68,0.63,-0.41,-0.03,-1.19,1.68,-1.15,0.95,-0.55,1.44,-3.79,0.98,-0.59,0.46,-0.55,1.06,-4.6,1.0,-0.45,0.14,-0.29,0.72,-4.75,0.34,-0.05,0.18,-0.2,0.54,-5.61,-0.4,0.07,0.07,0.06,0.7,-6.41,0.32,0.21,-0.05,-0.03,0.3,-9.36,-0.4,0.07,0.03,0.3,-0.1,-9.14,-0.08,0.18,-0.16,-0.15,0.04,-10.45,1.04,0.15,-0.19,-0.26,-0.08,-9.79,-0.29,0.03,0.33,0.24,0.08,-9.37,-0.21,0.11,0.1,0.07,0.23,-9.25,1.14,0.2,0.0,-0.11,-0.01,-10.15,0.3,0.11,0.11,0.05,0.04,-8.82,-0.15,-0.01,0.09,0.13,0.01,-9.59,0.56,0.09,-0.0,0.22,0.18,-10.3,1.03,0.21,-0.05,0.01,0.2,-10.24,1.22,0.06,-0.08,-0.02,0.24,-10.24,1.21,0.14,0.08,0.02,0.4,-9.51,0.69,0.05,0.03,-0.05,0.24,-10.14,0.78,-0.13,-0.0,0.1,0.29,-9.65,1.41,-0.1,-0.05,-0.07,0.33,-10.03,1.2,-0.14,-0.15,-0.05,0.1,-9.8,0.72,-0.2,-0.14,-0.01,0.24,-9.34,0.9,0.01,-0.15,-0.05,0.04,-9.49,0.7,0.01,-0.09,-0.08,0.04,-9.38,0.24,-0.04,0.04,0.21,0.05,-9.37,0.53
-0.17,0.21,3.68,-2.78,-13.29,6.08,-2.84,0.6,3.32,-7.8,-31.92,8.73,-1.86,0.98,-0.91,-7.58,-33.42,5.86,-3.86,2.33,-3.24,-6.92,-16.88,10.83,-3.28,0.73,-3.21,-2.15,-2.87,14.35,-2.17,0.13,-2.2,2.54,8.78,6.27,-1.43,0.58,0.31,4.42,15.84,-2.13,-0.5,0.93,1.47,2.01,3.73,-4.67,0.06,0.58,0.81,0.13,-5.21,-1.55,0.31,-0.14,0.5,-0.7,-8.77,0.31,0.25,-0.31,0.09,-1.1,-10.74,-1.24,0.24,-0.1,-0.06,-0.97,-10.05,-1.18,0.19,-0.23,-0.08,-0.43,-9.3,0.11,0.29,-0.19,0.18,-0.57,-8.72,-0.14,0.2,0.06,0.26,-0.61,-8.95,0.3,0.33,-0.05,0.1,-1.18,-10.68,0.34,0.3,-0.09,-0.02,-1.35,-10.76,0.25,0.26,-0.07,-0.09,-1.23,-10.27,-0.09,-0.05,-0.16,-0.07,-1.0,-10.15,0.47,0.11,-0.15,-0.09,-0.71,-9.38,0.33,-0.04,-0.07,0.0,-0.54,-9.67,0.6,0.1,-0.04,-0.06,-0.74,-9.95,0.51,0.19,0.11,-0.23,-0.48,-10.24,0.06,0.19,0.35,-0.27,-0.63,-9.95,1.04,0.21,-0.16,-0.21,-0.35,-9.72,1.2,0.14,0.02,-0.22,-0.35,-9.83,0.19,0.06,-0.05,-0.25,-0.21,-9.37,0.85,0.04,-0.06,-0.19,-0.15,-9.55,1.01,0.3,-0.07,-0.18,-0.14,-9.64,0.28,0.0,0.06,-0.24,-0.18,-9.6,0.71
-0.0,0.45,2.55,-2.27,-13.05,5.85,-2.45,1.09,2.41,-6.5,-29.09,6.76,-2.47,0.68,-1.68,-10.4,-38.62,6.66,-3.09,2.25,-5.33,-10.88,-26.96,6.88,-3.64,0.41,-3.23,-3.21,4.61,19.19,-0.92,-1.49,-1.36,3.93,14.12,8.49,-0.93,-0.05,-0.92,5.85,11.86,-4.0,-0.69,0.75,0.63,2.46,1.84,-4.67,-0.17,0.75,1.03,1.28,-2.6,-1.73,-0.08,0.35,1.14,0.2,-9.45,-1.41,-0.05,0.04,0.36,0.22,-9.62,0.04,0.0,-0.3,0.16,0.19,-9.9,-0.95,0.04,-0.23,0.07,0.1,-9.78,-0.31,0.18,-0.32,-0.4,-0.18,-9.97,-0.21,0.09,-0.08,-0.12,-0.03,-9.37,-0.97,-0.06,0.07,0.23,-0.08,-9.7,-0.48,-0.17,0.05,0.1,0.12,-10.58,0.67,0.1,-0.05,-0.19,0.19,-10.71,0.59,0.02,0.07,-0.02,0.03,-10.59,-0.16,0.11,-0.01,-0.17,0.33,-9.18,-0.42,-0.03,0.05,0.15,0.12,-8.94,-0.43,-0.01,0.03,0.09,0.36,-9.71,-0.95,0.0,0.21,-0.05,0.47,-9.44,-0.19,-0.14,0.14,0.23,0.57,-9.62,0.14,-0.13,0.07,0.07,0.71,-9.55,0.09,0.0,-0.2,0.01,0.59,-9.6,0.07,-0.01,-0.18,-0.02,0.51,-9.62,0.01,0.02,-0.22,0.13,0.6,-9.15,-0.57,-0.02,-0.15,0.32,0.4,-9.17,-0.37,0.08,-0.2,0.23,0.33,-9.26,-0.36
-1.18,-0.98,2.04,30.88,-8.15,-0.41,-1.12,-2.04,1.34,27.43,-12.39,-0.17,-0.87,-1.07,0.11,13.08,-0.79,-1.73,-1.09,0.27,0.21,-0.82,9.04,5.16,-0.63,-0.74,0.65,-4.24,4.93,5.55,-0.1,-0.31,0.01,-3.78,1.0,1.7,-0.16,0.02,0.18,0.94,-1.29,0.86,-0.19,-0.79,-0.05,5.27,-4.33,-1.05,0.01,-0.35,-0.56,6.42,-3.84,-4.43,-0.23,0.36,-0.3,7.69,-1.33,-5.06,-0.1,0.35,0.0,8.61,-0.64,-1.6,-0.06,0.4,-0.05,9.55,-0.86,-2.29,0.06,0.8,-0.01,10.22,-1.46,-2.16,-0.08,0.54,0.19,10.96,-2.27,-1.1,0.03,0.22,-0.02,10.63,-2.95,-0.82,0.04,0.32,-0.1,10.38,-2.46,-1.01,0.13,-0.04,-0.14,10.01,-1.06,0.69,0.07,-0.21,-0.07,9.87,-0.68,-0.17,0.01,0.06,0.2,9.63,-0.84,-0.99,0.21,-0.14,0.2,9.8,-1.06,-0.08,0.2,-0.37,0.01,9.7,-1.89,-0.32,0.4,-0.16,0.01,9.7,-2.32,-1.39,0.61,-0.31,-0.27,9.64,-2.53,-1.01,0.62,-0.39,-0.18,9.28,-1.9,-1.54,0.25,0.12,-0.01,9.22,-1.97,-2.06,0.46,-0.07,-0.1,9.56,-1.81,-1.34,0.14,0.2,-0.04,9.66,-1.99,-1.07,-0.07,0.07,-0.06,9.92,-1.91,-1.18,-0.07,-0.07,-0.07,9.9,-2.2,-0.29,0.0,-0.1,-0.04,9.93,-1.84,-0.94
-0.82,-2.01,2.07,18.71,-1.32,9.36,-0.15,-0.59,0.57,5.94,-2.46,-3.9,-0.47,-0.17,0.78,-1.62,3.63,1.77,-0.79,-0.96,1.38,-4.93,2.79,2.29,-0.53,-0.21,0.81,-1.38,0.34,1.81,-0.62,-0.34,0.94,3.38,-2.09,0.93,-0.21,-0.4,0.33,6.42,-4.31,-1.5,0.02,-0.18,0.03,7.44,-2.63,-1.04,0.19,-0.23,-0.1,8.06,-1.95,-0.81,0.28,0.06,-0.05,8.68,-1.89,-2.18,0.22,0.24,-0.14,9.27,-2.09,-1.39,0.32,0.2,-0.1,9.84,-2.06,-0.69,0.06,0.47,0.15,10.28,-2.6,-0.31,0.25,0.43,-0.11,10.45,-2.37,0.12,0.0,0.27,0.13,10.24,-2.88,0.45,0.17,-0.18,-0.07,10.02,-2.31,0.68,-0.03,-0.29,-0.13,9.76,-1.61,-0.54,-0.1,-0.24,0.03,9.48,-1.83,-0.45,0.14,-0.15,-0.06,9.68,-1.87,-1.28,-0.05,-0.0,0.11,9.73,-1.96,-1.22,-0.02,0.09,-0.1,9.76,-2.06,-1.23,-0.06,0.18,-0.06,9.84,-2.25,-0.15,-0.02,-0.27,0.02,9.77,-2.07,-0.42,0.0,-0.15,-0.1,9.64,-2.22,-1.22,0.09,-0.13,-0.04,9.52,-2.02,-1.09,0.01,-0.1,-0.1,9.54,-1.87,-1.37,0.02,-0.0,0.04,9.51,-2.08,-1.12,0.09,-0.16,0.03,9.67,-2.09,-0.8,0.1,-0.34,0.05,9.74,-2.15,-1.1,0.07,-0.2,-0.15,9.65,-2.21,-1.21
-0.69,-1.92,0.79,21.39,-4.64,2.85,-0.42,-2.71,-0.02,15.87,-7.1,-1.36,-0.81,-0.75,-0.96,8.7,-5.43,-7.96,-1.11,0.76,-0.41,-0.54,4.97,2.92,-1.44,0.4,0.45,-2.98,7.26,7.49,-0.84,0.72,0.58,-0.42,1.26,5.58,-0.13,-0.62,0.63,2.28,-1.45,3.1,-0.09,-1.16,0.63,4.39,-3.98,-0.23,0.1,-0.8,0.24,6.42,-3.35,-4.38,-0.05,-0.24,0.35,7.46,-2.81,-4.75,-0.1,-0.09,-0.0,8.29,-2.05,-2.56,-0.01,0.16,-0.16,8.86,-1.39,-1.72,0.0,0.37,-0.13,9.68,-0.89,-1.37,0.12,0.34,0.03,10.11,-0.98,-0.42,-0.05,0.16,0.23,10.38,-1.27,-0.11,-0.06,0.18,-0.01,10.46,-1.93,0.07,0.0,0.01,-0.04,10.57,-1.79,0.45,0.06,-0.05,0.07,10.39,-0.92,-0.46,0.1,0.02,-0.03,10.05,-1.45,-0.82,0.14,0.12,-0.02,9.96,-1.04,-0.75,-0.03,0.16,0.35,10.0,-0.82,0.02,0.07,-0.23,0.19,9.86,-1.15,0.23,-0.06,-0.31,0.21,9.87,-1.76,-0.94,0.16,-0.03,0.17,9.69,-2.09,-1.25,0.08,-0.19,0.16,9.79,-2.07,-1.01,-0.08,-0.06,-0.09,9.67,-2.1,-1.36,0.09,0.12,-0.04,9.62,-1.7,-1.31,0.06,-0.03,0.03,9.65,-1.63,-0.91,-0.01,-0.15,0.02,9.62,-1.35,-0.51,0.03,-0.21,0.08,9.54,-2.37,-1.38
1.59,0.67,0.83,-1.41,-11.23,5.6,0.37,0.77,1.23,-2.36,-14.93,6.3,-1.01,1.32,1.33,-2.93,-18.94,8.45,-2.45,1.08,0.82,-3.95,-24.99,11.26,-3.24,0.31,-1.59,-4.78,-26.83,12.42,-3.55,0.08,-3.22,-4.51,-15.74,10.15,-3.18,-0.89,-2.32,-3.31,-2.12,6.8,-1.37,0.04,-1.96,3.34,13.6,-5.05,-1.22,1.23,1.33,4.55,13.81,-0.87,-0.38,0.66,1.92,2.21,1.12,0.19,-0.14,0.54,0.63,-0.99,-9.96,-0.4,0.15,-0.01,-0.1,0.19,-8.54,2.05,0.06,-0.27,-0.11,0.36,-8.2,0.49,0.04,-0.02,0.13,0.16,-8.92,-0.57,0.14,0.03,0.44,-0.11,-8.81,-0.65,-0.1,0.12,0.38,-0.15,-10.13,-0.69,-0.02,0.31,0.13,-0.23,-10.99,-0.16,0.13,0.05,-0.22,0.04,-10.58,0.59,-0.21,0.07,-0.13,0.0,-10.12,0.31,-0.11,-0.12,-0.01,-0.07,-9.63,0.27,-0.07,-0.02,-0.11,-0.22,-9.68,-0.49,-0.12,0.15,-0.16,-0.41,-9.28,-0.79,-0.09,0.11,0.1,-0.46,-9.03,-0.78,0.09,0.21,0.18,-0.59,-9.17,-0.62,0.22,0.29,0.19,-0.62,-9.54,-0.53,0.13,0.33,0.17,-0.71,-9.86,0.07,0.1,0.06,-0.03,-0.55,-9.94,0.03,0.07,0.06,-0.03,-0.65,-9.89,0.17,0.2,0.01,-0.1,-0.66,-9.93,0.49,0.42,-0.1,0.01,-0.61,-9.23,0.39
-0.07,-0.16,2.86,-2.13,-17.39,6.27,-1.56,-1.1,3.83,-8.21,-30.16,5.5,-2.05,-0.04,1.92,-13.34,-35.09,1.29,0.0,0.0,0.0,0.0,0.0,0.0,0.0,0.0,0.0,0.0,0.0,0.0,0.0,0.0,0.0,0.0,0.0,0.0,0.0,0.0,0.0,0.0,0.0,0.0,0.0,0.0,0.0,0.0,0.0,0.0,0.0,0.0,0.0,0.0,0.0,0.0,0.0,0.0,0.0,0.0,0.0,0.0,0.24,0.55,0.9,-1.33,-6.37,-0.19,0.05,0.13,0.17,-2.1,-10.91,0.85,0.14,-0.11,-0.34,-0.5,-10.36,2.71,0.09,-0.53,-0.45,-0.1,-9.56,1.68,-0.05,-0.46,-0.29,-0.51,-9.34,1.41,-0.06,-0.1,-0.13,-1.02,-9.82,0.8,-0.11,0.08,0.03,-1.2,-10.71,1.99,-0.04,0.09,-0.21,-1.19,-11.15,1.25,-0.13,0.22,-0.26,-0.63,-8.67,2.26,0.03,0.08,-0.14,-0.65,-9.23,2.02,-0.08,0.01,-0.04,-0.97,-9.88,1.29,-0.16,0.11,-0.09,-0.9,-9.71,0.93,-0.08,0.3,-0.11,-0.69,-9.75,1.09,0.04,0.31,-0.31,-0.39,-9.58,1.42,-0.07,0.23,-0.24,0.06,-9.39,1.66,0.06,-0.05,-0.06,0.16,-9.06,1.95,-0.02,0.02,0.01,0.03,-9.5,1.08,-0.2,0.08,0.06,-0.16,-9.55,1.0,-0.18,0.09,0.17,-0.16,-9.53,1.23,-0.3,0.02,-0.13,-0.2,-10.27,1.15
-1.69,0.1,2.17,-1.63,-20.23,6.07,-2.59,-0.28,2.4,-3.18,-20.91,7.42,-1.92,0.44,0.82,-3.24,-16.63,2.32,-2.77,1.52,0.26,-1.91,-8.7,4.47,0.0,0.0,0.0,0.0,0.0,0.0,0.0,0.0,0.0,0.0,0.0,0.0,0.0,0.0,0.0,0.0,0.0,0.0,0.0,0.0,0.0,0.0,0.0,0.0,0.0,0.0,0.0,0.0,0.0,0.0,0.0,0.0,0.0,0.0,0.0,0.0,0.0,0.0,0.0,0.0,0.0,0.0,0.0,0.0,0.0,0.0,0.0,0.0,0.0,0.0,0.0,0.0,0.0,0.0,0.0,0.0,0.0,0.0,0.0,0.0,0.0,0.0,0.0,0.0,0.0,0.0,0.0,0.0,0.0,0.0,0.0,0.0,0.0,0.0,0.0,0.0,0.0,0.0,0.0,0.0,0.0,0.0,0.0,0.0,0.0,0.0,0.0,0.0,0.0,0.0,0.0,0.0,0.0,0.0,0.0,0.0,0.0,0.0,0.0,0.0,0.0,0.0,0.0,0.0,0.0,0.0,0.0,0.0,0.0,0.0,0.0,0.0,0.0,0.0,0.0,0.0,0.0,0.0,0.0,0.0,0.0,0.0,0.0,0.0,0.0,0.0,0.0,0.0,0.0,0.0,0.0,0.0,0.0,0.0,0.0,0.0,0.0,0.0,0.43,0.28,-0.33,-0.39,-10.27,0.31,0.39,0.13,0.03,-0.41,-9.52,0.89,0.23,0.15,-0.06,-0.13,-9.34,0.21
1.07,0.24,2.53,-1.39,-9.55,4.91,1.52,-0.89,4.68,-4.79,-14.71,9.69,-0.95,0.37,5.5,-8.68,-25.17,8.87,-2.26,2.95,-4.14,-4.96,-37.66,12.27,-3.29,-1.52,-3.39,-4.14,-7.8,22.02,-3.27,0.1,-2.32,1.35,6.91,2.31,-1.45,0.47,-0.95,3.88,8.25,-0.89,-1.08,0.64,0.53,1.71,4.84,-2.27,-0.29,0.61,0.68,-0.01,-3.31,-0.73,0.06,0.6,0.49,-1.44,-6.42,-1.17,0.09,0.47,0.36,-1.4,-7.62,0.41,0.0,0.1,0.02,-1.18,-9.14,0.49,0.05,0.16,-0.03,-1.25,-9.36,0.63,0.17,0.01,-0.12,-1.09,-9.63,0.65,-0.04,0.35,0.09,-1.34,-9.32,0.51,0.09,0.26,0.16,-1.34,-9.91,0.88,-0.03,0.36,-0.09,-0.99,-10.15,1.73,0.05,0.05,-0.27,-0.82,-10.75,1.89,0.1,-0.09,-0.46,-0.57,-10.16,1.47,0.19,0.1,-0.26,-0.73,-9.53,0.52,0.04,0.13,0.01,-0.68,-9.04,0.66,0.12,0.24,0.06,-0.51,-8.97,0.91,0.19,0.24,-0.03,-0.65,-9.7,0.97,0.1,0.26,0.03,-0.5,-9.58,1.44,-0.02,0.1,0.04,-0.35,-9.45,1.54,0.09,0.06,0.05,-0.23,-9.39,1.32,-0.1,0.16,0.21,-0.01,-8.86,1.54,-0.05,0.08,0.43,-0.14,-9.26,1.45,0.0,0.08,0.12,-0.39,-9.74,1.43,0.0,0.1,0.05,-0.74,-10.02,1.4
-2.31,-0.34,-0.77,0.31,-21.2,11.6,-2.77,-1.13,-2.13,0.69,-13.07,13.21,-3.44,-1.85,0.1,0.81,-3.03,9.36,-2.94,-1.12,0.0,1.52,-1.06,0.92,-1.49,-0.39,0.0,3.42,5.44,-0.27,-0.77,0.51,0.89,1.48,1.68,-4.24,-0.03,0.8,0.7,0.99,-2.79,-0.98,-0.01,0.4,1.16,-0.42,-6.12,-0.32,0.17,0.35,0.67,-1.83,-9.99,-1.39,0.09,0.34,0.11,-1.26,-10.48,-0.31,0.24,0.08,0.15,-0.33,-9.39,0.18,0.47,0.21,-0.15,-0.53,-10.1,-0.43,0.19,0.16,-0.01,-0.47,-9.65,0.91,0.22,0.23,0.02,-0.3,-10.11,0.19,0.14,0.25,0.04,-0.16,-10.05,0.73,-0.07,0.4,-0.03,-0.22,-10.87,0.79,-0.06,0.23,-0.27,-0.25,-9.95,0.66,-0.32,0.28,-0.23,0.0,-10.12,0.42,0.04,0.21,-0.03,-0.02,-9.46,0.73,-0.05,0.37,-0.2,2.06,-9.93,-0.87,-0.08,0.28,-0.2,0.06,-9.97,0.95,0.05,0.33,-0.25,0.14,-9.84,0.2,-0.01,0.34,-0.06,0.34,-9.32,0.39,0.18,0.27,-0.09,0.48,-9.11,0.73,0.27,0.21,-0.06,0.33,-9.38,0.56,0.18,0.2,-0.02,0.33,-9.04,0.38,0.19,0.3,0.04,0.23,-9.34,0.61,0.17,0.2,-0.02,0.14,-9.95,0.28,0.31,0.29,-0.15,0.16,-9.4,0.43,0.16,0.41,0.07,0.31,-9.07,0.91
-0.18,1.32,3.5,-4.15,-7.45,4.99,-0.28,1.52,3.03,-4.4,-15.16,8.19,-0.54,1.17,1.55,-5.22,-20.54,10.05,-1.82,1.03,-1.15,-6.46,-24.13,11.21,-2.89,0.51,-2.9,-6.8,-21.44,12.7,-3.35,-0.58,-4.47,-6.53,-10.04,12.02,0.0,0.0,0.0,0.0,0.0,0.0,0.0,0.0,0.0,0.0,0.0,0.0,0.0,0.0,0.0,0.0,0.0,0.0,0.0,0.0,0.0,0.0,0.0,0.0,0.0,0.0,0.0,0.0,0.0,0.0,0.0,0.0,0.0,0.0,0.0,0.0,0.0,0.0,0.0,0.0,0.0,0.0,0.0,0.0,0.0,0.0,0.0,0.0,0.0,0.0,0.0,0.0,0.0,0.0,0.0,0.0,0.0,0.0,0.0,0.0,0.0,0.0,0.0,0.0,0.0,0.0,0.0,0.0,0.0,0.0,0.0,0.0,0.0,0.0,0.0,0.0,0.0,0.0,0.12,-0.09,0.07,-0.96,-10.51,1.2,0.05,0.01,-0.02,-0.9,-10.01,0.6,0.09,0.11,0.18,-1.02,-9.91,0.98,0.05,-0.0,0.08,-0.93,-10.03,0.63,0.16,0.12,-0.26,-0.95,-10.04,0.6,-0.13,0.13,-0.36,-0.73,-9.57,1.03,-0.12,-0.0,-0.24,-0.46,-9.57,0.88,-0.15,0.25,0.16,-0.32,-9.05,0.41,-0.3,0.25,0.33,-0.35,-9.05,1.31,0.25,0.04,0.39,-0.65,-9.15,0.93,0.4,0.1,0.87,-1.24,-9.1,0.5
-0.17,0.8,2.12,-1.77,-15.79,9.6,-1.03,0.57,1.15,-4.06,-23.16,9.56,-2.5,1.2,-0.76,-4.36,-24.52,10.82,-3.75,-0.17,-2.43,-3.03,-15.33,15.53,-3.98,-0.25,-1.87,-0.68,-4.08,11.21,-2.8,-0.37,-2.09,1.94,6.48,5.33,-1.46,-0.29,-0.32,3.08,10.57,-3.19,-1.1,0.54,0.78,2.1,3.01,-3.2,-0.51,0.4,0.68,1.24,-4.59,-0.93,0.01,0.35,0.47,0.6,-6.77,-0.88,0.01,0.24,0.51,0.15,-8.76,0.44,-0.07,-0.03,0.11,0.24,-10.28,0.47,0.01,-0.03,-0.0,0.34,-9.77,0.22,0.17,-0.19,-0.11,0.68,-9.93,1.1,0.08,0.09,-0.03,0.37,-9.99,0.82,0.2,0.19,-0.09,0.27,-10.23,1.07,-0.09,-0.04,0.08,0.22,-10.41,1.54,0.03,0.11,-0.16,0.08,-10.64,0.72,0.14,0.03,0.02,0.22,-10.25,1.05,-0.03,0.14,-0.06,0.46,-9.5,0.97,0.03,0.07,0.02,0.51,-9.6,1.04,0.07,0.16,0.0,0.91,-9.7,0.87,0.16,0.18,-0.04,0.58,-10.22,0.46,0.08,0.62,-0.39,0.39,-9.78,0.52,-0.22,0.25,0.36,0.4,-9.3,1.75,0.13,0.14,-0.27,0.88,-9.89,0.93,0.07,-0.02,0.12,0.47,-9.47,0.93,-0.11,-0.11,0.12,0.57,-9.58,1.53,-0.19,-0.05,0.0,0.57,-9.78,0.91,-0.14,0.09,0.1,0.45,-10.03,1.04
-0.93,0.44,1.97,-2.57,-19.26,8.41,-2.14,1.06,1.69,-2.97,-25.28,8.32,-3.12,1.5,-0.3,-2.94,-27.39,8.96,-3.63,1.02,-2.93,-2.3,-17.12,12.34,-3.36,-0.23,-2.73,-1.33,-1.87,11.12,-1.85,-0.29,-1.04,0.58,11.09,0.64,-1.25,0.77,0.53,1.87,8.18,-2.05,-0.56,0.82,0.81,1.16,-0.42,-0.41,-0.13,0.16,-0.31,0.19,-6.62,0.14,0.0,-0.2,-0.48,0.18,-6.17,-0.72,0.07,-0.11,0.11,-0.27,-8.06,-1.34,0.31,-0.23,-0.35,-0.35,-9.31,-1.26,0.46,-0.06,-0.2,-0.54,-9.3,-1.84,0.31,0.41,0.17,-0.44,-9.14,-1.01,0.32,0.33,0.4,0.2,-9.8,0.68,0.35,0.25,0.11,0.27,-10.15,0.69,0.2,0.27,0.4,0.26,-10.02,1.4,0.23,-0.3,0.18,0.0,-11.81,1.46,0.26,-0.36,-0.35,-0.13,-10.81,0.4,0.02,0.04,-0.07,0.06,-9.34,0.16,-0.09,0.1,0.04,0.33,-9.31,0.43,-0.02,0.06,0.0,0.52,-9.38,0.63,-0.07,-0.02,0.0,0.37,-9.58,0.46,-0.19,-0.02,0.03,0.33,-9.71,0.52,-0.17,0.05,0.03,0.2,-10.18,0.34,0.02,-0.12,0.04,0.22,-9.68,0.73,0.03,-0.22,0.08,0.01,-9.96,0.62,0.26,-0.15,-0.16,-0.04,-10.29,0.03,0.2,0.05,-0.24,0.01,-9.68,0.55,0.12,-0.02,-0.03,0.13,-9.79,1.02
-0.8,0.99,1.54,-1.59,-19.51,8.79,-1.51,0.48,0.77,-2.76,-25.73,10.2,-2.43,0.0,-0.25,-2.87,-24.07,8.45,-2.87,1.11,0.34,-4.29,-12.95,3.28,-2.5,1.43,-2.15,-0.49,-5.73,4.89,-0.82,0.26,-2.22,3.65,10.06,5.12,-0.8,0.12,0.86,2.65,4.72,-1.82,-0.27,-0.08,0.27,0.67,-3.13,-2.18,-0.08,-0.46,0.29,-1.83,-6.05,-2.25,-0.29,-0.35,0.39,-1.59,-8.44,-1.35,0.21,-0.57,-0.41,-1.56,-10.98,-1.41,0.28,-0.32,-0.45,-0.97,-9.25,-2.37,0.34,0.28,-0.23,-0.37,-8.45,-1.12,0.24,0.1,0.17,-0.02,-8.75,0.16,0.21,0.24,0.14,0.0,-10.51,0.78,0.27,0.11,0.13,-0.35,-10.39,0.52,0.17,0.21,-0.01,-0.41,-10.18,0.53,-0.0,-0.14,0.16,-0.25,-9.94,0.87,0.15,-0.09,-0.15,-0.42,-10.15,0.31,0.25,-0.12,-0.39,-0.33,-10.13,0.49,0.46,-0.08,-0.44,-0.08,-9.86,0.25,0.27,0.02,-0.55,-0.18,-10.11,0.47,0.03,0.2,-0.36,-0.05,-9.65,0.23,-0.29,0.4,0.12,-0.06,-9.59,0.34,0.05,0.2,0.06,0.06,-9.98,1.02,0.11,0.12,-0.15,0.12,-9.91,0.84,0.0,0.08,-0.06,0.17,-9.81,0.83,0.02,0.09,0.1,0.08,-9.82,0.9,-0.13,0.01,0.2,-0.12,-9.46,0.9,0.03,-0.2,0.12,0.0,-10.01,0.71
-2.17,0.9,2.38,-1.71,-23.71,9.52,-2.96,1.52,0.92,-1.54,-29.71,9.01,-3.71,1.47,-0.33,-2.05,-18.57,12.77,-2.53,0.97,-0.16,-1.18,-6.84,9.23,-1.5,0.86,-2.01,2.76,2.83,4.66,-1.5,0.82,-0.34,2.48,11.23,-1.53,-0.89,0.9,0.35,1.81,2.86,-0.2,-0.2,0.27,-0.14,-0.09,-3.96,-1.19,0.02,-0.12,-0.35,-0.15,-5.45,-0.25,0.1,-0.42,-0.03,-0.25,-6.57,-0.85,0.28,-0.39,-0.4,-0.54,-8.64,-1.46,0.77,-0.39,-0.4,-0.04,-8.02,-0.32,1.18,-0.38,-0.22,-0.77,-9.61,-1.62,0.81,0.35,0.16,-0.21,-8.56,0.17,0.54,0.04,0.3,0.53,-9.96,2.9,0.76,-0.17,0.07,0.96,-9.15,2.68,0.43,-0.05,0.07,0.9,-8.71,1.46,0.06,0.18,0.38,-0.32,-10.6,1.2,0.21,0.22,0.11,-0.45,-11.31,1.47,0.05,0.26,-0.09,-0.08,-10.02,2.02,0.07,0.17,0.03,0.19,-9.77,2.38,0.07,-0.03,-0.07,0.03,-9.98,2.18,0.0,-0.09,0.09,-0.09,-9.66,2.28,0.17,-0.13,0.15,-0.5,-10.36,1.59,0.42,-0.04,-0.13,-0.39,-9.98,1.83,0.24,0.06,-0.3,-0.34,-9.8,1.39,0.04,0.08,0.02,0.18,-9.07,2.0,-0.12,0.07,0.21,0.35,-9.04,2.45,-0.01,0.16,0.0,0.07,-10.0,1.68,-0.47,0.27,0.1,-0.16,-10.13,1.85
-0.9,0.79,1.77,-1.26,-16.68,6.09,-1.83,1.06,1.36,-1.51,-22.82,8.14,-2.71,0.75,0.04,-1.44,-23.67,9.74,-3.88,1.04,0.12,-0.87,-18.57,8.82,-3.35,0.84,0.44,-1.33,-11.44,8.24,-2.55,0.52,-0.2,-1.33,-7.64,8.31,-1.63,-0.04,-1.47,0.78,-2.47,6.04,-1.28,-0.35,-1.01,1.77,9.02,-0.97,-0.78,0.59,0.31,0.93,6.91,-4.78,-0.35,0.78,0.81,-0.38,-2.65,-3.11,0.29,0.36,0.31,-0.49,-5.66,-2.49,0.52,0.4,0.39,-0.73,-7.07,-2.03,0.27,0.22,0.26,-0.37,-9.63,-0.1,0.43,-0.01,-0.16,-0.09,-10.75,0.56,0.31,0.18,-0.09,-0.78,-9.8,-0.68,0.07,0.29,0.29,-0.84,-10.47,-0.5,0.27,0.18,-0.05,-0.46,-9.36,-0.36,0.4,0.46,0.25,-0.57,-9.75,-0.52,0.2,0.24,0.33,-0.82,-11.28,0.44,0.24,0.05,-0.22,-0.88,-10.87,0.64,0.15,0.12,-0.1,-1.14,-10.44,-0.15,-0.07,0.18,0.05,-0.48,-9.65,0.52,0.11,-0.0,-0.07,-0.45,-9.57,0.53,-0.02,0.07,0.01,-0.71,-9.51,-0.38,0.0,0.11,0.28,-0.73,-9.57,-0.03,0.17,0.11,-0.01,-0.65,-10.45,0.43,0.06,-0.01,0.01,-0.75,-10.03,0.17,-0.12,0.18,0.21,-0.7,-9.91,0.24,0.07,-0.09,-0.18,-0.69,-10.1,0.99,0.12,-0.06,-0.27,-0.66,-10.22,0.72
-1.52,1.18,3.17,-1.53,-17.19,9.82,-2.97,0.89,1.26,-3.04,-30.55,11.89,-3.74,1.31,-1.61,-7.6,-32.03,7.8,-4.68,2.54,-2.03,-5.74,-18.6,13.48,-3.32,0.07,-2.3,3.26,9.45,18.35,-1.92,-0.25,0.55,5.62,21.34,1.99,-1.39,0.77,1.48,3.53,5.82,-3.72,-0.95,0.22,0.47,1.09,-2.66,-1.34,-0.27,-0.09,0.58,0.18,-3.96,-1.41,-0.3,-0.2,0.23,-0.77,-7.92,-1.46,-0.23,-0.37,-0.12,-0.66,-8.17,-1.56,0.3,-0.24,-0.29,-1.08,-8.36,-2.79,0.32,0.36,0.01,-0.39,-8.48,-2.03,0.32,0.44,0.14,0.15,-9.88,0.04,0.32,0.29,-0.08,0.31,-10.43,1.19,0.03,0.02,0.21,0.77,-9.18,1.81,0.29,-0.23,0.17,0.35,-10.09,1.05,0.22,-0.23,0.12,-0.11,-9.92,0.61,0.14,-0.09,0.33,-0.48,-10.08,0.87,0.0,-0.09,0.33,-1.08,-10.63,0.77,0.0,-0.0,0.26,-1.25,-10.65,0.41,-0.06,0.1,0.04,-1.45,-11.07,0.41,0.01,0.02,-0.35,-1.3,-10.75,0.47,0.16,-0.03,-0.16,-1.06,-9.72,0.17,-0.08,-0.12,0.11,-0.82,-9.48,0.11,-0.06,0.03,0.05,-0.6,-9.67,0.34,0.1,-0.08,-0.09,-0.57,-9.56,0.89,0.02,-0.01,-0.18,-0.64,-9.35,0.66,-0.01,0.06,-0.07,-0.59,-9.36,0.71,0.06,-0.12,-0.17,-0.66,-9.73,0.98
-0.22,0.35,2.6,-1.95,-15.68,6.26,-1.22,0.39,3.09,-2.74,-22.76,7.66,-2.31,1.3,0.66,-2.99,-29.14,4.68,-3.88,2.31,-1.04,-3.02,-26.57,5.93,-3.84,1.76,-2.73,-3.01,-18.18,11.45,-3.12,0.17,-2.0,-1.64,1.19,10.61,-1.69,-0.44,-0.97,-0.66,8.98,2.1,-1.49,0.68,-0.49,1.05,9.12,-3.84,-0.27,0.79,0.81,1.93,4.17,-1.15,0.09,0.64,1.04,1.59,-2.02,-1.31,0.27,0.34,0.71,1.02,-6.24,-0.67,0.46,-0.09,0.18,0.2,-8.52,-0.98,0.45,-0.23,0.11,-0.33,-9.54,-0.64,0.39,-0.23,0.24,-0.57,-9.97,-2.0,0.24,0.07,0.3,-0.75,-10.32,-1.15,0.32,0.16,0.3,-0.71,-10.24,-0.53,0.26,0.08,0.21,-0.59,-9.87,-0.55,0.32,0.13,0.23,-0.68,-9.74,-0.43,0.09,0.23,0.31,-0.87,-10.58,-0.55,-0.04,0.06,0.18,-0.74,-10.54,-0.44,0.14,0.01,-0.03,-0.71,-10.22,-0.5,-0.01,0.04,0.28,-0.59,-9.69,-0.66,-0.05,0.16,0.16,-0.7,-9.94,-0.44,0.07,-0.08,-0.15,-0.65,-9.98,-0.12,0.15,-0.13,-0.14,-0.44,-9.7,-0.51,-0.07,0.05,-0.06,-0.7,-9.37,-0.79,-0.04,0.04,0.33,-0.73,-9.46,-0.3,0.05,-0.05,0.02,-0.75,-9.6,-0.44,-0.08,0.05,0.2,-1.01,-9.5,-0.64,-0.11,0.09,0.27,-1.07,-9.62,-0.7
-0.84,-2.69,-0.34,7.25,4.15,4.94,-1.69,-1.07,1.2,-3.77,7.03,3.48,-0.57,-1.98,0.25,-8.59,0.88,-0.3,-0.56,-0.09,0.14,-6.18,0.27,-1.93,-0.13,-0.43,0.15,0.67,-2.51,-1.58,0.11,-0.11,0.16,3.47,-2.25,-4.77,-0.29,0.72,0.17,6.19,-2.47,-3.63,-0.17,0.46,0.1,7.54,-2.04,-0.17,-0.18,0.27,0.22,8.87,-1.85,0.58,0.02,0.31,-0.07,9.65,-1.39,0.86,0.11,0.21,-0.07,10.34,-1.57,1.2,0.32,0.11,0.06,10.48,-1.73,1.07,0.0,0.14,0.06,10.63,-2.09,0.46,0.0,0.1,0.44,10.76,-2.69,0.84,-0.15,-0.1,-0.07,10.58,-2.68,0.91,0.18,-0.27,-0.18,10.09,-2.03,0.14,0.23,-0.44,-0.16,9.87,-1.75,-0.15,0.47,-0.62,-0.33,9.7,-1.53,-0.24,0.4,-0.43,-0.46,9.31,-1.33,-0.41,0.22,0.05,-0.13,8.96,-1.42,-0.8,0.5,0.11,-0.47,9.77,-0.94,-0.2,0.23,0.12,-0.15,9.72,-0.83,0.03,0.36,-0.3,0.07,9.38,-1.35,-0.21,0.09,-0.34,0.24,10.23,-1.8,0.09,0.07,-0.03,-0.07,9.96,-1.63,-0.7,-0.37,-0.03,0.11,9.76,-1.3,-0.59,-0.29,-0.02,0.18,9.93,-1.44,-0.52,-0.36,-0.3,-0.0,9.39,-1.47,-0.67,-0.35,0.01,-0.04,9.83,-1.5,-0.81,-0.03,0.01,-0.39,10.16,-1.53,-0.79
-0.22,0.33,2.63,33.76,-2.69,7.2,-2.05,-2.25,3.67,33.86,-6.95,14.41,-1.4,-4.34,0.86,18.64,-6.06,7.69,-1.82,-3.32,0.05,2.17,0.79,3.56,-1.24,-1.99,-0.66,-9.99,7.51,-3.9,-0.81,-0.31,-0.22,-8.05,7.37,0.0,-0.59,-0.26,0.72,-2.19,1.58,1.54,0.14,-0.01,0.41,1.07,-3.05,-2.03,0.17,-0.13,0.06,2.98,-3.4,-1.87,0.21,-0.31,-0.04,3.91,-3.58,-4.09,0.41,0.21,-0.48,5.19,-3.59,-5.44,0.12,0.27,-0.37,6.86,-3.28,-4.33,0.12,0.52,-0.29,8.13,-2.32,-3.47,-0.1,0.49,-0.15,9.4,-2.52,-2.51,0.06,0.19,-0.46,10.33,-2.01,-0.76,0.27,0.09,-0.27,10.34,-1.39,-1.05,0.15,0.04,-0.26,9.91,-1.09,-2.0,-0.02,-0.03,-0.05,9.69,-1.65,-2.36,-0.1,0.24,0.22,9.74,-2.14,-2.95,-0.25,0.21,0.1,9.74,-1.65,-1.63,-0.33,0.03,0.31,9.65,-1.26,-1.51,-0.37,0.15,0.39,9.73,-2.06,-1.99,-0.26,0.41,0.25,9.66,-2.27,-2.01,-0.47,-0.1,0.56,9.58,-2.04,-1.08,-0.18,-0.22,0.29,9.5,-2.47,-2.11,-0.2,-0.03,0.27,9.42,-2.58,-2.9,-0.22,0.06,-0.03,9.45,-2.22,-2.95,-0.17,0.1,-0.07,9.26,-1.95,-2.3,0.0,0.06,0.15,9.03,-1.61,-2.26,-0.2,0.12,0.45,9.16,-2.23,-2.23
0.75,0.39,2.09,-3.06,-9.77,7.11,0.35,0.42,3.89,-5.99,-12.26,9.59,-1.69,0.93,3.89,-9.45,-24.67,11.7,-2.38,2.08,0.67,-11.5,-33.86,11.48,-4.24,0.76,-4.4,-8.05,-19.83,19.85,-4.0,-1.72,-4.58,4.17,3.42,18.53,-3.36,-0.43,-1.67,2.22,13.81,-9.14,-1.39,0.97,-0.23,-0.08,10.67,-5.36,-0.41,1.1,0.58,-0.48,3.69,-4.08,0.19,0.1,0.4,-0.69,-5.23,-0.48,0.13,0.03,0.17,-0.99,-7.86,-0.38,0.31,-0.49,-0.14,-1.59,-9.33,0.8,-0.02,-0.3,-0.05,-2.2,-9.93,-0.43,0.16,-0.05,0.15,-2.19,-9.77,0.68,-0.14,0.16,-0.02,-2.15,-11.01,0.59,-0.06,0.26,0.02,-1.98,-9.82,0.91,-0.06,0.33,0.34,-1.76,-9.46,0.73,-0.21,0.33,0.1,-1.4,-9.57,0.63,-0.09,0.2,0.22,-1.85,-9.62,0.63,0.04,0.28,-0.14,-1.95,-9.76,0.53,0.05,0.09,-0.01,-1.78,-9.25,0.62,-0.16,0.16,0.19,-1.61,-9.18,0.68,-0.05,0.21,0.14,-1.72,-9.75,0.68,0.0,0.02,0.1,-1.99,-10.16,0.75,0.29,-0.05,-0.27,-2.05,-10.02,0.65,0.08,0.11,-0.17,-2.02,-10.21,0.26,0.17,0.23,-0.27,-1.85,-9.46,0.78,-0.09,0.26,-0.09,-1.37,-9.32,0.84,0.01,0.39,-0.37,-1.66,-9.84,0.5,-0.08,0.16,-0.12,-1.52,-9.66,0.97
-2.92,-3.4,-4.89,1.94,34.22,24.82,-0.98,-0.35,0.46,3.15,30.85,-13.28,0.13,1.91,2.32,-0.89,8.35,-10.89,0.81,1.39,1.21,0.25,-8.04,-1.44,0.97,1.04,0.77,1.62,-9.54,-0.49,0.43,0.44,0.55,1.78,-12.72,1.1,0.45,-0.21,-0.25,1.84,-12.92,1.13,0.16,-0.05,-0.41,2.1,-9.58,0.06,0.32,-0.07,-0.12,2.5,-8.79,0.64,0.22,-0.14,0.0,2.04,-8.89,0.62,0.19,0.14,0.15,1.7,-9.68,0.14,0.06,0.06,0.42,1.58,-10.29,0.67,0.24,-0.06,-0.28,1.54,-10.01,0.18,0.17,-0.02,-0.27,1.41,-9.42,-0.1,0.03,0.18,0.04,1.59,-9.84,0.17,-0.05,-0.11,0.03,1.8,-9.55,0.88,0.17,0.09,0.05,2.06,-10.02,0.36,-0.17,0.27,0.29,2.39,-9.55,0.94,0.06,-0.1,0.3,2.15,-10.1,0.98,-0.0,0.1,0.05,2.07,-10.18,0.39,-0.1,0.13,0.33,1.92,-9.83,0.76,0.09,-0.18,-0.15,1.83,-10.01,0.89,0.08,-0.1,-0.17,1.92,-9.55,0.35,0.03,-0.09,-0.11,1.84,-9.3,0.14,-0.03,0.03,0.13,1.94,-9.24,0.53,0.07,-0.03,0.04,1.97,-9.31,0.67,0.05,-0.09,0.13,1.81,-9.43,0.42,0.02,-0.17,0.22,1.99,-9.19,0.7,0.18,-0.2,0.13,2.04,-8.85,0.84,0.09,-0.34,0.22,1.74,-9.19,0.64
0.46,0.03,2.57,-1.53,-8.61,4.95,-0.36,0.4,4.2,-3.72,-9.98,5.74,-0.14,0.59,5.24,-5.97,-12.89,6.32,-0.83,1.2,3.54,-10.61,-21.51,6.54,-1.8,1.7,1.53,-14.62,-25.28,7.19,-3.02,2.39,-2.76,-16.72,-26.76,7.33,-4.24,2.66,-6.99,-9.15,-8.17,13.31,-2.89,-0.35,-5.21,-1.75,15.15,16.92,-0.92,1.17,-0.22,2.17,15.6,-5.28,0.07,0.93,0.61,-0.06,6.49,-1.28,0.05,0.12,0.21,-2.02,-3.29,-0.33,0.5,-0.23,0.35,-2.71,-5.94,-1.45,0.37,-0.01,-0.06,-2.39,-8.9,-1.12,0.13,-0.7,0.08,-3.19,-10.02,-0.66,0.31,-0.3,-0.09,-3.59,-9.46,-1.69,0.19,0.09,0.13,-4.01,-10.5,-1.26,0.06,0.11,-0.04,-3.17,-9.76,0.0,-0.0,-0.06,0.04,-2.31,-9.2,0.42,-0.12,0.0,0.07,-2.98,-9.88,-0.37,-0.29,0.21,-0.32,-2.56,-10.45,-0.2,-0.16,0.09,-0.43,-2.84,-10.11,0.28,0.23,0.02,-0.69,-2.27,-9.64,-0.97,-0.07,0.1,-0.32,-2.34,-8.53,-0.14,-0.01,-0.33,-0.36,-2.19,-9.58,-1.05,0.02,-0.04,-0.35,-2.13,-9.1,-1.52,0.1,0.14,-0.07,-1.9,-8.44,-0.91,-0.03,0.26,0.29,-1.76,-8.91,-0.9,-0.09,0.2,0.43,-1.64,-9.43,-0.04,0.3,0.04,0.21,-1.71,-10.13,-0.3,0.19,0.18,0.06,-1.62,-9.9,-0.03
0.9,0.66,1.99,-2.46,-11.01,4.88,-0.95,1.89,3.53,-4.73,-19.51,7.69,-1.86,1.83,1.11,-6.66,-31.86,10.28,-2.9,1.65,-3.39,-6.92,-30.88,11.79,-4.25,0.93,-3.5,-3.78,-9.23,13.16,-3.14,-0.38,-3.22,1.26,5.8,11.21,-1.99,-0.46,-1.84,3.86,13.01,-0.01,-0.94,0.75,0.65,2.14,5.47,-3.27,-0.37,0.64,0.67,0.71,-2.34,-1.9,-0.23,0.5,0.61,-0.15,-6.65,-1.17,0.02,0.29,0.22,-0.04,-7.44,-1.44,-0.0,0.36,0.5,0.2,-8.14,-0.56,0.2,0.1,0.17,0.44,-9.14,0.48,0.09,-0.16,0.07,-0.01,-9.94,-0.33,-0.03,0.15,0.01,-0.18,-10.29,-0.53,0.03,0.14,0.02,0.01,-9.86,-0.04,0.02,0.09,0.05,0.19,-10.07,0.32,0.01,-0.02,-0.05,0.21,-9.77,0.2,0.0,0.1,0.01,-0.15,-9.91,-0.18,-0.1,0.29,0.13,0.01,-9.78,-0.27,0.08,0.39,0.13,0.17,-9.75,0.0,0.13,0.09,0.18,0.23,-9.74,0.16,0.06,0.07,0.12,0.16,-9.91,0.28,-0.11,0.01,0.19,0.16,-10.03,0.32,-0.07,-0.15,0.09,0.0,-10.45,0.19,0.1,-0.06,-0.13,-0.04,-10.17,0.26,-0.05,0.1,-0.01,0.18,-10.11,0.01,0.09,0.14,0.07,0.12,-9.82,0.16,-0.06,-0.15,-0.13,0.21,-9.81,0.34,-0.15,-0.14,0.05,0.18,-9.69,0.4
-0.19,-0.14,3.52,-4.43,-16.65,8.08,0.22,0.01,4.1,-6.4,-23.82,8.77,-1.98,1.16,-0.24,-7.24,-33.42,7.63,-2.91,0.91,-3.11,-4.36,-18.31,15.65,-4.58,-0.63,-2.74,0.06,-2.19,10.23,-2.75,0.2,-2.69,0.08,15.85,0.75,-1.65,1.24,0.4,0.5,13.84,-4.48,-0.1,1.63,1.16,0.0,1.96,-1.6,0.21,1.35,1.36,0.62,-5.13,1.59,-0.17,0.41,0.73,0.17,-10.05,2.49,-0.51,-0.29,0.02,-0.99,-10.67,0.81,-0.81,-0.72,-0.46,-1.44,-9.77,0.38,-0.68,-0.55,-0.87,-1.63,-9.41,-0.59,-0.42,-0.27,-0.79,-2.23,-8.08,-1.17,-0.23,-0.0,-0.4,-2.23,-8.62,-0.84,-0.23,0.18,-0.2,-1.79,-8.68,-0.8,-0.25,0.64,0.26,-0.82,-10.53,-0.66,-0.17,0.47,0.21,-0.3,-11.02,0.12,0.07,0.07,-0.29,-0.5,-10.57,-0.06,-0.1,0.08,-0.04,-0.69,-9.72,-0.97,0.15,0.16,0.08,-0.73,-10.1,-1.17,0.05,0.22,0.15,-0.8,-9.75,-0.38,0.05,0.09,0.33,-0.96,-9.46,-0.6,0.01,0.34,0.43,-1.27,-9.99,-0.51,0.07,0.37,0.62,-1.45,-9.65,0.46,-0.06,0.05,0.65,-1.52,-9.69,0.17,-0.05,0.1,0.56,-1.81,-9.89,-0.12,0.01,0.04,0.2,-2.2,-10.17,-0.7,0.09,0.09,0.45,-2.16,-9.76,-0.37,-0.1,0.1,0.06,-2.09,-9.52,-0.25
-1.03,0.01,3.47,-3.84,-18.93,5.6,-1.03,-0.55,4.24,-6.31,-24.83,4.83,-2.38,0.86,3.81,-7.86,-31.17,1.62,-2.59,2.49,0.5,-8.13,-30.83,4.64,-3.06,1.86,-4.19,-3.64,-15.69,15.44,-3.01,1.01,-3.55,6.6,15.57,12.85,-1.72,0.58,0.49,7.99,21.55,4.5,-0.35,0.27,0.09,1.55,2.23,-2.04,-0.16,0.26,0.01,-1.47,-2.8,-2.51,0.13,-0.14,-0.02,-0.92,-5.03,-0.72,0.22,-0.52,-0.31,-1.96,-9.48,-2.57,0.02,-0.04,0.0,-2.3,-8.56,-3.0,0.13,0.06,0.0,-1.68,-8.97,-0.88,0.2,-0.14,0.02,-1.84,-9.01,-1.72,0.2,0.31,-0.08,-1.92,-9.57,-1.54,0.14,0.23,0.22,-1.69,-9.69,0.08,0.21,-0.07,-0.18,-1.57,-9.98,-0.56,0.35,0.01,-0.39,-1.97,-10.06,-1.0,0.15,0.05,-0.23,-1.79,-9.63,-0.99,0.13,0.25,-0.26,-1.65,-9.33,-0.93,-0.07,0.33,-0.03,-1.84,-9.64,-0.9,0.19,0.64,-0.27,-1.52,-9.8,-1.4,0.34,0.52,-0.16,-1.25,-9.29,-0.52,0.44,0.07,-0.05,-1.38,-9.4,-0.32,-0.06,0.17,0.18,-0.78,-9.63,-0.67,0.15,0.29,0.14,-0.82,-9.56,-0.71,0.12,0.29,0.17,-0.91,-9.66,-0.31,0.07,0.01,-0.02,-0.73,-9.7,0.07,0.23,-0.02,-0.0,-0.92,-9.75,-0.02,0.07,-0.09,-0.14,-1.0,-9.96,-0.12
-1.18,0.3,2.84,-2.63,-19.37,8.1,-2.61,0.48,3.32,-4.96,-29.81,9.69,-5.08,1.3,-0.98,-7.79,-38.77,6.52,-5.22,3.33,-3.43,-8.26,-25.33,12.62,-3.68,-0.25,-2.29,-1.54,7.07,25.24,-2.48,-1.03,-1.7,1.49,13.46,-1.71,-1.47,1.5,-1.46,1.38,16.27,-4.48,-0.23,0.77,0.22,5.07,10.24,-0.89,0.13,0.35,0.73,1.21,-4.03,-2.22,0.21,0.4,0.02,0.29,-7.26,-1.23,0.15,-0.07,0.1,0.09,-8.55,-1.0,0.06,-0.09,-0.01,0.35,-9.62,-1.93,0.17,0.05,0.11,0.95,-9.36,-1.63,0.07,-0.01,0.34,0.67,-9.56,-0.55,-0.08,0.21,0.27,0.61,-10.28,-1.04,0.01,0.0,0.19,0.06,-10.69,-0.51,0.12,-0.16,-0.18,0.32,-9.81,-0.67,0.1,-0.17,0.01,0.08,-9.27,-1.29,0.08,0.11,0.15,0.18,-9.86,-1.66,0.02,0.07,0.18,0.26,-9.48,-0.66,0.11,-0.13,-0.11,-0.21,-10.35,-1.52,-0.19,-0.16,-0.04,-0.02,-9.89,-1.13,-0.14,0.01,-0.05,0.21,-9.45,-0.9,-0.1,-0.06,0.03,0.25,-9.59,-1.13,-0.15,0.12,0.11,0.42,-9.83,-0.63,0.02,-0.1,-0.16,0.3,-9.8,-0.72,0.19,-0.02,-0.2,0.07,-10.08,-1.47,0.07,0.1,-0.11,0.17,-9.81,-1.4,0.17,0.06,-0.07,0.27,-9.46,-1.15,0.06,-0.06,0.13,0.43,-9.26,-0.95
-0.7,0.03,3.51,-4.27,-23.9,7.08,-1.5,0.45,2.39,-6.56,-31.86,8.64,-3.35,1.3,-1.15,-6.34,-31.71,9.47,-3.43,0.82,-3.58,-5.22,-10.61,15.84,-3.12,-1.18,-1.37,-0.48,9.47,11.79,-1.79,2.2,-1.03,4.36,9.22,-6.94,-0.6,1.12,-0.05,6.41,10.3,5.42,-0.31,0.05,-0.03,3.47,-0.93,0.03,0.06,-0.2,0.03,0.77,-4.76,-0.38,-0.15,-0.1,0.71,-0.38,-6.77,-0.43,-0.21,0.01,0.45,-0.96,-9.54,-0.73,0.05,0.06,0.26,-0.89,-10.68,-0.4,0.15,0.16,0.02,-0.42,-10.49,-0.18,0.05,0.16,0.16,-0.21,-9.7,0.46,0.11,0.14,-0.11,-0.36,-10.37,0.35,0.04,0.11,-0.02,-0.21,-9.84,0.4,0.1,0.09,0.09,0.05,-9.42,0.79,-0.02,-0.1,0.08,-0.36,-10.09,0.32,0.04,0.2,-0.05,-0.45,-10.33,-0.13,-0.14,0.18,0.02,-0.39,-10.2,0.47,0.07,-0.01,-0.18,-0.3,-10.15,0.52,0.17,0.14,-0.31,-0.36,-9.98,-0.27,0.06,0.21,-0.13,-0.29,-9.44,0.19,-0.1,0.19,-0.04,0.05,-9.27,0.5,-0.18,0.1,0.12,0.01,-9.62,0.29,-0.12,0.15,0.17,-0.08,-9.97,0.21,-0.11,0.23,0.08,0.04,-9.92,0.56,0.02,-0.07,-0.04,-0.05,-9.93,0.39,-0.07,0.03,0.22,-0.1,-9.81,0.28,-0.1,0.05,0.05,-0.21,-10.22,0.4
-1.8,-1.01,2.2,-2.4,-27.65,7.25,-3.08,-0.4,0.59,-4.43,-32.5,1.49,-3.18,1.71,-1.72,-3.77,-18.82,6.26,-2.6,0.11,-1.23,0.61,5.89,11.83,-1.53,0.15,0.72,5.52,13.54,4.52,-0.39,0.12,0.39,3.67,3.6,0.62,-0.25,0.13,0.19,-0.11,-3.9,-1.63,-0.05,0.08,0.02,-1.57,-6.32,-1.87,-0.08,0.04,-0.03,-1.98,-8.49,-2.31,-0.03,0.21,-0.3,-1.52,-9.97,-2.14,0.08,0.26,-0.78,-0.82,-9.63,-1.57,-0.0,0.19,-0.42,-0.42,-8.49,-1.56,0.23,0.5,-0.15,-0.16,-8.18,-1.44,0.0,0.6,-0.06,0.16,-8.4,-0.75,-0.01,0.56,0.34,0.35,-8.77,-0.15,-0.05,0.51,0.45,0.46,-9.12,0.29,0.11,0.06,0.43,0.05,-10.09,0.27,0.07,-0.11,0.21,-0.35,-10.83,-0.41,0.31,-0.25,-0.34,-0.48,-10.65,-0.92,0.12,-0.19,-0.29,-0.21,-9.83,-0.87,0.18,-0.14,-0.01,0.02,-9.96,-0.73,0.16,-0.04,0.1,-0.2,-10.12,-1.14,0.25,0.24,-0.03,-0.04,-9.93,-0.86,0.12,0.15,0.24,-0.03,-9.48,-0.02,-0.21,0.13,0.34,-0.21,-9.77,0.05,-0.2,0.07,0.34,-0.61,-10.3,-0.22,0.08,-0.16,0.15,-0.66,-10.49,-0.61,0.01,0.05,0.1,-0.75,-10.21,-0.78,0.18,0.26,-0.15,-0.84,-9.98,-0.6,-0.03,0.29,0.12,-0.7,-9.66,-0.58
-2.15,0.6,3.34,-4.5,-27.68,7.13,-3.38,1.18,0.04,-6.89,-37.44,4.93,-3.63,3.13,-3.12,-5.39,-19.63,11.65,-2.99,0.4,-2.86,-0.34,-0.69,18.1,-1.73,-0.33,-3.18,4.25,20.59,3.76,-1.02,0.5,0.28,2.21,11.8,-5.21,-0.44,1.19,0.93,0.64,-0.2,-3.21,0.05,0.04,0.59,-0.53,-6.72,1.01,-0.01,-0.06,-0.07,-0.72,-8.98,-1.32,0.06,0.07,-0.09,-0.61,-9.53,-2.08,0.1,0.15,0.11,-0.13,-8.49,-0.64,0.48,0.06,-0.19,0.25,-9.22,-0.02,0.29,0.28,0.14,0.19,-9.36,-0.32,0.0,0.13,0.57,0.19,-9.5,0.84,0.13,-0.13,0.3,0.36,-10.44,1.14,0.1,-0.64,0.29,0.4,-10.6,2.03,-0.09,-1.09,-0.08,0.07,-11.06,0.2,0.02,-0.46,-0.53,0.03,-9.78,-1.99,-0.17,0.05,-0.07,0.14,-9.0,-0.85,0.04,0.18,0.1,0.17,-9.66,-0.85,0.02,0.41,0.15,0.35,-9.23,-0.77,-0.07,0.5,0.4,0.29,-9.35,-0.19,0.11,0.34,0.43,0.41,-10.04,0.08,-0.14,0.21,0.34,0.32,-9.99,0.54,-0.24,-0.26,0.4,0.22,-9.87,1.03,-0.49,-0.73,0.15,0.36,-9.88,1.25,-0.23,-0.79,0.3,-0.09,-9.79,-0.51,0.0,-0.2,0.18,-0.29,-10.22,-1.73,0.12,0.3,0.06,-0.79,-10.04,-0.77,-0.12,0.04,0.19,-0.68,-10.07,-0.49
-0.85,0.65,3.42,-3.53,-20.17,9.16,-1.84,0.29,3.35,-5.23,-26.79,9.14,-2.71,1.51,0.16,-5.03,-28.7,7.4,-3.57,0.71,-2.9,-3.84,-19.0,13.75,-4.22,-0.14,-1.25,7.1,12.58,11.61,-2.54,-0.04,0.73,5.48,9.84,0.05,-1.17,0.59,-0.23,-1.0,2.07,-4.9,-0.64,0.6,-0.01,-1.46,-1.37,-0.71,-0.08,0.28,-0.31,-1.57,-4.74,-2.1,0.11,0.67,-0.27,-1.17,-6.83,-2.53,0.02,0.09,-0.34,-0.46,-9.24,0.98,0.11,-0.01,-0.42,-0.66,-9.51,-0.5,0.13,0.07,-0.18,-0.96,-9.12,-0.16,0.03,0.12,-0.01,-1.37,-10.32,-0.83,0.1,0.24,-0.08,-1.06,-9.66,-0.16,0.15,0.05,-0.07,-0.68,-9.36,0.37,-0.06,0.15,0.4,-0.56,-9.28,0.45,0.17,-0.08,-0.12,-0.47,-10.72,0.84,0.44,-0.27,-0.36,-1.34,-11.39,-0.41,0.4,-0.31,-0.37,-0.66,-9.32,0.04,0.42,-0.13,0.01,-0.64,-9.45,-0.29,0.29,-0.03,0.17,-0.55,-9.48,0.34,0.26,-0.2,0.11,-0.31,-9.74,0.77,0.09,-0.1,0.01,-0.65,-10.33,0.09,-0.02,0.11,-0.01,-0.83,-10.15,0.09,-0.22,0.01,0.07,-1.16,-10.2,-0.03,-0.1,0.16,0.01,-0.91,-9.82,0.03,0.22,0.08,-0.26,-0.69,-9.61,0.71,0.06,0.01,-0.14,-0.35,-9.69,0.31,0.18,-0.04,-0.37,-0.33,-9.99,0.76
-1.13,1.14,2.16,-1.36,-20.59,6.14,-2.28,1.55,1.07,-2.06,-28.1,6.32,-3.48,1.76,-0.45,-2.1,-25.51,6.25,-3.4,1.65,-2.21,-2.0,-16.86,7.75,-2.49,0.63,-2.82,-1.73,-5.51,10.23,-2.11,-0.2,-2.38,0.37,5.8,4.68,-0.86,0.26,-0.36,0.36,9.08,-0.8,-0.77,0.71,0.26,1.16,1.9,-1.32,0.01,0.12,0.25,1.29,-4.11,0.24,0.18,-0.17,0.18,1.06,-6.83,-0.29,0.36,-0.15,0.1,1.23,-8.65,-0.35,0.29,-0.35,-0.03,1.03,-9.76,-0.54,0.43,-0.17,-0.1,1.07,-9.88,-0.42,0.19,-0.05,0.18,1.07,-9.68,-0.46,0.22,0.06,0.09,1.35,-9.46,0.4,0.28,0.09,0.3,1.19,-9.05,0.5,0.41,0.14,0.57,0.91,-9.49,0.47,0.05,0.23,0.38,0.57,-10.01,0.42,0.11,-0.21,0.36,0.25,-9.95,0.81,0.22,-0.19,0.18,0.0,-10.14,-0.07,-0.17,0.13,0.42,-0.23,-10.71,0.01,-0.27,0.07,0.4,-0.26,-10.69,0.55,-0.02,0.08,0.25,-0.29,-10.26,0.55,-0.18,-0.01,0.03,-0.36,-10.61,0.51,-0.12,-0.13,-0.05,-0.31,-10.2,0.41,-0.08,0.02,0.03,-0.28,-9.61,0.42,0.01,0.03,0.08,-0.31,-9.85,0.53,-0.18,-0.1,0.0,-0.21,-10.11,0.63,0.11,-0.09,-0.1,-0.2,-9.82,0.03,-0.12,0.05,0.17,-0.12,-9.75,0.23
0.47,-0.18,3.13,-4.81,-13.47,4.76,-0.39,0.28,3.04,-7.3,-23.64,4.35,-2.16,1.65,1.47,-6.41,-31.43,4.29,-3.08,2.62,-2.41,-4.58,-31.98,8.78,-3.71,0.95,-5.22,-2.98,-12.81,16.97,-3.57,-0.75,-4.22,0.26,2.41,14.03,-2.41,-0.75,-2.25,0.27,9.03,0.55,-1.08,0.4,-1.65,0.65,6.2,-2.94,-0.39,0.32,-0.28,0.95,3.14,-1.5,0.04,0.2,0.51,1.16,-2.9,-1.99,0.06,0.3,0.93,1.08,-5.29,-2.13,0.12,0.24,0.74,1.24,-8.09,-0.96,0.32,0.0,0.61,1.33,-9.82,-1.22,0.43,0.21,0.5,1.31,-9.67,-1.11,0.33,0.12,0.36,1.14,-9.7,-0.31,0.22,0.03,0.49,1.4,-9.7,-0.61,0.29,0.24,0.41,1.14,-10.14,-0.55,0.18,0.18,0.18,1.23,-10.81,0.0,0.32,-0.08,0.03,1.09,-10.42,0.13,0.18,-0.07,0.15,0.96,-9.94,-0.13,0.12,-0.0,0.26,0.99,-10.27,-0.04,0.09,-0.08,0.06,0.77,-10.21,-0.18,0.16,0.04,-0.03,0.5,-9.68,-0.74,-0.03,0.21,0.19,0.46,-9.38,-0.97,-0.21,0.41,0.41,0.46,-9.35,-0.44,-0.08,0.11,0.11,0.32,-9.65,-0.54,0.08,0.26,0.18,0.25,-9.8,-0.5,0.12,0.22,0.15,0.43,-9.71,0.14,0.09,0.1,0.22,0.36,-9.95,0.46,0.0,-0.03,0.36,0.39,-10.01,0.15
-2.51,-0.18,-0.47,-4.01,-27.99,3.95,-3.92,0.74,-2.45,-7.15,-24.28,1.27,-3.06,2.8,-4.47,-2.74,-8.87,9.47,-1.96,0.21,-3.37,4.01,13.75,19.86,-1.04,-1.95,-1.21,6.97,14.05,7.74,-0.58,-0.43,0.0,2.04,0.31,-5.97,-0.59,0.14,-0.1,1.61,-4.96,-2.12,0.1,-0.6,-0.02,1.53,-5.97,-3.89,-0.05,0.39,0.31,2.55,-7.16,-3.41,-0.03,0.39,0.24,2.71,-9.15,-1.44,0.26,-0.1,-0.05,2.99,-8.73,-0.7,0.25,0.15,0.06,2.9,-8.78,-1.46,-0.03,0.02,0.06,3.06,-9.37,0.17,0.26,-0.2,-0.01,3.33,-9.45,-0.64,0.1,-0.08,-0.15,3.05,-9.48,-1.16,0.01,0.08,-0.08,3.26,-9.36,-1.04,-0.0,-0.15,0.13,3.1,-9.67,-0.63,0.16,0.06,-0.12,3.0,-9.59,-1.35,0.26,0.3,0.04,2.73,-9.16,-1.36,-0.0,0.2,0.4,2.9,-9.46,-0.17,0.15,0.06,0.09,2.95,-9.67,-0.31,-0.17,0.03,0.51,2.7,-9.7,-0.38,0.02,-0.01,0.19,2.8,-9.36,-0.54,-0.14,-0.09,0.16,2.54,-9.4,-0.66,0.0,0.0,0.0,0.0,0.0,0.0,0.0,0.0,0.0,0.0,0.0,0.0,0.0,0.0,0.0,0.0,0.0,0.0,0.0,0.0,0.0,0.0,0.0,0.0,0.0,0.0,0.0,0.0,0.0,0.0,0.0,0.0,0.0,0.0,0.0,0.0
-2.1,2.96,-4.86,-2.42,-6.63,14.06,-1.57,-1.66,-0.97,7.95,16.8,17.8,-0.96,-1.48,0.0,6.54,7.98,-1.12,-1.04,-0.44,0.88,0.47,-2.69,-6.41,-0.54,0.3,0.8,-0.84,-5.68,-5.07,-0.14,0.15,0.34,-0.75,-8.63,-4.04,-0.11,0.32,0.15,-0.26,-9.32,-3.51,0.13,0.05,-0.24,0.38,-8.16,-1.78,0.16,-0.19,-0.2,0.23,-7.92,-2.52,0.03,0.18,0.2,0.05,-7.97,-3.33,0.05,0.43,0.31,0.09,-9.73,-1.84,-0.13,0.75,0.09,0.37,-10.25,-1.74,-0.08,0.68,0.07,0.58,-9.39,-0.77,-0.27,0.33,0.13,0.56,-9.55,-1.06,-0.07,0.5,0.05,0.59,-9.46,-1.43,0.26,0.29,-0.1,0.43,-9.69,-1.44,-0.05,0.15,-0.29,0.4,-9.94,-1.56,0.1,-0.03,-0.2,0.43,-9.02,-1.35,-0.21,0.16,0.02,0.59,-9.3,-1.97,-0.78,-0.75,0.3,0.46,-9.12,-0.56,-0.04,-0.99,-0.16,0.44,-10.51,-0.74,-0.24,-0.99,-0.3,0.58,-9.96,-1.77,-0.26,-0.09,-0.21,0.63,-9.64,-2.63,-0.17,-0.31,0.15,0.6,-9.23,-1.47,-0.01,-0.21,-0.05,0.72,-9.66,-1.71,0.08,-0.15,0.07,0.57,-9.46,-2.03,-0.04,-0.17,-0.07,0.48,-9.51,-1.66,0.13,-0.16,-0.09,0.48,-9.55,-1.5,0.31,-0.19,-0.04,0.43,-9.64,-2.22,0.18,-0.05,0.09,0.33,-9.18,-2.14
-2.23,0.57,-0.99,-3.22,-26.58,6.68,-2.34,0.69,-1.41,-3.73,-18.0,7.18,-2.51,0.55,-1.15,-2.37,-6.33,7.56,-1.05,0.12,-1.49,-0.01,1.65,3.7,-1.16,0.66,0.49,1.25,6.76,0.34,-0.87,1.5,1.39,2.36,0.8,0.54,-0.25,0.84,0.25,2.77,-4.28,2.93,0.14,0.21,-0.22,1.83,-4.58,1.66,-0.13,-0.11,-0.06,0.92,-6.22,0.6,0.03,-0.53,0.11,0.18,-7.94,-0.01,-0.08,-0.2,-0.04,-0.13,-9.74,-0.49,0.04,-0.23,-0.07,-0.13,-9.72,0.0,0.17,-0.07,-0.15,-0.01,-9.6,0.64,0.04,0.01,0.18,0.01,-10.27,0.91,0.01,0.13,0.1,-0.09,-10.48,1.48,0.01,-0.19,-0.31,-0.08,-10.82,1.9,-0.17,-0.34,-0.09,-0.03,-10.37,1.27,-0.07,-0.31,-0.17,-0.17,-10.22,0.66,-0.05,-0.15,-0.02,-0.05,-9.56,0.75,-0.09,-0.17,0.07,0.1,-9.6,0.48,-0.1,0.0,0.01,0.04,-9.37,0.37,-0.14,0.23,0.31,0.08,-9.58,0.63,-0.26,-0.05,0.2,0.1,-10.28,1.11,-0.11,-0.14,-0.21,0.1,-10.21,0.86,-0.15,-0.09,0.06,-0.1,-10.01,0.34,-0.09,0.03,0.03,0.08,-9.35,0.2,-0.13,-0.07,0.23,0.0,-9.11,0.4,-0.05,-0.09,-0.11,0.21,-9.99,0.24,-0.03,0.03,0.01,0.21,-9.7,0.39,-0.19,0.09,0.03,0.23,-9.61,0.45
-2.67,0.25,-1.23,-2.2,-18.87,5.67,-1.93,-0.14,-1.0,-1.39,-13.69,8.81,-2.58,-0.5,-0.87,-0.78,-9.65,7.99,-2.49,-0.18,-1.57,0.22,-5.74,4.5,-1.9,0.04,-2.04,0.7,0.82,1.22,-1.28,0.34,-1.29,2.51,4.09,0.98,-0.86,0.76,-0.38,3.69,3.68,-0.99,-0.71,0.33,0.59,3.08,0.06,-0.02,-0.07,0.25,0.02,2.43,-6.19,-2.63,-0.25,0.22,0.28,1.62,-7.27,-2.3,-0.1,0.05,0.18,1.54,-9.59,-1.94,0.05,0.07,-0.05,2.02,-10.01,-1.48,0.03,-0.1,-0.01,2.25,-8.98,-1.3,-0.1,0.04,0.34,2.37,-8.68,-1.12,-0.26,0.1,0.11,2.04,-10.21,-1.49,-0.19,0.09,0.06,1.94,-10.68,-1.19,-0.03,0.0,-0.17,2.08,-10.29,-0.61,-0.03,0.03,-0.12,2.17,-9.21,-1.39,-0.02,-0.04,-0.21,1.98,-9.77,-1.83,0.07,-0.17,-0.25,2.01,-9.47,-1.88,-0.24,-0.02,-0.4,2.43,-9.31,-1.33,-0.07,-0.04,-0.32,2.66,-9.16,-0.96,0.12,0.0,-0.14,2.66,-8.85,-1.49,-0.07,-0.07,0.27,2.64,-9.25,-1.29,0.09,0.03,-0.0,2.68,-9.24,-1.48,0.03,0.03,0.08,2.51,-9.2,-1.45,0.11,0.04,0.09,2.54,-9.09,-1.43,0.02,0.0,0.14,2.52,-9.2,-1.37,0.1,0.0,-0.01,2.58,-9.61,-1.15,-0.01,-0.12,0.19,2.39,-9.42,-1.35
-0.09,0.82,2.99,-1.05,-10.91,4.67,-2.05,0.77,2.26,-4.55,-29.41,7.42,-2.38,0.72,-1.61,-7.28,-38.68,5.94,-3.63,2.05,-3.85,-6.77,-19.95,10.47,-2.64,0.23,-4.36,-2.88,-1.58,16.32,-1.65,-1.3,-1.85,1.72,14.55,10.97,-1.26,-0.65,-0.75,3.62,10.03,-1.56,-1.08,0.16,-0.08,2.11,0.22,-3.95,-0.44,-0.0,-0.19,1.27,-3.08,-2.93,-0.08,0.02,0.42,1.34,-3.94,-3.31,-0.02,0.42,0.36,1.56,-7.89,-2.71,0.27,0.33,0.19,1.93,-8.74,-1.34,0.24,0.23,0.45,2.24,-8.76,-0.37,0.29,0.18,0.2,2.19,-9.51,-0.38,0.1,0.17,0.18,1.84,-10.59,-0.5,0.11,0.04,0.2,1.92,-10.55,0.18,0.19,-0.15,0.03,2.04,-9.19,-0.25,0.25,-0.05,0.02,2.34,-8.51,0.09,0.35,-0.21,0.28,2.2,-9.06,0.19,0.35,-0.13,0.32,1.51,-10.23,-0.78,0.13,0.04,0.18,1.54,-10.71,-0.62,-0.0,0.02,0.2,1.64,-10.58,-0.09,-0.02,-0.07,0.02,1.85,-10.26,-0.05,0.03,0.13,0.06,1.84,-9.75,-0.16,0.03,0.0,-0.06,1.88,-9.89,0.18,0.16,-0.17,-0.26,1.88,-9.93,-0.21,0.26,0.13,-0.06,1.88,-9.38,-0.37,0.18,0.23,0.12,1.94,-9.31,0.04,0.15,0.08,0.02,1.91,-9.67,0.43,-0.02,0.0,0.08,1.83,-9.66,0.53
-1.04,1.3,1.02,-4.02,-20.53,5.63,-2.2,1.74,-0.11,-4.21,-21.59,7.44,-1.89,0.95,-1.52,-3.55,-17.48,11.49,-3.23,-0.72,-2.29,-2.95,-15.16,12.27,-2.58,-0.99,-3.72,-3.54,-6.64,2.23,0.0,0.0,0.0,0.0,0.0,0.0,0.0,0.0,0.0,0.0,0.0,0.0,0.0,0.0,0.0,0.0,0.0,0.0,0.0,0.0,0.0,0.0,0.0,0.0,0.0,0.0,0.0,0.0,0.0,0.0,0.0,0.0,0.0,0.0,0.0,0.0,0.0,0.0,0.0,0.0,0.0,0.0,0.0,0.0,0.0,0.0,0.0,0.0,0.0,0.0,0.0,0.0,0.0,0.0,0.0,0.0,0.0,0.0,0.0,0.0,0.0,0.0,0.0,0.0,0.0,0.0,0.0,0.0,0.0,0.0,0.0,0.0,0.0,0.0,0.0,0.0,0.0,0.0,0.0,0.0,0.0,0.0,0.0,0.0,0.3,0.07,-0.06,1.41,-9.91,-0.99,0.0,0.0,0.0,0.0,0.0,0.0,0.0,0.0,0.0,0.0,0.0,0.0,0.0,0.0,0.0,0.0,0.0,0.0,0.0,0.0,0.0,0.0,0.0,0.0,0.0,0.0,0.0,0.0,0.0,0.0,0.0,0.0,0.0,0.0,0.0,0.0,0.0,0.0,0.0,0.0,0.0,0.0,0.0,0.0,0.0,0.0,0.0,0.0,0.0,0.0,0.0,0.0,0.0,0.0,0.0,0.0,0.0,0.0,0.0,0.0
-1.01,-3.01,-0.92,5.46,34.84,-4.24,-0.93,-0.59,1.54,0.49,8.3,-11.92,0.09,0.21,1.01,-2.78,-5.95,-10.55,0.08,0.95,0.82,-0.92,-6.87,-4.04,-0.01,0.51,0.58,0.49,-10.38,0.03,0.2,-0.28,-0.16,0.91,-9.37,0.06,0.22,-0.33,0.04,1.28,-8.24,-0.93,0.17,-0.06,0.21,0.45,-9.63,-2.13,0.09,0.18,0.26,0.2,-9.99,-0.93,0.15,0.13,-0.05,0.56,-10.24,0.25,0.08,0.18,0.07,0.61,-10.18,-0.12,-0.06,0.16,0.03,0.94,-9.93,0.13,-0.3,0.12,-0.09,0.92,-9.65,-0.54,-0.36,0.45,0.14,0.7,-9.51,-1.34,-0.44,0.65,0.04,0.4,-10.4,-1.6,-0.14,0.27,-0.03,0.92,-9.68,-0.61,-0.03,0.37,-0.01,1.17,-9.31,-0.52,0.07,0.34,0.11,1.41,-9.85,-0.56,0.11,0.26,0.1,1.47,-9.57,-0.54,-0.02,0.21,0.36,1.33,-9.66,-0.69,0.07,0.26,0.23,1.23,-10.14,-0.23,-0.03,0.06,-0.04,1.25,-9.93,-0.45,0.0,0.04,-0.11,1.27,-9.5,-0.43,-0.05,0.03,0.16,1.4,-9.63,-0.11,-0.09,-0.03,0.2,1.39,-9.57,-0.12,-0.23,-0.28,0.15,1.41,-9.8,-0.22,-0.22,-0.3,0.28,1.16,-10.06,-1.19,-0.39,-0.08,0.15,0.93,-9.89,-1.61,-0.25,0.29,0.15,0.65,-9.64,-1.55,-0.13,0.15,0.13,0.67,-9.93,-1.23
-2.11,0.35,-0.6,5.81,33.38,-3.73,-0.97,0.2,0.55,5.21,13.05,-3.57,-0.2,-0.48,0.57,1.07,-4.06,-3.08,0.08,-0.07,0.24,0.4,-7.29,-4.72,0.1,-0.06,0.09,1.88,-8.12,-0.9,0.26,-0.28,-0.16,3.23,-9.0,-1.44,0.25,0.11,0.27,3.2,-8.72,-1.26,0.27,0.05,0.26,3.35,-9.51,0.32,0.15,0.25,0.31,3.01,-9.37,-0.07,0.19,0.13,0.44,2.99,-10.15,0.71,0.15,-0.03,0.24,2.78,-10.26,0.76,0.06,-0.25,0.2,2.55,-10.19,1.01,0.24,-0.4,-0.12,2.5,-10.26,-0.01,0.08,-0.23,0.11,2.51,-10.0,-0.02,0.2,-0.15,0.03,2.7,-10.11,0.12,0.09,0.15,-0.03,2.48,-9.86,-0.05,-0.15,0.28,0.11,2.52,-9.19,0.85,-0.22,-0.04,0.22,2.47,-9.72,0.84,-0.05,0.1,0.13,2.18,-10.08,0.09,-0.06,0.04,0.16,2.12,-9.57,0.16,0.18,-0.03,-0.06,2.09,-9.71,-0.23,-0.04,0.15,0.1,2.22,-9.26,-0.51,-0.06,0.21,-0.01,1.94,-9.18,-0.69,-0.17,0.27,0.08,2.06,-9.66,0.13,-0.01,0.01,0.13,2.15,-9.58,0.12,0.03,0.0,0.08,2.06,-9.66,-0.05,0.12,0.05,-0.16,2.05,-9.69,-0.03,0.11,0.03,-0.08,2.22,-9.49,-0.01,0.07,-0.0,0.11,2.28,-9.48,-0.16,0.13,-0.02,0.11,2.45,-9.26,0.24
-0.87,-0.2,1.98,30.82,-2.21,-2.01,-1.18,-2.18,0.79,29.14,-13.08,1.89,-0.22,-1.22,-1.34,12.54,-4.41,-7.4,-0.45,0.6,-0.96,0.62,5.05,-1.95,-0.32,0.52,-0.21,-3.96,8.46,3.36,-0.27,0.51,1.08,-3.17,3.25,7.22,-0.11,-0.44,0.75,1.12,-1.72,4.32,0.33,-0.42,-0.08,4.59,-3.58,-0.75,0.12,-0.54,-0.2,6.23,-2.49,-2.42,0.14,-0.2,-0.38,6.94,-2.02,-5.13,-0.03,0.57,-0.02,7.9,-0.65,-4.58,-0.01,0.41,-0.1,9.09,-1.01,-1.39,0.05,0.25,0.09,9.8,-0.5,-0.97,-0.05,0.31,0.12,10.08,-0.71,-1.01,0.22,0.22,-0.03,10.13,-1.0,-0.12,0.05,0.21,0.06,10.0,-1.44,-0.5,0.2,0.18,-0.28,9.78,-0.83,-0.34,0.06,0.12,0.0,9.89,-0.44,-0.15,0.08,-0.05,0.05,10.05,-0.73,-0.59,0.08,0.21,0.0,10.24,-0.91,-1.12,0.09,0.04,0.14,10.42,-1.05,-0.7,0.17,0.04,0.24,10.26,-1.76,-0.7,0.09,-0.18,0.03,10.13,-2.0,-0.35,0.31,-0.24,-0.13,9.81,-1.66,-0.5,0.09,-0.18,0.01,9.66,-1.1,-1.11,0.08,-0.02,0.22,9.61,-1.18,-1.04,-0.03,-0.02,0.1,9.67,-1.46,-1.26,0.04,-0.26,0.01,9.53,-1.65,-1.41,0.08,-0.1,0.01,9.47,-1.7,-1.43,0.16,0.0,-0.03,9.37,-1.46,-1.5
-0.44,-1.26,1.45,30.75,-6.34,1.28,-1.0,-2.33,0.35,21.68,-9.16,3.51,-0.45,-1.28,-1.26,9.92,-3.0,-3.36,-0.93,-0.44,-0.85,0.52,3.43,3.5,-0.21,-0.32,-0.92,-3.35,6.56,5.44,-0.48,0.18,0.09,-3.01,4.2,5.01,-0.52,-0.02,0.66,1.08,1.4,3.69,-0.15,-0.68,0.54,3.7,-3.0,1.86,0.04,-0.43,0.04,6.0,-2.64,-2.44,-0.11,-0.11,-0.14,7.16,-1.84,-3.54,-0.16,0.02,-0.09,8.19,-1.15,-2.46,0.03,0.18,-0.12,9.03,-0.92,-2.02,0.19,0.31,-0.31,9.68,-0.92,-1.29,0.16,0.25,-0.21,9.9,-0.73,-0.39,0.01,0.28,-0.32,10.04,-0.55,-0.15,0.05,0.2,0.17,10.17,-0.54,-0.04,0.0,0.17,0.1,10.26,-0.97,0.18,0.02,-0.07,-0.07,10.64,-0.91,0.06,0.06,0.07,-0.12,10.16,-0.31,-0.55,-0.04,0.16,-0.01,10.17,-0.2,-0.59,0.04,0.15,0.18,10.05,-0.83,-0.33,-0.02,-0.07,-0.02,10.06,-0.87,-0.24,0.12,0.0,0.12,9.8,-0.81,-0.26,0.09,0.02,0.04,9.74,-0.6,-0.65,-0.14,-0.05,0.29,9.66,-0.92,-0.62,0.14,0.03,0.08,9.79,-1.1,-0.8,0.22,0.07,0.05,9.5,-0.97,-0.52,0.08,-0.05,0.09,9.82,-1.07,-0.62,0.14,0.19,0.0,9.71,-1.3,-0.55,0.12,-0.12,0.18,9.84,-1.38,0.12
-0.97,-1.1,-1.37,-3.46,0.02,22.59,-1.91,-2.26,-1.14,-3.6,0.77,13.08,-2.09,-2.41,-1.28,-2.99,1.64,6.34,-0.87,-0.96,-1.66,-1.31,-0.94,-7.21,-1.88,0.12,-1.47,1.11,-0.83,-6.47,-0.18,0.28,-0.84,1.33,-0.11,-0.47,-0.39,0.07,-0.36,1.34,-1.91,4.8,-0.21,0.06,-0.28,1.22,-1.94,7.06,0.5,-0.28,0.22,1.56,-2.82,7.98,0.23,0.02,-0.21,0.69,-5.1,9.2,0.02,0.04,-0.25,0.94,-4.85,10.37,0.16,0.0,-0.55,1.11,-2.8,9.7,0.3,0.09,-0.46,1.4,-3.06,9.09,-0.02,0.06,-0.18,1.61,-2.77,9.3,0.03,0.0,-0.47,1.56,-2.45,9.04,-0.02,0.03,-0.2,1.39,-2.93,9.58,0.03,0.01,0.03,1.61,-2.63,9.6,0.25,-0.03,-0.11,1.39,-2.97,9.4,0.09,0.15,-0.13,1.57,-2.9,9.05,0.18,-0.14,-0.11,1.74,-2.63,9.31,0.19,0.0,0.02,1.65,-2.14,8.77,0.26,0.24,-0.15,1.49,-2.12,8.78,0.15,0.21,0.25,1.49,-2.49,9.49,0.08,0.02,0.0,1.31,-2.61,9.16,0.22,0.1,0.04,1.2,-2.76,8.9,0.05,0.14,-0.0,1.19,-2.77,9.55,0.09,0.07,-0.03,1.07,-2.59,9.47,0.31,0.19,0.1,1.07,-2.43,9.33,0.14,0.19,0.15,1.05,-2.33,9.72,0.15,-0.01,0.12,1.16,-2.4,9.92
