0.81,0.26,-3.04,-0.12,-3.04,-0.83,0.54,1.04,-3.27,1.37,9.72,5.01,3.99,-0.61,-0.43,3.02,15.41,7.91,2.71,0.45,4.58,-0.82,5.71,2.66,3.03,0.19,2.43,-1.96,-28.52,9.48,2.02,-0.43,0.12,0.87,-28.86,4.91,0.41,0.22,-0.58,1.23,-21.42,4.58,-0.28,0.3,-0.58,0.46,-17.27,5.86,-0.59,-0.3,-0.28,0.76,-10.92,5.58,-0.6,-0.21,0.18,0.68,-8.71,3.85,-0.55,0.11,0.37,0.47,-7.96,2.68,-0.11,0.05,0.23,0.78,-7.95,3.26,0.08,0.04,0.02,0.84,-7.82,2.52,0.19,0.15,0.14,1.11,-8.37,3.65,0.24,-0.09,-0.11,1.14,-8.91,3.87,0.47,-0.1,0.11,1.0,-8.43,3.4,0.18,0.05,0.24,0.73,-8.75,3.77,0.26,-0.08,-0.05,0.66,-9.18,3.98,0.48,-0.14,-0.11,0.42,-8.91,3.35,0.16,0.08,0.06,0.47,-9.04,3.64
1.41,0.95,-3.04,1.88,8.62,1.14,3.08,0.45,0.13,2.42,14.89,5.18,3.97,-0.11,4.02,-1.82,-6.0,6.79,3.77,-0.47,2.87,-2.74,-23.8,7.32,3.1,-0.55,1.14,-1.55,-26.84,5.54,1.51,0.3,0.17,0.27,-25.76,5.96,0.88,0.06,-0.67,0.36,-22.59,7.74,-0.63,0.08,-0.47,0.56,-15.43,7.99,-0.77,-0.03,-0.52,0.68,-13.94,7.53,-1.04,-0.23,-0.3,0.43,-10.56,5.03,-1.05,-0.06,-0.08,0.63,-9.46,4.29,-0.97,0.15,-0.29,1.07,-8.45,4.5,-0.77,-0.06,-0.01,1.05,-8.35,3.89,-0.92,0.06,0.07,0.99,-8.56,3.33,-0.47,-0.02,0.03,0.87,-8.59,3.41,-0.58,-0.21,0.22,0.82,-8.68,2.92,-0.88,-0.12,0.43,0.73,-9.18,2.52,-0.64,0.02,0.22,0.75,-9.69,2.43,-0.24,-0.06,0.01,0.82,-9.14,2.47,-0.89,0.1,0.02,0.9,-8.86,1.71
-1.16,0.47,-1.5,0.45,0.83,-0.85,-0.1,-0.05,-1.48,2.82,13.47,4.27,3.09,-1.22,1.88,0.25,17.27,3.49,2.47,-0.56,5.76,-6.16,-14.93,8.53,3.2,-1.76,2.48,-7.93,-38.77,6.92,1.48,-0.63,-1.08,-4.39,-32.91,2.84,0.26,0.37,-1.41,-2.85,-21.32,4.87,-1.23,-0.12,-1.28,-1.74,-16.56,7.31,-1.8,-0.29,-1.08,-0.63,-12.31,4.82,-1.94,-0.24,-0.6,0.2,-9.44,3.95,-1.63,-0.35,-0.65,0.81,-6.87,3.15,-1.32,-0.48,-0.17,0.95,-6.35,2.35,-1.1,-0.33,-0.11,1.23,-6.7,1.65,-0.61,-0.26,-0.11,0.73,-7.42,0.97,-0.67,-0.19,0.2,0.69,-8.74,0.37,-0.3,-0.24,0.09,0.8,-9.42,0.61,0.04,-0.58,0.1,1.12,-9.5,0.87,0.14,-0.29,-0.4,0.8,-8.66,0.21,0.1,0.4,-0.2,0.97,-7.35,0.48,-1.05,0.89,0.54,1.0,-8.11,1.64
0.18,0.81,-2.62,0.78,5.36,-0.02,1.68,0.83,1.33,1.83,20.8,2.9,4.03,-0.25,4.01,0.16,8.03,5.51,3.54,-0.55,3.44,-4.02,-22.11,9.31,2.87,-1.45,0.44,-2.75,-35.45,10.62,0.68,-0.58,-0.66,-1.57,-28.01,6.64,-0.39,-0.37,-0.69,-1.87,-20.46,6.23,-1.12,-0.05,-0.76,-1.84,-17.94,5.19,-1.23,0.16,-0.78,-1.17,-13.76,4.27,-1.86,0.11,-0.33,-0.09,-9.83,3.35,-1.49,0.2,-0.48,0.26,-9.38,2.42,-1.63,0.2,0.04,0.66,-8.01,1.99,-1.36,-0.24,0.11,1.0,-7.95,2.36,-0.56,0.07,-0.32,1.09,-7.54,1.33,-1.53,0.38,-0.25,1.21,-7.24,0.46,-0.84,0.28,0.02,1.23,-6.49,1.51,-0.44,-0.0,0.07,1.15,-6.18,1.26,-0.37,0.3,-0.26,1.24,-6.6,0.34,-0.23,0.09,0.1,1.15,-6.66,0.97,-0.06,-0.09,-0.05,1.14,-7.33,0.83
3.43,0.4,1.67,1.79,8.0,1.61,3.79,0.21,2.24,0.48,-7.71,8.31,3.75,-0.25,1.7,-0.88,-22.54,10.16,2.22,-0.71,0.45,-0.28,-28.94,10.97,0.75,-0.64,-0.23,-0.46,-29.33,9.01,-1.06,0.11,-0.1,-1.27,-26.56,6.69,-2.0,0.09,-0.76,-1.24,-20.96,5.61,-2.53,0.2,-0.58,-0.58,-14.26,4.54,-2.74,0.23,-0.26,0.61,-10.72,4.52,-2.41,0.08,-0.32,1.23,-7.85,4.45,-2.21,0.22,-0.33,1.3,-5.03,3.27,-1.99,0.15,-0.1,1.83,-1.7,3.92,-1.76,-0.31,0.12,2.07,-0.88,2.84,-0.97,-0.09,0.3,1.63,-2.22,-0.08,-0.31,0.08,-0.15,0.69,-4.95,-1.66,-0.16,-0.14,-0.1,0.74,-6.44,-1.25,-0.05,-0.17,0.09,0.99,-7.51,-1.09,0.13,0.04,0.17,1.02,-8.66,-1.45,0.03,0.09,0.3,1.14,-10.48,-0.73,0.09,-0.01,-0.08,1.07,-11.01,-0.13
1.59,0.21,-1.49,2.03,-0.54,-0.41,2.39,0.68,0.19,2.15,6.2,0.89,2.36,0.4,1.72,2.04,-0.13,5.07,3.41,-0.3,2.12,0.61,-12.74,6.39,2.94,0.09,1.74,0.28,-19.66,6.84,1.84,-0.17,2.02,-0.55,-21.1,8.19,1.05,-0.41,1.39,-1.26,-29.13,6.72,-0.64,-0.03,-0.13,-1.26,-29.59,4.85,-1.33,0.08,-1.15,-0.72,-24.32,4.42,-2.19,0.32,-1.54,-0.14,-15.65,4.53,-2.67,0.54,-0.92,0.93,-9.1,5.21,-2.18,0.07,-0.31,1.69,-5.73,5.37,-2.27,0.06,-0.24,1.5,-5.92,3.15,-1.67,0.13,-0.08,1.71,-3.93,1.51,-1.05,0.22,-0.26,1.55,-2.77,1.29,-1.0,0.18,-0.02,1.12,-2.45,0.42,-0.4,0.29,0.42,0.83,-3.33,-0.81,-0.32,0.22,0.58,0.58,-5.74,-0.6,0.02,0.11,0.45,0.56,-7.82,-0.56,0.18,0.06,0.23,0.6,-9.45,-0.77
3.26,0.08,0.81,1.09,4.07,4.17,3.38,0.06,1.83,0.31,-3.36,5.98,2.85,-0.19,1.82,-0.9,-18.6,8.82,2.18,-0.41,1.2,-0.96,-26.57,9.1,0.49,-0.74,0.29,-1.55,-27.7,8.29,-0.77,-0.54,-0.24,-1.62,-26.77,7.12,-1.61,-0.4,-0.93,-0.89,-21.42,6.03,-2.4,0.0,-1.23,-0.3,-13.82,5.23,-2.41,-0.08,-0.01,0.35,-6.77,4.81,-2.34,0.22,-0.29,0.9,-7.06,2.9,-1.58,0.39,-0.35,1.32,-2.98,2.46,-1.23,-0.05,0.52,1.38,-1.87,2.02,-1.19,0.25,-0.04,1.33,-5.17,0.65,-0.46,-0.02,-0.51,0.89,-5.37,0.42,-0.58,0.08,0.08,0.76,-5.47,0.36,-0.34,0.07,-0.01,0.85,-7.14,0.0,-0.1,-0.05,-0.08,0.71,-8.16,-0.46,0.21,0.03,0.11,0.87,-8.56,-0.29,-0.11,0.08,0.11,0.89,-9.45,-0.14,0.01,0.15,0.23,0.9,-10.14,-0.11
1.76,0.48,-3.11,0.52,0.13,0.18,2.26,1.4,-1.91,-0.67,16.84,0.53,4.03,0.45,3.54,-1.04,6.63,6.29,3.38,0.71,3.21,-1.23,-19.01,9.68,2.67,-0.07,0.59,-0.16,-33.28,11.2,0.99,-0.45,0.12,0.1,-28.9,10.27,-0.71,-0.58,-0.05,-0.59,-26.29,9.44,-1.64,-0.46,-1.1,-0.71,-21.8,7.96,-2.35,-0.23,-1.13,-0.19,-15.07,6.21,-3.46,0.15,-0.21,0.22,-9.96,5.11,-3.18,0.16,-0.21,1.25,-6.85,3.78,-2.39,0.12,0.11,1.38,-4.2,2.61,-1.49,0.09,0.09,1.42,-3.55,1.1,-1.13,0.15,0.41,1.38,-2.92,0.72,-0.5,0.07,0.31,1.1,-3.57,0.76,-0.03,-0.03,0.49,0.73,-6.04,0.44,-0.09,-0.07,0.24,0.43,-7.16,0.0,0.05,-0.15,0.13,0.41,-8.36,-0.12,0.07,-0.21,0.13,0.37,-9.36,-0.06,0.16,-0.16,-0.02,0.27,-9.1,-0.36
1.94,0.53,-1.9,0.91,6.97,0.6,3.56,0.43,0.09,0.41,12.04,2.58,3.98,1.13,2.54,-1.03,-1.39,5.31,4.36,1.13,2.42,-0.07,-22.79,13.4,2.73,-0.68,0.73,0.74,-29.58,14.6,0.88,-0.99,0.09,0.2,-25.65,11.34,-0.32,-0.59,0.26,-0.34,-22.65,9.63,-1.46,-0.29,-0.66,-0.89,-17.46,7.72,-1.96,-0.08,-0.74,-0.46,-12.76,7.03,-2.56,-0.3,-0.17,0.22,-8.66,5.64,-2.43,-0.2,0.28,0.31,-7.76,4.33,-2.6,0.15,0.18,0.59,-8.96,3.61,-2.11,-0.16,-0.12,0.76,-7.74,2.95,-1.7,-0.22,0.12,0.98,-6.31,2.43,-1.59,0.15,-0.26,1.22,-7.03,1.22,-1.36,0.19,-0.28,1.19,-6.13,1.66,-0.82,0.0,-0.19,1.29,-5.6,1.43,-0.65,-0.09,-0.11,1.3,-5.8,1.04,-0.39,-0.04,-0.07,0.96,-7.24,-0.03,-0.05,-0.1,-0.03,0.82,-6.97,-0.23
1.83,0.15,-1.68,1.45,5.61,1.04,3.33,0.22,-0.75,1.41,6.24,1.35,3.94,0.69,1.66,0.06,3.47,2.45,3.49,1.11,2.98,0.12,-14.86,8.88,2.74,0.45,2.09,0.78,-26.86,12.82,1.36,-0.01,0.85,0.98,-27.76,13.88,-0.62,-0.48,0.1,1.25,-27.91,13.22,-1.49,-0.39,-0.51,-0.42,-22.49,9.18,-2.27,-0.32,-0.8,-0.6,-15.71,6.86,-2.7,-0.19,-0.64,0.05,-10.15,5.27,-2.65,-0.09,-0.28,0.52,-6.76,4.55,-2.43,-0.1,-0.32,1.07,-6.31,3.54,-1.9,0.27,-0.68,1.06,-4.68,1.96,-1.63,0.31,-0.27,1.42,-3.48,2.02,-1.25,-0.04,-0.38,1.69,-3.57,2.11,-0.71,-0.01,-0.21,1.49,-4.44,0.75,-0.53,0.06,0.22,1.32,-5.12,0.37,-0.11,-0.05,0.21,1.26,-6.79,0.42,0.05,-0.08,0.19,1.35,-7.98,-0.2,0.15,-0.06,0.18,1.2,-9.13,0.04
2.87,0.09,0.21,0.98,2.18,2.61,2.93,0.17,1.55,0.47,-3.2,6.9,3.38,-0.65,1.47,0.47,-19.59,9.34,2.12,-0.28,0.92,0.42,-25.99,8.07,0.91,0.51,0.3,0.74,-28.56,8.25,-0.51,0.34,-0.35,0.53,-25.73,10.26,-1.58,-0.08,-0.59,0.2,-21.92,8.7,-2.27,-0.02,-0.45,0.12,-15.08,7.26,-2.51,-0.11,-0.16,0.36,-10.39,6.39,-2.17,-0.43,0.3,0.66,-7.47,5.52,-2.47,0.34,-0.34,1.12,-7.92,2.72,-2.15,0.18,-0.78,1.43,-5.4,3.79,-1.55,0.09,-0.59,1.31,-3.78,2.0,-1.26,0.08,-0.34,1.13,-3.04,0.56,-0.83,0.15,-0.16,1.08,-3.82,0.2,-0.36,-0.11,-0.01,1.17,-4.25,-0.06,-0.24,0.1,0.3,1.16,-6.12,-0.57,-0.09,0.01,0.23,1.11,-8.53,-0.36,0.06,-0.15,-0.09,1.15,-9.35,-0.17,0.12,-0.08,-0.21,1.17,-9.25,-0.62
2.0,0.25,-0.83,0.49,3.62,-0.06,2.76,0.49,-0.19,0.74,6.11,1.68,3.77,0.25,1.04,-0.35,4.79,3.7,4.29,0.87,2.05,-0.34,-8.79,8.02,3.54,-0.03,1.39,0.97,-22.63,14.93,2.42,-1.01,0.22,1.72,-28.39,14.23,0.43,-0.72,-0.45,1.32,-26.11,11.48,-0.54,-0.48,-0.71,0.63,-21.37,10.4,-1.67,-0.52,-0.75,0.34,-14.37,8.9,-2.31,-0.79,-0.26,0.82,-10.57,7.84,-2.66,-0.56,-0.02,1.31,-7.8,6.32,-2.99,-0.32,0.27,1.53,-7.05,5.38,-2.64,-0.33,0.44,1.66,-5.72,4.5,-2.04,-0.11,0.07,1.51,-5.35,2.87,-1.87,-0.19,0.38,1.3,-4.45,1.94,-1.65,0.02,0.75,1.23,-4.51,0.86,-0.95,0.53,0.34,1.27,-6.18,1.0,0.69,0.39,-0.09,0.61,-7.09,1.54,-0.16,-0.35,0.24,1.24,-6.41,-1.03,-0.42,0.04,-0.16,1.65,-8.8,-0.3
1.75,0.25,1.1,1.73,-5.15,2.34,2.78,-0.16,1.15,1.21,-4.71,3.49,1.9,0.33,2.29,-0.24,-11.23,3.78,2.31,0.11,1.14,-0.44,-14.81,5.96,2.21,-0.23,1.08,-0.86,-16.16,6.6,0.53,0.13,1.04,-0.73,-19.12,6.28,0.4,-0.01,-0.06,-0.58,-18.91,6.6,-0.11,-0.13,-0.14,-0.65,-15.2,6.13,-0.82,-0.05,-0.59,-0.48,-12.38,5.65,-0.6,-0.08,-0.64,-0.27,-9.52,5.12,-0.57,-0.15,-0.66,0.22,-7.22,4.9,-0.66,-0.2,-0.42,0.39,-6.08,4.42,-0.51,-0.17,-0.15,0.43,-6.52,3.55,-0.35,-0.2,-0.04,0.55,-7.47,3.49,-0.26,-0.2,0.08,0.4,-7.81,3.47,-0.15,-0.06,0.08,0.5,-8.81,3.16,-0.05,-0.15,-0.06,0.52,-8.93,3.35,-0.05,0.02,-0.21,0.61,-8.93,3.39,0.02,0.09,-0.22,0.67,-8.84,3.39,0.07,-0.11,-0.12,0.69,-8.81,3.76
1.64,0.81,1.12,1.29,-0.49,5.22,2.53,0.1,1.4,0.19,-15.88,7.49,1.74,0.22,0.84,1.48,-21.81,6.75,1.41,-0.28,-0.18,2.26,-22.19,6.94,0.55,0.07,-0.08,2.19,-18.45,6.2,-0.13,0.28,-0.07,1.43,-15.37,6.12,-0.42,-0.15,-0.14,0.81,-11.84,5.11,-0.22,-0.05,-0.04,0.78,-9.59,3.59,-0.4,0.04,0.15,1.01,-7.71,3.42,-0.17,0.0,0.25,1.06,-7.85,3.8,-0.02,0.18,0.43,0.96,-8.34,3.92,0.03,0.05,0.13,1.11,-8.37,4.3,0.09,0.06,0.22,0.92,-8.01,4.18,0.07,-0.16,0.19,0.81,-8.41,4.09,0.13,-0.02,0.2,0.72,-8.65,4.01,0.1,-0.03,0.1,0.63,-9.12,3.95,-0.02,-0.13,0.07,0.64,-9.06,3.95,0.15,-0.11,0.09,0.62,-9.21,3.98,0.03,0.07,0.01,0.58,-9.47,3.86,0.1,-0.02,-0.01,0.67,-9.14,4.2
1.7,0.54,-1.33,1.24,7.46,0.37,2.18,0.99,1.97,0.37,2.64,3.46,3.35,0.21,2.06,-0.09,-9.74,8.49,2.63,-0.13,1.5,0.08,-18.58,8.89,1.57,-0.05,0.75,1.2,-23.18,8.71,0.77,-0.32,0.01,1.34,-21.5,9.02,-0.11,-0.94,-1.23,0.83,-23.97,11.79,-0.91,-0.2,-0.22,0.49,-13.66,6.49,-0.67,-0.38,-0.42,0.29,-10.44,5.67,-0.75,-0.35,-0.27,0.5,-7.93,4.59,-0.8,-0.15,-0.0,0.74,-7.03,4.04,-0.67,0.02,0.13,0.96,-6.37,3.96,-0.46,-0.13,0.08,1.18,-6.76,3.66,-0.37,0.06,0.21,1.18,-7.07,3.44,-0.2,-0.01,0.36,1.08,-8.08,3.49,0.04,-0.0,0.18,0.99,-8.91,3.54,-0.11,-0.04,-0.01,0.94,-9.59,3.76,-0.16,0.05,-0.14,0.94,-9.35,3.63,-0.12,-0.06,0.12,0.94,-9.54,3.97,0.07,-0.02,-0.04,0.94,-9.36,3.88
2.69,0.23,2.14,-0.52,-1.6,4.57,2.62,0.36,2.24,-1.13,-11.23,6.3,2.42,-0.28,1.44,0.0,-23.62,8.86,1.27,-0.26,-0.4,0.99,-26.31,6.85,0.63,-0.03,-0.67,0.99,-20.11,5.78,-0.08,-0.28,-0.67,0.46,-16.18,5.4,-0.44,-0.29,-0.47,0.17,-13.75,4.57,-0.96,-0.1,-0.09,0.46,-9.5,4.13,-0.83,0.0,-0.06,0.62,-8.49,3.86,-0.8,-0.06,0.09,1.01,-6.81,3.77,-0.4,0.09,0.07,1.11,-7.13,3.66,-0.1,0.02,0.03,1.18,-7.21,3.44,-0.37,-0.13,0.03,1.13,-7.18,2.92,-0.0,-0.14,0.08,1.09,-7.79,2.45,-0.06,-0.01,0.22,1.13,-8.19,2.08,-0.07,-0.03,-0.24,1.1,-8.58,2.53,0.09,0.01,-0.04,1.15,-8.95,2.49,0.17,-0.01,0.07,1.04,-9.28,2.98,0.11,-0.12,-0.1,1.0,-9.36,3.23,0.09,-0.07,0.08,0.99,-9.34,3.31
1.24,-0.18,-1.79,0.98,1.46,-0.59,2.63,0.34,-1.19,1.13,8.91,0.71,4.69,0.21,1.57,0.53,2.67,4.81,3.09,0.83,1.77,0.25,-15.75,8.56,2.73,0.13,0.92,1.04,-22.78,11.65,1.41,-0.21,0.22,1.45,-21.35,9.19,0.36,0.06,0.21,1.04,-17.78,7.8,-0.25,0.23,0.03,0.56,-16.49,7.61,-0.4,0.23,-0.23,0.3,-12.77,6.58,-0.37,0.24,-0.21,0.55,-10.45,6.08,-0.59,0.01,0.09,0.65,-8.93,5.71,-0.59,-0.11,-0.15,0.84,-8.3,4.87,-0.71,-0.01,0.17,0.92,-7.54,4.34,-0.53,-0.03,0.21,0.91,-7.36,4.03,-0.27,0.02,0.15,0.96,-8.19,4.41,-0.29,0.1,-0.23,0.71,-8.37,4.28,-0.47,-0.01,0.14,0.75,-8.92,4.06,-0.17,0.21,0.06,0.56,-9.02,3.93,-0.32,0.07,-0.04,0.6,-9.1,4.13,-0.34,-0.05,-0.11,0.49,-9.32,3.98
1.46,0.81,0.96,0.23,-4.89,3.05,2.56,0.38,0.9,1.36,-13.99,6.68,2.57,0.3,0.98,1.31,-18.43,6.47,1.96,0.44,0.31,1.99,-20.61,8.45,1.23,0.03,0.48,1.55,-19.08,8.75,0.17,-0.46,0.14,1.0,-17.53,7.17,-0.25,-0.26,0.1,0.73,-15.01,5.47,-0.42,-0.03,-0.11,0.7,-11.46,4.57,-0.7,0.07,-0.14,0.72,-9.25,4.31,-0.74,0.18,-0.29,0.88,-7.25,3.94,-0.67,0.07,-0.26,1.06,-6.5,3.95,-0.72,-0.04,-0.07,1.1,-6.17,3.55,-0.33,-0.04,-0.07,1.05,-6.81,3.56,-0.39,-0.03,0.03,0.87,-8.24,3.59,-0.25,-0.2,0.0,0.75,-9.1,3.4,-0.09,-0.11,-0.12,0.72,-8.98,3.15,-0.2,-0.11,-0.08,0.63,-9.53,3.39,-0.21,-0.08,0.02,0.76,-9.82,3.72,-0.01,-0.06,-0.05,0.73,-9.57,3.49,-0.34,0.03,0.06,0.9,-9.14,3.46
3.02,-0.35,0.78,1.95,-6.5,6.43,2.39,-0.51,1.61,0.65,-18.15,6.68,1.91,-0.8,-0.34,1.33,-25.78,5.92,1.05,-0.32,-0.4,1.89,-19.28,3.86,0.38,-0.04,-0.02,1.6,-15.98,4.3,-0.15,0.05,-0.16,1.31,-13.9,4.27,-0.1,0.17,-0.39,1.13,-10.81,3.84,-0.08,0.08,-0.01,1.29,-8.48,3.69,0.05,0.0,0.34,1.39,-7.91,3.77,-0.05,0.01,0.32,1.24,-8.22,3.18,-0.03,0.11,0.24,1.2,-8.6,3.55,0.06,0.09,0.07,1.11,-8.37,3.42,0.02,0.14,0.15,1.13,-8.37,3.56,0.26,0.13,0.11,1.02,-9.27,3.77,-0.09,0.05,0.07,1.02,-9.59,3.7,0.05,0.12,-0.03,1.21,-9.15,4.13,0.16,0.08,0.14,1.08,-8.96,4.15,0.1,-0.05,-0.04,1.02,-9.18,4.07,0.23,0.02,-0.06,0.95,-9.1,3.93,0.16,-0.08,-0.08,1.01,-8.8,3.9
2.88,0.18,1.48,0.66,10.74,2.41,3.68,0.64,2.71,-1.24,-10.99,8.67,3.79,-0.45,1.82,-0.92,-22.04,11.41,2.89,-0.6,0.41,0.84,-27.21,7.72,1.3,0.0,-0.51,1.42,-24.9,7.51,0.36,-0.09,-0.77,1.06,-20.1,7.34,-0.52,-0.05,-0.77,0.03,-12.79,5.9,-0.78,0.19,-0.35,-0.13,-9.93,5.2,-0.59,0.16,-0.31,0.19,-7.57,4.96,-0.49,0.16,-0.27,0.75,-7.08,4.7,-0.52,-0.06,0.1,1.21,-6.98,4.64,-0.36,-0.04,0.2,1.56,-7.38,4.17,-0.27,-0.05,0.3,1.71,-7.87,4.57,-0.13,-0.06,0.06,1.62,-8.63,4.5,-0.17,-0.3,0.04,1.47,-8.67,4.23,-0.19,-0.1,0.07,1.3,-8.83,3.89,-0.14,-0.13,0.12,1.26,-9.01,4.0,-0.21,-0.15,0.15,1.12,-8.84,3.91,-0.28,-0.08,0.05,0.91,-8.65,3.39,-0.16,0.05,0.05,0.98,-8.73,3.51
1.94,0.7,1.09,1.48,7.4,1.74,3.4,0.5,2.01,1.07,0.11,5.44,3.38,0.5,2.44,0.11,-13.64,8.59,2.69,0.1,1.16,1.01,-25.54,9.66,1.8,-0.07,0.12,2.52,-27.33,8.83,1.55,-0.22,-0.99,6.54,-34.11,15.05,-1.31,0.04,0.3,0.03,-14.39,3.66,-0.34,-0.28,-0.37,1.26,-12.81,5.83,-0.82,-0.03,0.02,0.75,-8.56,4.01,-0.68,0.09,0.12,0.95,-7.42,3.59,-0.56,0.22,0.46,1.2,-6.63,3.43,-0.62,0.17,0.5,1.26,-7.34,3.32,-0.48,0.22,0.38,1.35,-8.25,3.39,-0.31,-0.06,0.21,1.32,-8.27,3.22,-0.28,0.01,0.17,1.18,-8.49,3.12,-0.19,-0.17,0.26,1.18,-8.75,3.09,0.01,0.0,0.04,1.0,-9.11,2.64,-0.21,0.06,0.06,1.05,-8.86,2.78,-0.26,-0.14,0.07,0.95,-8.95,2.96,-0.05,0.03,0.04,0.76,-9.19,2.52
2.71,0.02,1.56,1.34,-5.78,6.19,2.74,-0.25,1.63,1.45,-14.47,8.78,2.21,-0.48,1.58,1.36,-19.53,7.83,1.56,-0.54,0.74,1.88,-22.04,6.98,0.71,-0.65,-0.2,1.73,-19.19,5.46,-0.25,-0.68,-0.39,1.21,-15.59,4.97,-0.33,-0.23,-0.34,0.85,-12.0,3.89,-0.24,0.08,-0.19,0.77,-9.43,3.78,-0.52,0.18,-0.02,0.84,-8.58,4.08,-0.62,0.11,-0.04,0.94,-7.69,4.22,-0.23,0.09,0.17,1.1,-7.44,4.15,-0.16,0.12,0.14,1.14,-8.15,3.87,-0.2,0.34,0.08,1.27,-8.23,4.06,-0.1,0.09,-0.14,1.32,-9.1,4.34,-0.2,0.16,-0.02,1.35,-9.06,4.11,-0.16,0.09,-0.07,1.31,-9.04,4.05,-0.19,0.12,-0.12,1.3,-9.34,4.31,-0.22,-0.06,-0.08,1.16,-8.84,4.07,-0.26,0.01,-0.0,1.23,-8.8,4.18,-0.36,-0.06,0.08,1.19,-9.87,4.0
2.2,0.67,0.5,1.38,5.12,0.54,3.08,1.29,2.4,0.15,-5.33,3.51,3.58,0.64,1.55,0.34,-16.88,7.41,2.78,0.26,0.39,1.24,-25.01,7.68,1.84,0.46,-0.45,2.71,-23.54,8.37,0.29,0.18,-1.02,3.12,-18.78,9.72,-0.38,-0.21,-0.51,2.71,-14.46,8.36,-0.6,-0.24,-0.37,1.99,-11.38,6.87,-0.76,-0.22,0.21,1.63,-8.61,4.93,-0.57,-0.26,0.5,1.6,-7.37,4.52,-0.4,0.17,0.4,1.54,-8.22,3.74,-0.35,-0.03,0.46,1.66,-8.42,3.92,-0.43,-0.05,0.35,1.72,-8.68,4.05,-0.28,-0.06,0.44,1.69,-8.71,3.81,-0.35,0.13,0.08,1.64,-8.56,3.98,-0.18,-0.13,0.25,1.6,-8.3,4.14,-0.2,-0.01,0.03,1.47,-8.69,3.77,-0.41,-0.11,0.32,1.4,-8.57,3.76,-0.06,-0.08,0.03,1.43,-8.57,3.84,-0.3,-0.11,0.16,1.19,-8.89,3.6
3.67,0.51,1.4,0.33,-3.87,4.27,3.74,0.56,1.2,0.19,-14.25,6.15,3.48,0.38,1.13,1.5,-22.24,8.59,1.58,0.25,0.58,2.69,-24.54,11.01,2.05,-0.75,-1.27,2.81,-26.1,11.21,-1.18,-0.34,-0.39,1.09,-20.1,6.75,-1.17,-0.42,-1.04,1.05,-13.75,5.35,-1.25,-0.25,-0.67,1.04,-7.96,4.3,-1.29,-0.21,-0.18,1.23,-6.23,3.87,-1.24,-0.3,0.14,1.69,-4.73,2.96,-0.77,-0.2,0.23,1.74,-4.88,2.39,-0.46,0.0,0.42,1.75,-5.95,1.72,-0.33,-0.15,0.41,1.82,-7.32,2.05,-0.31,-0.15,0.21,1.57,-8.74,1.91,-0.1,0.05,0.1,1.57,-9.35,2.3,0.03,-0.06,0.17,1.45,-9.64,2.45,-0.1,0.02,0.17,1.41,-9.21,2.2,0.05,0.03,0.21,1.36,-9.22,2.28,0.12,0.17,0.04,1.34,-9.36,2.3,0.11,-0.01,-0.03,1.3,-9.09,2.19
1.43,1.27,-1.75,1.21,5.27,0.72,1.82,0.58,0.49,1.29,8.24,4.9,3.38,0.35,1.72,1.06,-6.28,5.2,3.03,0.3,1.53,0.58,-16.81,7.86,2.23,-0.3,0.91,1.57,-27.74,8.48,1.3,-0.34,-0.61,1.95,-25.56,5.62,0.46,0.12,-0.52,1.25,-19.92,4.62,-0.35,-0.27,-0.21,0.43,-15.99,4.58,-0.5,-0.22,-0.27,0.06,-12.33,3.24,-0.41,0.13,0.05,0.23,-10.05,2.58,-0.6,0.23,0.2,0.66,-8.39,3.31,-0.44,0.21,0.13,1.09,-7.63,3.73,-0.49,0.16,0.37,1.24,-7.11,3.48,-0.27,-0.06,0.12,1.24,-7.74,3.4,-0.26,-0.15,0.12,0.85,-7.46,2.71,-0.18,0.0,0.32,0.78,-8.36,2.66,-0.2,0.02,0.12,0.78,-8.91,3.0,-0.08,0.01,0.18,0.61,-9.53,2.67,-0.19,0.05,0.4,0.63,-9.59,2.86,-0.1,-0.03,0.09,0.72,-9.05,3.21
1.78,0.02,-1.46,0.64,-1.07,0.32,2.25,0.67,-0.88,0.43,2.35,0.31,2.96,0.92,0.72,0.75,-0.04,3.04,3.12,0.28,1.52,0.69,-9.26,8.2,2.0,-0.16,0.91,1.68,-20.64,10.45,1.79,-0.25,0.05,2.01,-22.12,8.53,0.95,0.32,0.04,1.51,-18.42,7.47,-0.21,-0.23,-0.09,1.12,-17.06,7.61,-0.71,-0.21,-0.13,0.55,-14.96,5.92,-0.63,0.1,-0.25,0.55,-11.09,4.7,-0.78,0.24,-0.28,0.78,-8.4,4.57,-1.01,-0.01,-0.06,1.01,-7.38,4.36,-0.79,-0.06,0.19,1.09,-6.77,3.97,-0.67,0.02,0.04,1.01,-6.7,3.32,-0.43,-0.09,0.2,0.96,-7.02,3.41,-0.26,-0.17,0.1,0.72,-7.91,3.05,-0.31,-0.08,0.17,0.77,-8.74,2.87,-0.28,-0.0,0.09,0.74,-9.13,2.98,-0.13,0.06,0.16,0.75,-9.35,3.13,-0.05,-0.05,-0.04,0.75,-9.11,3.32
0.59,-0.33,-2.08,1.57,-1.49,-0.09,0.38,-0.05,-1.8,1.8,2.88,-0.05,1.36,0.47,-0.56,0.9,3.95,0.25,1.62,1.52,1.64,1.01,-5.82,2.3,2.28,1.01,1.63,1.74,-13.54,6.48,2.39,0.48,1.11,1.46,-20.01,7.37,1.18,0.25,0.8,1.93,-20.06,8.56,0.67,-0.04,0.16,1.92,-19.12,8.4,0.0,-0.07,-0.09,1.24,-14.73,6.34,-0.22,-0.07,-0.35,0.69,-11.15,4.82,-0.15,-0.2,-0.13,0.54,-8.42,3.85,0.06,-0.1,-0.1,0.57,-7.41,3.37,0.0,0.03,0.32,0.65,-7.13,2.86,-0.15,0.07,0.51,1.08,-7.17,3.31,0.04,0.02,0.57,1.14,-7.75,3.76,0.3,-0.09,-0.04,1.01,-9.24,4.54,0.27,-0.12,-0.09,0.88,-9.51,4.31,0.2,-0.06,-0.08,0.82,-9.05,4.21,0.05,0.05,0.3,0.86,-9.08,4.49,-0.17,0.02,0.19,0.94,-9.14,4.75
0.79,1.74,0.81,8.68,-1.47,1.91,0.55,1.17,0.24,19.28,-4.35,2.42,0.61,0.88,-0.68,23.8,-4.15,3.9,0.61,-0.06,-0.24,22.58,-2.11,3.68,0.21,-0.66,-0.03,19.03,-2.19,2.49,-0.24,-0.53,-0.06,14.89,-2.31,1.56,-0.25,-0.82,-0.11,11.08,-1.38,1.48,-0.32,-0.86,-0.05,9.38,-0.74,1.46,-0.35,-0.55,-0.06,7.81,-0.55,-0.24,-0.38,-0.21,-0.15,7.9,-0.29,-0.32,-0.19,-0.3,-0.3,8.17,0.08,0.53,-0.42,-0.54,0.17,7.83,-0.09,-0.23,-0.42,-0.05,0.01,8.41,-0.54,0.23,-0.3,-0.22,0.09,8.75,-0.56,0.51,-0.08,-0.1,-0.01,8.71,-0.55,0.11,-0.15,-0.0,-0.16,8.82,-0.17,0.14,-0.1,-0.06,-0.06,9.29,-0.44,0.22,-0.12,-0.06,-0.04,9.44,-0.49,0.23,-0.07,0.22,-0.03,9.24,-0.25,-0.21,-0.02,0.08,0.02,9.58,-0.39,0.15
0.62,2.3,1.04,11.78,-1.9,-1.88,0.68,2.27,0.57,18.36,-3.95,1.32,0.27,1.62,0.1,23.84,-4.86,2.3,0.25,0.95,-0.35,23.31,-2.89,3.16,-0.02,0.13,-0.07,20.95,-1.54,3.4,0.23,-1.24,-0.26,16.99,-1.1,4.03,0.2,-1.83,-0.22,13.17,-0.83,2.42,-0.1,-1.41,0.09,10.3,-0.55,0.05,-0.41,-0.41,0.03,8.7,-0.92,-0.59,-0.4,-0.75,-0.17,8.69,-0.98,0.34,-0.44,-0.88,-0.32,8.04,-0.99,-0.12,-0.69,-0.73,0.17,7.42,-0.4,-0.55,-0.44,-0.35,-0.04,7.78,-0.33,-0.08,-0.33,-0.47,-0.02,7.99,-0.76,-0.63,-0.27,-0.44,0.17,7.82,-0.87,-1.01,-0.29,-0.11,0.03,8.06,-0.42,-0.85,-0.35,-0.23,-0.04,8.38,-0.47,-0.55,-0.2,-0.34,0.02,8.63,-0.48,-0.63,-0.08,-0.18,0.11,8.14,-0.07,-1.06,-0.22,0.01,0.02,8.84,-0.48,-0.94
1.43,2.44,0.87,2.61,1.49,-0.66,0.51,3.02,1.24,16.64,-5.14,1.65,0.79,1.76,-0.32,26.25,-7.38,5.12,0.4,0.65,-0.92,27.54,-3.76,4.37,-0.02,-0.72,-0.14,24.37,-2.85,2.97,-0.14,-1.14,0.2,18.88,-2.75,2.32,-0.02,-1.68,-0.31,13.89,-1.71,2.27,-0.46,-1.11,0.11,9.87,-0.83,0.23,-0.41,-0.74,0.01,8.83,-0.45,0.6,-0.33,-0.74,-0.04,7.22,-0.44,0.15,-0.79,-0.83,0.2,6.98,-1.32,-0.55,-0.38,-0.78,-0.21,6.97,-0.83,-0.4,-0.23,-0.76,-0.35,6.11,-0.45,-1.14,-0.52,-0.41,-0.03,5.85,-0.07,-1.38,-0.25,-0.43,-0.22,7.09,-0.36,-0.62,-0.33,-0.33,-0.15,6.89,0.02,-1.13,-0.09,0.03,-0.04,7.39,-0.05,-1.3,-0.1,0.06,-0.0,8.3,-0.32,-0.75,-0.13,-0.05,0.03,8.81,-0.33,-1.03,-0.0,0.05,-0.1,8.85,-0.15,-1.27
0.25,2.26,0.59,14.08,-1.88,2.07,0.13,1.55,-0.42,22.3,-4.19,4.36,0.01,1.1,-0.56,23.53,-1.45,5.44,-0.29,0.64,0.01,21.6,0.3,5.41,-0.27,-1.03,-0.01,19.21,-0.36,5.81,-0.36,-1.26,0.28,14.41,-0.58,3.85,-0.59,-0.87,0.39,10.34,-0.06,2.14,-0.11,-1.37,-0.18,9.6,-0.2,2.86,-0.11,-1.53,-0.17,7.24,-0.25,0.67,-0.56,-0.89,0.47,6.52,-0.29,-0.4,-0.15,-0.63,-0.11,7.16,-0.36,0.4,0.05,-0.57,-0.34,7.05,-0.21,-0.1,-0.45,-0.5,0.15,6.94,-0.12,-0.5,-0.17,-0.4,0.02,7.89,-0.21,0.1,-0.02,-0.19,0.06,7.95,-0.36,-0.06,-0.18,-0.23,0.14,8.65,-0.4,0.15,-0.13,-0.08,-0.03,8.29,-0.78,0.0,-0.05,0.17,0.14,8.6,-0.13,0.13,0.09,0.01,-0.03,9.02,-0.14,0.03,0.04,0.05,0.12,9.24,-0.45,-0.07
-0.19,2.1,0.84,13.72,-3.28,2.96,0.12,1.93,0.33,23.82,-4.39,4.7,0.27,0.71,-0.36,27.05,-4.25,5.2,-0.3,-0.62,0.12,23.65,-0.6,5.63,-0.11,-1.44,0.24,20.24,0.15,5.58,-0.11,-1.95,0.14,15.52,0.84,4.99,-0.08,-1.89,-0.04,10.19,0.32,2.45,-0.5,-1.63,0.32,8.26,0.05,0.93,-0.13,-1.37,0.11,6.63,-0.29,0.51,-0.11,-1.21,-0.15,5.44,0.04,-0.64,-0.35,-1.05,0.16,5.0,-0.37,-1.68,-0.23,-0.64,0.27,5.05,-0.28,-1.47,0.26,-0.21,0.46,5.26,-0.33,-2.06,0.09,-0.01,0.18,6.53,-0.4,-1.83,-0.02,0.16,0.02,7.17,-0.12,-1.47,-0.18,0.23,0.19,7.64,-0.44,-1.15,-0.05,0.27,0.19,8.18,-0.54,-1.2,0.16,0.28,0.21,9.02,-0.77,-1.14,0.0,0.36,0.27,9.68,-1.18,-1.0,0.02,0.33,0.28,9.83,-1.15,-0.84
-0.82,-0.55,2.34,6.94,-6.06,-0.63,-1.32,0.06,2.79,5.81,-5.98,-0.76,-1.01,0.45,2.3,6.55,-5.17,-0.72,-0.91,-0.44,0.85,2.26,0.7,0.5,0.26,1.07,1.38,0.05,9.64,0.41,2.67,1.35,3.83,-1.13,14.28,2.38,5.47,-0.31,4.76,-2.04,2.59,7.55,4.7,-0.02,4.06,-1.98,-20.59,7.98,2.25,-0.66,1.57,3.8,-38.77,5.79,0.15,-0.96,-0.5,3.94,-36.41,3.74,-1.02,-0.93,-0.59,3.39,-26.94,3.66,-1.61,-0.67,-0.99,2.0,-15.69,4.06,-1.74,-0.44,-0.66,1.64,-10.1,3.17,-1.77,-0.46,0.42,1.61,-6.89,3.35,-1.37,-0.94,0.99,1.92,-5.63,2.1,-1.11,-0.21,0.98,1.78,-5.01,0.63,-0.47,1.18,0.64,1.57,-5.56,0.76,-0.18,0.68,0.32,1.26,-6.65,0.32,-0.31,0.11,0.08,1.17,-7.2,0.27,-0.6,-0.37,0.74,1.15,-7.12,-0.39
0.84,-0.51,-2.27,1.17,-0.53,-1.29,1.71,-0.38,-1.43,1.2,2.85,0.0,2.85,-0.33,0.83,2.88,7.09,2.75,4.24,0.51,1.62,0.08,-4.34,5.77,3.79,0.01,1.34,-0.55,-14.59,7.85,2.59,0.78,0.65,-0.88,-22.71,8.96,1.76,-0.11,0.08,0.72,-25.76,10.69,-2.49,-1.3,-0.99,2.95,-15.89,4.61,-1.81,-0.46,-1.38,-3.24,-22.74,7.89,-2.22,-0.07,-0.43,0.18,-14.15,6.44,-2.52,-0.03,-1.03,0.4,-9.85,5.16,-2.46,0.0,-0.73,0.32,-7.8,3.72,-2.59,0.16,0.12,0.66,-6.81,2.93,-1.89,0.29,-0.39,0.8,-5.49,1.73,-1.24,0.03,-0.55,1.58,-4.81,1.45,-1.15,-0.06,-0.07,1.5,-4.38,0.62,-0.97,0.25,0.23,1.18,-5.44,-0.11,-0.51,0.38,0.13,1.44,-6.21,-0.18,-0.06,-0.03,0.19,1.38,-6.83,-0.25,0.0,-0.02,0.31,1.34,-7.35,-0.47
2.09,0.41,0.53,2.0,0.97,4.06,3.75,-0.61,0.68,0.6,-9.58,4.87,2.45,-0.53,0.96,0.13,-18.93,6.04,1.82,-0.08,0.62,0.65,-20.43,6.31,0.87,-0.37,0.25,1.24,-21.47,7.71,0.02,-0.59,-0.35,0.92,-22.74,7.76,-1.31,-0.1,-0.51,0.84,-20.09,7.16,-1.96,0.36,-0.76,1.12,-11.17,5.38,-1.58,0.21,-0.72,0.45,-8.49,3.91,-1.83,0.17,-0.11,1.04,-7.17,3.39,-1.42,0.28,0.31,1.32,-5.88,2.04,-1.28,0.22,0.04,0.05,-7.72,1.64,-0.97,0.44,0.2,1.1,-6.85,1.44,-0.67,-0.27,0.28,1.46,-7.73,1.9,-0.48,-0.11,-0.2,0.93,-7.74,1.24,-0.54,0.34,-0.04,1.16,-8.09,1.07,-0.5,0.36,0.31,1.24,-8.98,1.08,-0.57,-0.1,0.24,1.27,-9.24,1.19,-0.25,-0.3,0.07,0.95,-8.58,1.26,-0.25,-0.06,-0.15,1.18,-8.49,1.25
4.55,-1.8,-0.31,-1.57,-11.4,4.24,3.2,-0.87,0.04,1.4,-19.87,6.94,1.94,0.12,0.24,1.82,-22.46,7.36,0.81,-0.38,-0.04,3.01,-22.98,9.01,-0.55,-0.2,-0.06,1.72,-22.28,8.15,-1.39,-0.27,0.27,1.69,-18.79,7.51,-2.48,-0.2,0.81,1.44,-14.36,6.47,-2.75,-0.13,0.76,1.18,-12.19,5.51,-2.69,0.13,1.02,1.0,-8.78,4.25,-2.58,0.13,0.77,0.22,-7.23,3.53,-2.65,0.06,0.21,0.16,-6.23,2.29,-1.89,-0.28,-0.54,1.36,-5.26,0.97,-1.03,-0.22,-0.45,0.79,-3.75,0.5,-1.29,-0.2,0.04,0.23,-4.8,-0.75,-0.74,0.08,0.25,1.51,-5.18,-0.8,-0.56,0.02,0.37,0.92,-5.98,-1.33,-0.1,-0.12,0.11,0.09,-7.14,-1.63,0.07,0.03,0.08,0.07,-8.17,-1.66,0.04,0.2,0.17,0.34,-8.7,-1.58,0.23,0.21,0.3,-0.06,-9.06,-1.79
0.19,0.56,-2.29,0.0,1.01,-0.01,2.11,1.57,-0.7,1.43,13.95,0.13,5.02,1.1,3.04,0.98,1.9,5.3,3.37,-0.06,2.44,1.39,-19.97,10.83,2.13,-0.45,2.02,0.71,-26.95,9.91,1.43,-0.55,0.63,0.92,-26.67,8.43,-0.15,-0.44,-0.23,0.84,-23.8,7.03,-1.11,-0.31,-0.44,0.15,-19.29,6.41,-1.55,-0.2,-0.89,0.02,-12.06,4.88,-1.65,-0.02,-0.6,0.41,-8.38,3.92,-1.16,-0.41,-0.32,0.69,-7.05,3.08,-1.1,-0.32,-0.1,0.86,-6.67,2.17,-0.85,0.01,0.56,1.22,-6.29,1.75,-0.74,0.01,0.36,0.58,-8.4,1.79,-0.58,0.13,-0.03,1.17,-7.65,1.93,-0.56,-0.01,0.24,0.82,-7.95,1.76,-0.33,0.17,0.44,1.37,-7.67,1.74,-0.18,0.06,0.24,0.73,-8.36,1.68,-0.34,0.2,0.11,1.0,-8.77,1.67,-0.31,0.1,0.23,0.62,-9.16,1.39
3.62,-0.93,1.7,0.1,1.47,5.47,3.42,-1.03,1.91,-2.34,-11.79,5.59,2.43,-0.47,1.07,-1.18,-26.79,7.26,1.57,-0.5,-0.11,-0.68,-28.01,6.23,-0.03,-0.1,-0.6,-0.04,-22.02,5.79,-1.03,-0.29,-0.85,-0.66,-18.94,6.19,-1.43,0.07,-0.62,-0.48,-11.8,4.5,-1.76,0.11,-0.55,-0.05,-9.74,4.04,-1.62,-0.2,-0.22,0.59,-8.0,3.47,-1.67,-0.25,-0.19,0.04,-7.22,2.58,-1.42,0.48,-0.2,0.79,-7.54,1.83,-1.33,0.04,-0.21,1.13,-7.74,1.92,-1.11,0.05,-0.15,0.9,-7.12,1.22,-0.75,0.31,-0.17,1.18,-7.08,0.66,-0.7,0.14,-0.08,1.21,-7.27,0.48,-0.41,0.1,-0.07,1.55,-7.04,0.6,-0.05,0.11,0.05,1.5,-7.48,0.42,0.02,0.06,0.2,1.4,-7.69,0.42,-0.11,-0.19,0.14,1.14,-8.75,0.3,-0.11,0.01,-0.01,1.14,-9.11,0.04
3.23,1.64,0.32,3.58,16.49,-0.68,4.19,0.69,2.88,-1.75,-6.17,6.66,3.2,-0.39,1.99,-1.89,-28.96,9.4,2.12,0.01,0.34,1.18,-30.29,7.86,0.7,0.57,-0.18,2.04,-21.44,7.39,-0.36,0.37,0.1,2.37,-16.3,8.11,-0.93,-0.68,0.21,0.05,-12.86,5.0,-0.52,-0.16,0.38,-0.58,-8.94,2.37,-0.62,0.2,0.62,0.83,-6.63,3.13,-0.42,-0.07,0.15,-0.18,-6.93,2.41,-0.1,0.26,0.33,0.53,-6.7,2.47,0.21,0.19,0.19,0.07,-7.77,2.64,0.31,-0.02,-0.22,0.52,-8.71,3.43,0.14,-0.17,-0.11,0.11,-8.83,3.35,0.1,0.01,-0.07,0.17,-9.32,3.46,0.07,0.05,0.25,0.4,-9.01,3.28,-0.09,0.08,0.11,0.09,-9.49,3.37,0.14,-0.01,0.06,-0.18,-9.6,3.34,0.09,0.04,0.08,0.08,-9.34,3.81,-0.04,-0.17,-0.08,0.05,-9.34,3.77
4.43,-1.46,1.47,-0.49,2.04,4.45,3.26,-1.32,1.05,-2.44,-26.7,4.93,2.1,-0.1,0.16,0.16,-30.32,2.41,1.41,0.35,0.19,0.89,-22.75,1.2,0.18,0.54,0.28,1.78,-17.42,5.06,0.01,-0.21,0.24,0.4,-13.66,3.57,-0.31,0.14,0.18,0.2,-10.85,3.02,-0.29,0.39,0.39,0.44,-8.35,3.15,-0.38,-0.2,0.75,0.25,-8.44,2.78,0.02,-0.1,0.35,0.13,-8.55,2.07,0.06,0.07,0.12,-0.02,-9.41,2.21,0.07,0.12,-0.12,0.21,-9.55,2.65,0.14,0.09,-0.35,0.17,-9.13,2.73,0.02,0.07,-0.12,0.28,-9.23,3.08,-0.1,-0.04,-0.05,0.55,-9.27,3.14,0.03,0.06,-0.15,0.32,-9.08,2.61,-0.03,-0.04,-0.01,0.22,-9.46,2.59,0.02,-0.08,0.06,0.09,-9.48,2.59,-0.0,-0.12,0.03,-0.01,-9.38,2.41,0.13,0.2,-0.22,0.1,-9.37,2.54
1.28,1.31,0.64,6.24,13.82,4.46,3.45,0.27,2.16,-2.2,-5.13,3.31,3.22,-1.17,1.49,-2.44,-23.8,4.27,2.32,-0.58,0.01,-2.1,-28.19,4.93,1.26,-0.65,0.06,0.11,-24.78,4.61,0.55,-0.63,-0.83,0.41,-21.4,5.01,-0.69,-0.65,-0.61,0.0,-16.48,4.6,-0.99,-0.15,-0.03,0.72,-11.79,3.92,-1.03,0.17,-0.06,0.36,-9.48,3.32,-1.07,-0.15,-0.01,0.81,-8.01,3.17,-0.96,-0.19,0.15,0.45,-7.94,2.18,-1.11,0.08,0.26,0.15,-8.47,1.79,-0.82,0.08,0.39,0.78,-8.47,1.78,-0.65,-0.49,0.7,0.77,-7.44,2.09,-1.05,-0.47,-0.01,0.19,-8.61,0.73,-0.23,0.17,0.24,0.23,-8.17,0.81,-0.23,0.66,1.11,1.33,-7.94,0.68,-0.45,0.81,0.41,-0.36,-7.83,0.89,0.17,-0.11,-0.51,0.5,-9.53,2.8,0.41,0.27,-1.14,0.18,-9.36,0.7
0.95,0.56,-2.25,1.31,5.08,0.88,1.56,0.79,2.17,0.02,12.45,2.24,2.77,0.07,2.94,-1.78,-5.34,4.8,3.06,-0.29,2.22,-2.27,-18.83,6.48,2.28,-0.29,0.5,-1.01,-26.71,6.06,0.82,-0.1,0.22,-0.31,-24.35,6.99,-0.06,-0.24,-0.14,-0.56,-23.39,7.44,-0.96,-0.25,-1.05,-0.66,-19.55,6.25,-1.47,-0.15,-0.88,-0.28,-13.09,5.06,-1.6,-0.15,-0.62,0.13,-8.43,3.92,-1.58,-0.27,-0.56,0.45,-6.77,3.5,-1.39,-0.32,-0.32,0.8,-5.05,3.19,-1.15,-0.24,0.06,1.17,-4.82,1.97,-0.71,-0.25,-0.02,1.16,-7.92,1.61,-0.27,-0.36,-0.07,1.06,-8.37,1.38,-0.26,-0.36,0.08,1.08,-7.85,1.07,-0.4,-0.04,-0.12,1.01,-9.2,0.77,0.07,-0.07,-0.24,1.08,-8.77,0.84,-0.16,-0.22,0.16,0.91,-8.86,1.65,-0.37,-0.18,0.15,1.0,-9.53,1.15
1.39,0.14,1.55,1.0,4.01,4.37,1.43,-0.1,1.58,-0.39,-10.98,6.25,1.65,-0.34,0.75,-0.24,-20.14,4.9,-1.36,-1.5,-2.97,2.1,-28.21,17.99,-1.21,0.59,0.23,-3.21,-13.15,3.46,0.24,-0.32,-0.88,0.24,-9.5,4.97,-0.4,-0.07,0.05,0.37,-7.26,3.89,-0.41,-0.13,0.32,0.43,-7.04,3.8,-0.15,0.0,0.22,0.57,-7.34,3.32,-0.1,-0.07,0.28,0.56,-8.16,3.19,-0.13,-0.01,0.09,0.61,-9.47,3.88,-0.16,-0.11,0.15,0.61,-8.9,3.6,-0.07,-0.04,0.08,0.49,-8.92,3.63,-0.06,-0.03,0.18,0.51,-8.69,3.88,-0.07,-0.03,-0.09,0.65,-9.26,3.8,0.04,-0.05,0.0,0.53,-9.26,3.87,-0.18,0.0,0.12,0.53,-9.11,4.06,-0.21,-0.05,-0.16,0.43,-9.34,3.98,-0.18,-0.09,0.1,0.52,-9.22,3.94,-0.11,-0.1,0.06,0.39,-8.97,3.59
-1.09,1.14,-2.11,-1.46,-11.35,-1.46,-1.02,1.33,-2.99,-1.03,-11.05,-0.78,-0.23,0.46,-2.87,0.65,-5.75,1.31,0.53,0.23,-2.7,2.23,-0.32,-0.12,1.58,1.12,-1.36,2.29,12.5,-0.88,2.92,1.03,5.42,0.51,13.06,5.16,2.31,-0.42,5.09,-4.17,-13.15,10.16,2.04,-0.94,1.26,-3.43,-29.05,7.96,0.43,-0.44,-0.36,-2.03,-28.78,4.41,-0.2,-0.1,-1.57,-0.71,-19.29,4.8,-0.77,-0.13,-1.57,-0.22,-12.02,4.91,-0.76,-0.21,-0.81,0.5,-6.45,4.22,-0.88,-0.14,0.11,1.22,-5.38,3.11,-0.57,-0.17,0.24,1.2,-5.94,2.08,-0.37,-0.07,0.43,1.05,-8.16,1.94,-0.39,-0.1,0.24,0.87,-9.41,1.92,-0.16,-0.12,-0.06,0.82,-9.52,1.68,-0.05,-0.05,0.06,0.79,-9.19,1.87,-0.1,-0.07,-0.09,0.93,-9.05,1.94,-0.06,0.06,0.01,0.93,-8.98,2.06
1.85,0.64,-1.96,2.48,0.79,-1.2,2.05,1.67,0.63,1.05,12.06,1.64,2.35,0.35,3.07,-1.02,-6.43,11.1,1.59,-0.58,0.51,-2.15,-28.93,9.74,0.24,-0.4,-1.05,-0.94,-27.79,8.42,-0.81,-0.5,-1.62,-0.48,-19.14,7.41,-1.01,-0.29,-1.12,0.1,-9.15,5.95,-1.22,-0.3,-0.32,0.63,-5.98,4.85,-1.06,-0.26,0.17,1.25,-4.91,3.71,-0.94,-0.28,0.57,1.26,-6.07,2.42,-0.73,-0.17,0.59,1.13,-6.87,2.23,-0.58,-0.36,0.35,0.9,-8.54,1.72,-0.36,-0.02,-0.09,0.83,-9.43,1.29,-0.36,0.07,-0.11,0.89,-9.23,1.35,-0.21,-0.03,0.17,1.05,-8.62,1.84,-0.34,-0.05,-0.15,1.02,-8.8,2.19,-0.21,0.11,0.03,1.1,-8.69,2.37,-0.12,-0.03,0.17,0.9,-9.22,2.49,-0.3,-0.02,0.18,0.76,-9.23,2.14,-0.02,-0.03,0.32,0.7,-9.74,2.17
-0.09,1.55,-2.62,0.05,-2.78,-1.44,1.05,1.31,-1.03,1.12,17.31,2.7,2.41,1.0,3.51,0.74,17.79,7.59,3.31,0.57,3.59,-2.19,-14.2,10.89,2.28,-0.35,2.22,-2.34,-29.51,11.76,0.41,-0.59,-0.12,-1.58,-30.42,8.45,-0.7,-0.54,-1.07,-1.71,-24.69,6.8,-1.5,-0.42,-1.43,-1.35,-14.26,5.51,-1.77,-0.11,-1.32,-0.35,-7.25,4.39,-1.81,-0.07,-0.19,0.46,-4.13,3.68,-1.25,-0.18,-0.09,0.82,-3.82,2.15,-0.74,-0.05,0.28,0.95,-4.21,1.6,-0.41,-0.22,0.23,0.93,-5.72,1.55,-0.07,-0.08,0.08,0.73,-7.27,1.07,-0.06,-0.06,0.22,0.54,-8.91,1.29,0.12,-0.23,-0.01,0.46,-9.8,1.38,0.12,-0.05,-0.06,0.51,-10.12,1.26,-0.08,0.07,0.01,0.61,-10.13,1.58,0.07,0.08,-0.12,0.69,-9.58,2.04,-0.05,0.04,0.13,0.71,-9.44,2.33
2.67,0.71,2.15,0.22,-1.91,7.4,1.94,-0.51,2.34,-1.13,-16.15,7.21,2.02,-0.75,1.22,-0.49,-23.14,5.05,0.85,-0.42,0.04,-0.09,-23.93,3.63,0.09,-0.31,-0.57,-0.52,-21.11,3.38,-0.39,0.06,-1.16,-0.4,-15.36,4.14,-0.93,0.01,-1.03,0.06,-9.95,4.37,-0.9,0.01,-0.27,0.56,-6.95,4.14,-0.86,-0.03,-0.07,0.8,-6.58,3.29,-0.75,-0.19,0.25,0.9,-6.38,2.68,-0.58,-0.1,0.28,0.72,-7.36,2.13,-0.58,-0.17,0.39,0.65,-8.08,1.64,-0.43,-0.1,0.19,0.57,-8.55,1.17,-0.34,0.13,0.2,0.48,-9.1,1.08,-0.28,0.02,0.32,0.55,-9.38,1.27,-0.3,0.27,0.4,0.41,-9.52,1.21,-0.22,0.21,0.25,0.44,-9.94,1.33,-0.38,0.08,0.03,0.57,-10.14,1.55,-0.25,0.19,-0.08,0.48,-9.94,1.47,-0.35,0.05,0.01,0.38,-9.89,1.1
2.13,1.25,1.11,3.33,17.27,2.91,3.69,0.28,3.5,-0.48,1.21,7.05,2.97,-0.67,2.84,-3.74,-25.08,6.48,1.6,-0.41,0.48,-2.9,-31.73,5.33,0.46,0.07,-0.95,-1.87,-29.05,4.93,-0.97,0.08,-1.7,-0.91,-19.16,6.72,-1.63,-0.16,-1.46,-0.52,-13.08,6.7,-1.54,-0.23,-0.7,0.66,-5.93,4.51,-1.35,-0.47,-0.22,1.11,-4.94,3.8,-1.06,-0.69,-0.1,1.0,-4.7,2.53,-0.91,-0.25,0.18,0.8,-5.85,1.0,-0.6,-0.12,0.19,0.71,-7.24,0.63,-0.43,-0.21,0.16,0.44,-8.41,0.33,-0.38,-0.09,0.17,0.46,-8.5,-0.01,-0.04,0.08,0.07,0.66,-8.67,0.23,0.02,-0.03,-0.08,0.86,-8.77,0.68,-0.05,0.07,0.05,0.99,-8.83,1.07,0.21,-0.06,0.1,1.13,-9.0,1.46,0.12,-0.05,0.08,1.01,-9.53,1.55,0.03,-0.12,0.2,0.72,-10.11,1.12
2.4,1.42,0.53,0.27,12.01,0.11,2.65,0.44,3.2,-0.84,-4.77,6.63,2.85,-0.77,2.11,-1.09,-19.91,7.65,1.69,-0.19,0.61,-0.27,-28.07,6.49,0.18,-0.53,-0.91,0.61,-26.66,6.13,-0.84,-0.55,-0.93,0.54,-20.2,5.71,-1.46,-0.33,-1.21,0.24,-12.69,5.36,-1.2,-0.27,-0.78,0.73,-6.68,4.71,-1.06,-0.4,-0.54,0.64,-5.37,3.45,-1.15,-0.37,-0.13,1.09,-4.66,2.01,-0.7,-0.47,-0.02,1.01,-5.99,1.28,-0.46,-0.32,-0.21,1.14,-6.05,0.63,-0.28,-0.16,0.11,1.17,-7.16,0.26,-0.15,0.02,-0.07,1.19,-8.17,0.63,0.1,0.02,-0.19,1.44,-8.43,0.87,0.15,0.09,0.09,1.58,-8.75,0.98,-0.08,0.24,0.18,1.58,-9.91,1.2,0.28,0.11,0.11,1.62,-9.8,1.8,0.23,0.05,0.04,1.62,-10.13,2.11,0.04,-0.04,-0.17,1.65,-9.98,2.31
1.09,0.73,-2.48,1.17,-2.71,-0.64,1.54,1.36,-0.75,0.54,8.79,-1.09,2.74,0.59,3.54,0.31,9.29,8.18,3.0,-0.45,3.73,-1.49,-10.47,12.38,1.86,-0.88,1.31,-0.43,-27.69,11.6,0.56,-0.78,-0.32,-0.82,-29.96,7.82,-0.81,-0.53,-1.62,-1.28,-26.17,5.78,-1.83,-0.35,-2.05,-1.29,-15.74,5.42,-2.05,-0.2,-1.49,-0.34,-8.19,4.7,-1.86,-0.29,-0.9,1.3,-2.95,3.94,-1.57,-0.21,0.28,1.85,-3.17,2.56,-1.05,0.1,0.37,2.09,-4.25,2.67,-0.65,-0.31,0.47,2.13,-5.98,2.61,-0.48,-0.32,0.16,1.91,-7.06,1.83,-0.3,-0.26,0.17,1.56,-7.55,1.44,-0.13,-0.04,0.32,1.44,-8.2,1.4,0.16,-0.11,-0.04,1.59,-9.11,1.33,0.17,-0.06,0.01,1.56,-9.09,0.97,0.27,-0.05,-0.04,1.78,-9.43,1.47,0.22,-0.1,0.12,1.72,-9.68,1.61
