1.71,-1.28,-0.19,11.81,-2.38,-7.72,1.24,-1.43,-0.52,8.69,-4.41,-12.51,-0.24,-0.31,-0.38,1.69,-4.84,-19.52,-1.35,3.39,-0.08,-1.21,-4.86,-19.45,-1.98,4.59,0.46,-3.14,-3.64,-9.06,-1.91,6.1,-1.3,-3.84,-3.44,10.16,-1.24,5.5,-0.32,7.89,7.74,22.72,-0.54,0.71,1.38,17.9,-0.45,39.45,0.39,-1.49,0.63,19.1,-4.09,29.45,1.0,-2.59,-0.95,10.49,-3.46,14.56,0.58,-2.71,-0.5,6.59,-0.24,9.95,0.25,-2.18,0.28,4.47,0.13,3.01,0.16,-2.05,0.31,4.85,-1.64,-0.19,-0.09,-1.6,0.19,6.38,-1.78,-3.11,-0.03,-1.47,-0.27,7.31,-1.95,-3.57,-0.09,-1.55,-0.4,7.17,-1.33,-4.39,-0.32,-0.71,-0.24,7.74,-0.34,-5.71,0.09,-0.29,-0.06,8.63,-0.15,-4.93,0.1,-0.18,-0.2,9.1,-0.56,-4.18,-0.26,0.17,-0.33,9.53,-0.48,-2.9
-1.2,3.76,0.79,-2.17,-2.87,-11.94,-0.95,4.43,0.13,-2.11,-5.06,0.62,-0.83,5.66,-1.0,3.07,-0.42,18.78,-1.35,2.1,1.19,13.58,-1.17,38.17,-0.55,-1.14,0.2,20.19,-6.71,29.31,0.25,-2.23,-1.04,15.88,-7.62,20.77,0.36,-2.6,-1.51,7.58,-3.0,12.16,0.32,-2.72,-0.92,4.96,-1.1,7.96,0.09,-2.08,-0.68,4.49,-1.08,2.47,0.01,-1.75,-0.8,4.85,-1.22,0.71,-0.14,-1.32,-0.93,5.24,-0.67,-1.59,-0.28,-1.07,-0.6,6.84,0.45,-3.31,0.07,-1.09,-0.3,7.35,0.5,-3.0,-0.13,-1.08,-0.23,7.49,1.51,-4.92,-0.07,-0.01,-0.11,7.93,0.71,-6.84,0.02,-0.09,-0.05,9.56,0.5,-4.06,-0.12,-0.21,0.05,9.14,0.91,-3.59,-0.05,0.44,0.01,9.42,0.46,-2.27,0.12,0.24,-0.36,10.0,0.49,-0.04,-0.11,0.1,-0.06,9.51,0.64,0.36
0.0,2.77,1.28,-3.38,-0.57,-16.44,-0.45,6.13,1.52,-6.46,-2.04,-9.63,0.02,5.52,-0.14,-0.34,-7.14,15.67,-0.26,4.73,-0.45,5.26,-1.55,24.46,-0.22,2.13,0.72,12.84,-1.24,32.66,0.02,-0.59,0.01,16.22,-5.05,23.95,0.54,-1.52,-0.44,14.65,-4.44,19.03,0.53,-1.98,-0.6,10.39,-2.22,11.89,0.08,-1.84,-0.26,8.27,-1.97,8.26,-0.1,-1.6,-0.39,7.12,-1.98,6.99,-0.08,-1.24,-0.21,6.26,-1.53,5.15,-0.12,-0.9,-0.25,5.46,-1.17,4.31,-0.27,-0.72,-0.28,5.39,-1.0,2.33,-0.1,-0.94,-0.18,6.43,-0.21,3.32,0.0,-1.63,-0.46,7.09,-0.69,1.63,-0.02,-1.18,-0.21,7.04,0.62,-2.1,0.24,-0.76,0.02,7.76,0.04,-3.5,-0.16,-0.76,-0.05,9.02,-0.74,-4.64,-0.14,0.26,-0.03,8.87,-0.46,-4.12,-0.08,0.22,-0.11,9.94,-0.45,0.82
-0.46,5.57,0.98,-6.03,-2.64,-8.8,0.39,6.2,-0.1,-4.12,-4.72,7.85,-0.98,4.67,0.99,3.55,-0.28,27.55,-0.61,1.39,1.77,15.51,-3.34,36.37,0.79,-0.66,-0.88,25.45,-10.75,35.15,0.87,-3.23,-1.58,12.17,-3.85,20.44,0.07,-2.6,-0.37,7.19,-1.25,9.85,0.38,-2.46,-0.31,5.87,-1.08,8.14,-0.12,-2.8,-0.53,5.3,-1.94,6.27,0.15,-2.26,-0.6,4.14,-0.17,2.13,-0.09,-1.5,-0.35,4.58,0.35,0.23,0.05,-1.8,-0.56,5.88,0.17,0.43,0.13,-1.81,-0.14,6.18,0.97,-2.54,-0.08,-1.1,0.15,6.32,1.18,-4.72,0.13,-0.61,0.17,8.04,-0.04,-4.06,0.12,-0.25,0.14,8.4,0.14,-3.84,-0.08,0.38,0.47,8.83,0.07,-3.3,-0.17,0.36,0.19,9.94,-0.86,-0.04,0.27,-0.56,-0.3,10.4,-0.5,1.34,-0.27,-0.15,-0.23,9.26,0.11,-0.69
-1.03,4.71,1.76,-5.6,-1.8,-7.31,-0.21,4.7,-0.7,1.99,-6.05,11.83,-1.2,4.48,1.34,10.26,0.87,24.13,-0.71,1.06,1.75,20.6,-5.6,31.77,-0.06,-0.66,0.25,23.33,-9.87,23.34,0.83,-2.38,-1.4,15.8,-5.71,17.61,0.38,-2.91,-0.76,9.79,-1.78,11.97,0.02,-2.41,-0.28,6.93,-1.18,7.67,-0.06,-2.79,-0.55,5.21,-2.88,8.41,0.64,-3.13,-1.43,3.62,-1.36,1.12,-0.06,-2.19,-0.43,2.64,1.12,-3.73,-0.25,-0.88,-0.49,4.61,0.54,-5.91,0.44,-1.37,-0.38,5.74,0.25,-5.54,0.36,-0.74,-0.15,6.59,0.95,-8.26,-0.24,0.33,-0.03,7.86,0.36,-6.22,0.29,-0.04,-0.19,9.5,-0.04,-3.12,0.05,0.27,0.02,9.12,0.0,-3.7,-0.23,0.88,-0.08,9.34,0.13,-2.41,-0.02,0.35,-0.15,10.22,0.01,0.42,0.13,-0.21,-0.31,9.25,0.2,-1.36
1.39,-1.58,-0.36,8.82,0.75,-16.02,0.88,-0.59,0.14,3.92,1.35,-24.83,-0.97,3.6,1.6,1.67,-0.66,-13.32,-1.06,3.04,0.78,3.22,-7.04,7.55,-1.18,4.11,0.91,3.9,-1.2,16.67,-0.84,1.89,0.89,14.87,-1.62,30.26,0.05,-1.36,0.31,14.52,-3.21,27.4,0.65,-2.32,-1.05,11.13,-4.37,13.02,0.48,-1.46,-0.57,7.41,-3.08,6.4,0.14,-1.46,-0.89,7.24,-3.7,4.5,0.13,-1.34,-0.24,7.78,-1.08,-2.56,-0.2,-0.55,-0.56,8.47,-1.18,-3.29,-0.03,-1.97,-0.62,9.69,-0.51,-1.75,0.03,-1.24,-0.68,7.34,0.4,-6.83,-0.47,0.36,0.08,7.97,1.17,-7.8,-0.1,-0.08,-0.39,9.46,0.09,-4.33,-0.08,-0.41,-0.57,8.58,0.68,-5.18,-0.1,0.83,0.25,7.75,1.23,-5.81,0.03,0.58,-0.0,10.02,0.26,-2.46,0.06,-0.35,-0.36,11.92,1.12,-1.23
3.06,-0.65,-0.22,8.72,-1.44,-11.67,-0.03,0.93,-0.21,1.83,-2.9,-16.95,-1.33,2.47,0.52,-0.25,-1.6,-10.76,-1.16,2.85,0.24,-0.3,-2.92,-0.25,-3.12,4.1,-0.42,4.65,-1.65,7.31,-2.87,4.35,1.67,12.23,0.77,32.01,0.2,-1.0,0.47,22.72,-9.32,33.1,0.94,-2.36,-0.76,17.49,-7.25,20.58,1.24,-2.9,-1.51,10.67,-4.74,12.48,0.86,-2.74,-0.95,5.33,-1.54,5.29,0.36,-2.32,-0.34,3.66,0.21,0.53,0.17,-1.69,-0.05,4.83,0.09,-3.7,-0.5,-1.23,0.11,4.94,-0.43,-5.3,-0.06,-1.68,-0.27,7.39,-0.29,-4.03,0.45,-1.61,-0.14,6.98,0.16,-6.55,-0.41,-0.43,0.32,7.75,0.08,-7.27,-0.07,-0.06,-0.06,9.05,-0.27,-5.19,0.1,-0.35,-0.27,8.99,0.21,-4.31,0.14,0.02,0.21,8.91,0.1,-4.23,-0.17,0.16,-0.02,9.46,0.0,-3.22
0.51,1.88,0.74,-2.97,-1.72,-22.86,-0.71,5.13,-0.01,-4.83,-3.94,-9.4,-2.41,5.06,-0.71,-1.05,-5.06,7.61,-2.23,5.08,0.68,14.6,-3.95,33.36,0.19,0.15,0.32,21.9,-6.95,37.18,0.55,-1.69,-0.62,19.28,-6.97,23.02,0.78,-2.06,-1.41,10.96,-3.4,10.15,0.17,-1.92,-0.76,7.02,0.09,5.99,0.12,-1.92,-0.51,5.12,1.06,0.94,-0.15,-1.09,0.14,5.05,1.13,-4.22,-0.26,-0.91,0.01,6.28,-0.45,-3.98,-0.1,-1.07,-0.31,7.46,-0.47,-5.22,-0.11,-0.67,-0.4,7.97,-0.34,-6.33,-0.23,-0.11,-0.27,8.93,0.11,-5.0,-0.11,-0.38,-0.46,9.31,0.41,-4.03,0.09,-0.18,0.1,8.7,0.84,-3.92,0.08,0.07,0.02,9.0,0.42,-3.46,0.28,-0.01,-0.12,9.79,0.07,-1.75,-0.06,-0.07,0.16,9.27,0.16,-2.35,0.11,0.17,0.15,9.64,-0.09,-1.77
-0.66,2.22,-0.34,-2.65,-1.34,-15.57,-2.29,3.9,0.57,-3.42,-2.22,-3.1,-1.49,3.34,1.15,5.15,-2.76,22.4,-0.08,1.15,0.55,18.43,-4.16,27.8,0.08,0.01,0.24,21.25,-4.93,25.18,0.96,-1.7,-0.48,16.84,-2.97,16.23,0.75,-2.66,-0.54,11.14,-2.26,9.38,0.74,-2.48,-0.68,7.62,-0.02,3.45,0.71,-1.88,-0.07,6.37,-0.47,0.42,0.62,-1.92,-0.21,5.99,-0.48,-2.28,0.48,-1.47,0.01,5.43,0.38,-5.09,0.05,-1.0,0.21,6.3,0.02,-5.87,0.42,-0.91,0.02,7.33,-0.24,-5.72,0.23,-0.44,0.2,7.67,0.41,-5.95,-0.4,-0.14,0.25,8.49,-0.01,-4.56,-0.01,-0.26,0.09,9.38,-0.2,-3.38,0.13,-0.2,-0.19,9.04,0.11,-3.48,0.07,0.06,0.32,8.83,0.24,-3.85,-0.01,-0.01,0.16,9.37,-0.22,-2.9,0.01,-0.11,0.16,9.38,-0.4,-2.62
1.39,1.99,2.21,-1.18,-1.76,-16.71,-1.01,5.57,1.54,-0.37,-1.89,5.19,-2.1,4.17,2.99,4.43,-5.75,24.0,-0.68,2.07,0.78,15.7,-6.92,27.98,0.36,-1.24,-0.41,14.22,-3.49,20.51,0.4,-1.43,-0.73,12.36,-3.82,10.6,-0.48,-0.79,-0.66,9.88,-4.13,8.38,1.0,-1.69,-1.3,8.31,-3.97,6.9,1.01,-0.79,-1.19,6.64,-3.24,0.03,1.29,-0.13,-0.84,8.06,-0.8,-2.07,0.69,-1.41,-0.29,9.74,-0.92,-2.03,1.23,-1.48,-0.35,9.73,-1.3,-4.75,0.93,-0.74,0.45,9.46,-0.45,-5.78,0.86,-1.11,0.1,9.93,-2.08,-5.06,0.81,-0.69,-0.38,8.32,-1.26,-5.95,-0.16,-0.55,0.54,7.88,-1.56,-4.86,-0.27,-0.73,0.25,8.59,-1.49,-3.47,-0.17,-0.53,0.0,8.19,-0.73,-5.1,-0.58,-0.4,0.01,8.5,-2.05,-3.36,1.34,-0.39,0.21,8.38,-1.43,-2.02
-0.66,2.37,3.01,0.36,-3.85,0.31,-2.71,6.32,-1.62,2.64,-6.51,19.01,-0.46,3.28,-0.55,12.52,4.61,33.57,1.45,-2.15,-2.12,13.2,0.27,23.81,0.62,-2.0,-0.66,5.89,-0.89,10.45,1.23,-1.21,-0.86,6.28,-2.84,4.72,0.51,-1.2,0.28,6.52,-2.96,2.54,0.16,-1.05,0.24,8.57,-3.34,-1.92,0.37,-0.58,-0.02,10.2,-1.2,-4.48,0.15,-0.5,-0.25,11.34,-1.49,-3.5,0.16,-0.61,-0.39,10.99,-1.41,-3.46,0.13,-0.56,-0.5,9.84,-0.63,-3.68,0.19,-0.37,-0.37,9.65,-0.12,-3.55,0.3,-0.47,-0.48,9.31,-0.01,-3.29,0.19,-0.41,-0.26,8.96,0.31,-4.07,0.02,0.11,0.04,8.94,-0.26,-3.96,-0.03,-0.16,-0.33,9.8,-0.55,-2.16,-0.01,-0.36,-0.35,9.38,-0.1,-2.7,-0.06,-0.11,-0.24,9.56,0.04,-2.51,-0.14,-0.03,-0.16,9.5,0.26,-1.78
0.25,-1.88,1.12,12.44,-1.03,-12.08,-1.04,-2.55,2.69,6.57,-3.02,-25.31,-0.11,0.9,2.35,-0.32,-5.05,-25.14,-0.83,5.17,0.18,2.19,-3.5,3.47,-0.93,2.71,1.08,4.32,-1.87,18.73,-0.64,3.27,-0.05,12.18,-3.87,24.52,0.24,0.64,-2.01,13.18,2.0,16.09,0.76,-0.15,-0.99,9.31,2.96,7.82,0.3,-0.18,-0.04,8.1,-0.59,3.44,0.39,-0.22,-0.04,9.07,-4.26,0.07,0.07,0.2,-0.24,9.93,-3.1,0.26,0.0,-0.01,-0.27,10.23,-1.95,2.04,-0.19,-0.04,-0.09,9.47,-1.21,2.1,0.08,0.03,-0.16,8.54,-0.44,2.06,0.07,0.07,-0.02,8.33,0.18,1.71,0.07,0.17,0.06,8.97,-1.04,1.66,0.01,0.15,-0.0,9.61,-1.35,2.34,0.07,-0.08,-0.18,9.85,-1.44,2.41,0.04,0.03,-0.14,9.27,-0.34,1.85,-0.12,0.12,-0.24,9.27,-0.32,2.12
1.03,-1.57,-0.71,11.3,-1.55,-13.75,-1.33,-2.94,0.32,3.53,-3.5,-31.65,-1.03,1.34,2.18,-6.42,-3.11,-34.51,0.27,5.58,0.71,-3.4,-5.8,10.51,0.94,1.59,3.04,1.26,6.45,35.92,-1.96,4.75,4.72,22.02,-0.17,39.49,0.3,-0.59,-0.89,21.97,-8.87,21.11,1.2,-1.21,-3.34,9.81,-5.42,9.08,0.21,-0.89,-1.91,6.22,-2.0,4.32,0.02,-1.01,-1.01,6.43,-2.27,2.01,-0.21,-0.81,-0.69,7.18,-3.25,-1.85,-0.06,-0.26,-0.77,8.63,-0.86,-0.54,0.12,-0.91,-0.94,9.04,-0.24,-0.54,0.06,-0.42,-0.47,8.06,1.04,-1.29,0.19,-0.07,-0.04,8.5,1.4,-1.43,-0.04,-0.37,0.19,9.04,0.53,-1.2,0.31,-0.15,-0.1,9.67,0.21,-2.2,0.37,-0.02,-0.01,9.47,0.52,-2.24,0.44,-0.03,-0.14,9.43,0.61,-1.28,0.14,-0.06,0.01,9.45,0.2,-1.51
1.09,-0.99,2.1,-0.52,-5.83,-26.67,-0.36,4.94,1.2,-6.53,-8.68,-10.55,-1.8,7.24,0.62,-2.91,1.01,38.46,-3.09,4.24,1.78,22.69,2.03,37.76,1.8,-1.83,-2.38,18.48,5.39,27.72,1.05,-2.03,-0.76,7.55,3.62,12.24,0.08,-1.2,-0.48,7.3,-4.37,7.47,0.55,-1.34,-1.77,8.01,-5.06,6.26,0.2,-0.69,-0.88,8.08,-1.0,0.62,-0.1,-0.35,-0.34,9.59,-3.3,1.78,0.8,-0.92,-1.27,10.46,-1.36,2.52,0.49,-0.33,-0.62,8.84,0.56,0.74,0.75,-0.26,-0.4,9.28,1.07,-0.16,0.46,-0.53,-0.03,9.55,0.05,-0.8,0.71,-0.2,-0.27,9.76,-0.43,-0.7,1.32,0.21,-0.33,9.71,0.19,-0.16,0.23,0.08,-0.04,9.27,0.46,-0.59,-0.12,-0.32,-0.33,9.96,0.72,-0.48,0.03,-0.6,-0.28,9.57,1.24,-1.4,-0.61,-0.04,0.55,9.22,1.62,-1.73
-1.2,1.29,0.63,7.58,-6.22,-16.71,-0.62,2.66,-0.42,6.94,-4.44,-11.48,-0.14,3.09,0.1,4.67,-1.78,-3.83,0.13,3.8,-0.01,0.9,0.98,10.08,-0.68,2.48,0.58,6.14,5.47,30.41,-0.42,-0.88,0.51,10.95,2.73,24.94,-0.04,-1.33,0.11,9.32,-0.49,12.46,-0.02,-1.18,-0.4,8.55,-1.92,8.0,-0.18,-1.43,-0.36,8.34,-1.8,6.18,-0.37,-1.09,0.05,8.77,-1.23,2.58,-0.14,-1.53,-0.15,9.28,-2.97,1.93,0.03,-1.51,-0.33,10.4,-1.69,-0.98,-0.09,-1.03,-0.19,9.59,-1.41,-2.13,0.07,-0.57,-0.73,9.52,-1.11,-2.0,0.27,-0.42,-0.43,9.15,-0.28,-2.65,-0.09,0.25,0.02,8.82,-0.1,-3.66,0.1,1.22,0.36,8.66,-0.88,-2.81,0.17,1.14,0.05,9.01,-1.13,-1.45,0.25,0.52,-0.06,9.53,-0.85,0.42,0.26,-0.11,-0.53,9.85,-1.4,0.34
-1.16,2.25,-0.46,2.76,-0.24,-0.94,-0.49,2.62,-0.31,2.89,0.49,6.66,-1.07,2.97,-0.19,6.75,0.8,11.83,-0.79,2.22,0.26,13.61,1.47,19.51,-0.69,0.92,0.69,16.83,0.98,20.14,-0.19,-0.62,0.23,16.65,-0.55,18.71,0.22,-1.9,-0.13,12.22,0.04,11.97,0.21,-1.75,0.01,9.14,0.72,7.57,0.17,-1.54,0.13,7.27,0.38,4.36,0.19,-1.85,0.12,7.11,-0.89,2.32,0.54,-1.62,0.03,6.91,-0.5,-0.3,0.01,-1.12,0.31,7.18,-0.49,-0.97,0.11,-1.66,-0.33,8.04,-0.81,-0.54,0.26,-1.79,0.03,7.94,0.45,-1.41,0.1,-1.4,0.17,7.9,0.13,-2.49,0.03,-1.08,0.17,8.4,-0.15,-2.49,-0.02,-1.45,0.0,8.71,-0.29,-2.49,0.14,-0.57,0.11,8.58,-0.25,-3.79,-0.03,-0.17,0.22,8.92,-0.26,-2.8,0.13,-0.12,0.03,9.32,-0.53,-1.7
-0.18,3.1,0.29,2.57,-1.0,-6.97,-1.13,5.83,-1.18,5.43,-0.75,0.51,-1.2,4.84,0.13,9.7,-0.68,14.68,-0.74,3.1,0.51,18.6,-0.62,15.38,-0.38,1.0,0.48,22.55,-2.26,17.8,0.3,-0.47,-0.48,21.89,-3.63,16.16,0.61,-1.63,-1.31,13.47,-1.35,9.98,0.84,-1.9,-1.08,8.79,0.84,6.69,0.6,-1.87,-0.08,5.98,1.86,3.36,0.95,-1.62,0.19,5.04,0.1,0.16,0.98,-1.37,-0.22,5.83,-0.17,-1.77,0.88,-1.23,-0.3,6.27,-0.22,-2.33,1.79,-0.71,-0.65,6.88,-1.13,-3.54,1.5,-0.79,0.03,6.98,0.16,-4.37,0.69,-0.59,0.53,7.43,0.04,-4.56,0.55,-0.45,0.16,8.15,-0.32,-4.25,0.43,-0.73,-0.1,8.05,-0.11,-5.1,-0.28,0.1,0.15,8.76,-0.09,-4.44,-0.82,-0.09,0.46,9.16,0.0,-2.74,-0.75,0.28,0.54,9.39,0.01,-2.51
-0.67,-2.98,-0.39,8.69,-3.39,-14.61,0.44,-1.87,-0.58,3.68,-2.63,-19.03,-0.72,4.26,0.68,1.87,0.36,-18.33,0.32,7.83,0.23,3.9,-0.46,5.31,-1.12,3.59,2.08,8.03,2.57,21.91,-0.82,1.64,1.75,13.49,0.27,20.87,-0.06,-0.38,0.58,14.03,-1.64,15.65,0.21,-1.0,-0.67,10.69,-1.6,8.38,-0.02,-1.03,-0.59,9.54,-1.17,6.73,-0.13,-0.93,-0.51,7.93,-2.14,3.52,-0.39,-0.98,-0.14,8.33,-1.91,2.88,-0.14,-1.41,-0.24,7.98,-2.01,0.64,-0.31,-0.94,-0.69,9.15,-1.91,-3.24,0.09,-1.0,-0.35,8.94,-0.47,-3.42,-0.16,-0.83,-0.3,8.95,-0.76,-4.41,-0.05,-0.54,-0.05,8.6,0.1,-5.02,-0.06,-0.51,-0.06,8.58,-1.32,-4.64,-0.25,-0.23,-0.2,8.56,-1.17,-4.7,-0.06,0.03,0.02,9.0,-1.05,-4.14,0.14,0.19,-0.09,9.06,-0.88,-4.14
-0.86,2.13,-0.45,5.33,-2.09,0.94,-1.48,3.33,0.46,7.27,-0.28,11.96,-0.35,2.61,-0.15,12.08,-0.72,20.07,-0.51,0.98,0.66,13.18,2.86,20.3,0.28,-1.68,0.2,11.15,-0.61,13.89,-0.03,-0.87,0.18,10.09,-0.75,7.73,0.54,-0.89,0.17,9.57,-2.72,9.59,0.56,-1.09,-0.06,8.28,-2.71,2.79,0.83,-0.81,0.04,8.4,-0.94,0.87,0.36,-0.72,-0.2,8.42,-2.39,-1.95,-0.38,-0.49,-0.29,8.49,-1.9,-4.48,-0.53,-0.25,-0.19,8.97,-0.71,-5.0,-0.35,-0.65,-0.11,10.59,-0.45,-4.34,-0.35,-1.09,-0.5,8.91,-1.25,-5.1,-0.21,-0.49,-0.32,7.59,-0.47,-6.62,-0.27,0.18,-0.17,8.01,-0.19,-5.37,-0.23,-0.06,-0.23,9.65,0.0,-3.03,-0.31,0.43,-0.03,10.64,1.4,-2.97,0.09,0.51,0.17,9.95,0.12,-1.53,0.05,-0.27,-0.14,9.93,-0.7,-0.8
-0.77,3.97,0.79,5.7,-1.82,4.7,-0.01,2.26,-0.21,11.05,-4.03,24.59,-0.18,0.51,-0.42,13.36,-0.48,21.83,-0.09,-0.88,0.03,12.0,1.0,15.82,-0.06,-1.14,-0.09,10.54,0.0,7.64,0.04,-0.55,0.16,9.43,-2.07,6.48,0.31,0.28,-0.32,8.68,-0.68,2.85,-0.08,-0.91,0.57,8.42,-1.2,4.58,0.46,-0.76,-0.66,9.14,-2.94,-0.4,0.12,0.04,-0.17,7.87,-0.11,-2.19,-0.32,-0.26,-0.21,10.62,-1.96,-1.65,-0.04,-0.49,0.03,10.03,-0.26,-1.66,-0.28,-0.96,-0.07,7.75,-1.69,-1.94,0.24,-1.17,-0.44,8.18,-1.53,-2.87,-0.19,-0.5,-0.15,8.61,0.47,-4.5,-0.1,0.07,0.36,10.34,0.07,-2.56,-0.1,-0.29,-0.48,10.08,-0.99,-0.47,0.09,-0.31,-0.11,9.33,0.05,-0.94,0.05,-0.22,0.12,9.6,-0.28,-1.06,0.01,-0.51,-0.07,10.03,-0.37,-0.69
-1.05,1.83,1.46,1.01,-0.54,4.64,-0.09,1.96,0.89,7.71,-2.46,19.4,0.37,1.38,0.74,10.21,-3.22,19.46,0.09,0.55,-0.04,12.97,-6.17,16.35,0.55,-0.54,-1.29,12.65,-2.54,9.99,0.49,-0.92,-0.37,11.39,0.48,5.23,0.38,-0.09,0.13,11.37,-0.87,0.91,0.12,-0.02,0.18,10.39,-2.32,1.47,-0.07,-0.1,-0.33,10.46,-2.86,1.84,-0.02,-0.12,-0.29,9.99,-1.51,2.41,-0.06,-0.12,-0.05,9.57,-0.41,2.75,0.08,-0.31,0.13,9.53,-0.51,2.06,0.01,-0.04,0.11,9.53,-1.15,0.89,0.01,-0.38,-0.29,9.2,-1.44,1.29,0.1,-0.21,-0.4,8.7,-0.95,0.41,-0.11,0.11,-0.13,8.56,-0.15,1.18,-0.08,-0.13,-0.03,8.95,-0.01,1.5,-0.15,0.1,0.19,9.1,-0.41,1.41,0.05,-0.02,0.09,9.89,-1.15,2.0,0.05,0.14,0.13,9.87,-0.78,1.89
-1.43,4.23,0.33,-5.19,-3.38,-13.15,-1.95,2.38,0.21,-5.17,-4.62,3.85,-1.25,4.57,-0.44,-0.99,-0.08,28.23,-0.16,2.11,2.02,0.27,3.98,38.61,0.36,-0.59,1.69,21.91,-6.06,25.9,0.71,-1.8,-0.3,16.12,-5.26,14.72,0.73,-1.77,-0.88,10.39,-3.3,6.7,0.1,-1.58,-0.2,7.45,-1.06,3.39,-0.01,-1.1,-0.08,7.21,-1.26,0.98,0.42,-1.06,-0.53,7.46,-1.1,0.38,-0.0,-1.31,-0.3,7.41,-0.4,-0.25,0.16,-1.14,-0.21,7.74,0.11,-1.5,0.02,-1.31,0.09,7.92,0.56,-1.56,0.11,-1.24,0.05,7.91,0.57,-3.08,0.01,-0.58,0.22,8.48,0.17,-3.64,0.13,-0.25,0.02,8.5,-0.01,-3.05,-0.06,-0.19,0.21,8.93,-0.29,-2.41,0.11,0.04,0.04,9.35,-0.21,-1.77,0.2,0.18,0.1,9.45,-0.48,-1.44,0.09,-0.11,-0.12,9.53,-0.49,-1.27
-0.4,4.09,-0.66,-2.42,-2.87,-12.0,-1.86,5.49,-1.65,-0.46,-2.31,-1.08,-1.87,3.21,-0.69,3.3,4.25,23.24,-0.97,0.93,1.39,9.47,3.77,26.71,-0.26,-0.42,1.26,13.1,-0.59,21.75,0.32,-1.02,0.34,13.23,-1.72,14.31,0.27,-1.39,0.26,11.62,-1.37,9.15,0.2,-0.96,0.01,9.95,-1.19,4.13,0.12,-0.94,-0.13,9.18,-1.53,3.5,0.33,-1.02,-0.38,8.66,-0.89,2.39,-0.03,-0.56,0.04,8.25,0.27,1.67,-0.08,-0.4,-0.07,8.4,-0.04,2.24,0.06,-0.51,0.03,8.73,0.31,2.03,-0.05,-0.25,0.25,9.17,0.13,1.59,0.01,-0.29,0.13,9.4,-0.45,2.44,0.13,-0.28,-0.04,9.38,-0.32,2.26,0.06,-0.25,0.22,9.23,0.08,1.9,-0.04,-0.45,0.05,9.32,-0.42,2.36,-0.01,-0.59,0.16,9.33,-0.2,1.89,-0.05,-0.36,0.2,9.37,-0.06,1.52
-0.47,-1.04,1.73,8.11,-2.09,-3.7,-0.15,-0.82,1.61,8.39,-3.01,-6.36,1.3,-1.65,2.97,8.15,-4.8,-8.1,0.35,-1.58,2.19,6.73,-6.39,-9.12,0.79,-0.98,2.44,1.7,-7.92,-22.59,0.21,2.17,2.42,-4.17,-7.97,-23.32,-0.52,4.17,3.07,-7.85,-5.85,-14.62,0.06,5.11,4.69,-5.47,-6.9,12.82,1.25,4.85,5.37,-0.73,-9.68,24.8,0.7,1.55,2.82,12.88,-18.65,23.72,0.32,-0.64,-1.08,14.3,-19.34,18.59,0.19,-2.6,-0.96,4.78,-8.59,10.2,-0.84,-1.89,0.74,2.83,-6.71,2.63,-0.63,-2.16,0.5,1.77,-7.83,1.11,-0.69,-1.44,0.58,1.3,-7.12,-3.2,-0.94,-0.99,1.13,1.73,-7.75,-4.4,-0.53,-1.02,0.99,0.6,-10.23,-5.84,-0.37,-0.75,0.34,0.97,-9.89,-5.05,0.37,-0.38,0.59,1.17,-8.91,-5.09,0.19,-0.16,0.3,1.16,-9.4,-4.71
-0.42,4.73,1.36,-8.37,-3.31,-0.72,3.03,2.84,2.42,-1.48,-6.27,20.97,1.78,2.5,-0.69,7.41,-13.36,20.71,0.82,-0.15,-2.35,11.2,-10.58,18.0,0.12,-1.42,-1.74,9.14,-7.53,13.35,-0.03,-1.61,-0.45,2.05,-5.7,6.94,-0.29,-1.12,1.22,0.26,-5.6,4.41,-0.5,-0.59,1.52,0.23,-7.85,3.44,0.03,-0.7,0.51,0.02,-10.08,1.17,-0.07,-0.51,1.48,-0.31,-9.58,-0.17,0.42,-0.09,1.42,0.02,-12.1,-1.49,1.27,0.69,-0.2,-1.15,-11.69,-0.31,0.32,0.45,0.63,-0.56,-8.99,-0.25,-0.39,0.06,1.1,-0.72,-9.88,0.02,-0.02,-0.51,0.29,-1.96,-9.61,-0.51,2.97,-1.05,1.83,1.83,-11.53,-1.89,-0.62,0.09,0.48,-5.12,-7.87,4.33,-0.99,0.05,0.28,-1.55,-10.2,1.64,-1.01,-0.65,0.14,-0.94,-9.68,1.54,-0.03,-0.17,-0.74,-0.81,-9.33,0.18
-1.7,-1.04,-1.0,-0.39,-9.46,3.06,0.11,-0.17,0.16,0.18,-8.75,3.2,-0.51,0.1,-0.11,0.77,-10.07,2.95,-0.56,0.13,-0.11,1.17,-9.48,2.64,-0.25,0.07,-1.06,1.07,-10.51,2.47,0.11,0.16,-0.92,1.42,-8.8,1.32,-0.57,0.11,-0.51,1.43,-8.93,1.3,0.09,-0.62,-0.56,2.75,-8.65,-3.13,0.94,-0.01,-0.06,0.48,-9.69,-2.47,0.99,0.18,-0.69,0.75,-12.43,-4.94,-0.59,-0.87,-0.08,-3.63,-18.62,-9.01,-2.3,-1.85,-0.03,-8.44,-17.41,-12.71,-2.54,1.3,1.28,-3.34,-4.23,3.1,0.44,3.85,1.28,1.09,-2.24,17.0,1.75,1.58,-0.82,2.8,-7.56,18.84,0.98,1.68,-1.76,9.06,-10.88,18.37,-0.21,-1.88,-1.83,8.99,-8.87,16.19,-0.07,-1.93,-0.53,3.49,-7.11,11.33,-1.22,-0.81,1.41,0.4,-7.08,5.48,-0.39,-0.27,0.43,5.3,-9.64,6.98
1.71,0.86,1.13,0.24,-11.93,-3.96,1.94,-0.56,0.28,-1.18,-8.96,0.53,-0.07,-0.38,0.05,0.36,-8.96,2.02,-0.15,0.17,0.3,1.21,-9.45,0.92,0.42,-0.14,0.44,-0.05,-9.75,0.28,-0.31,0.36,0.94,1.9,-9.82,2.05,-0.04,-0.6,0.91,0.05,-10.13,2.43,-0.44,0.06,0.67,1.76,-8.77,2.13,-0.6,-0.44,-0.08,0.08,-10.15,1.65,-0.33,-0.01,-0.31,-0.76,-8.96,0.6,-0.12,0.41,-0.16,0.27,-9.34,1.39,0.27,0.47,-0.72,-0.45,-9.11,1.2,-0.08,0.11,-0.97,0.37,-9.83,1.46,-0.02,0.14,-0.58,0.09,-9.14,1.16,0.1,0.47,-0.07,0.3,-8.88,0.97,0.21,-0.06,-0.26,1.26,-9.92,1.48,0.1,-0.23,0.09,0.75,-10.14,1.04,0.03,0.24,-0.01,-0.43,-9.98,0.95,0.06,0.31,-0.08,0.63,-10.1,1.29,0.06,0.03,-0.38,0.69,-10.19,1.62
1.4,1.83,1.2,2.04,-7.04,23.07,1.3,1.04,-0.59,10.18,-12.85,21.91,-0.47,-2.29,-1.05,5.45,-10.69,16.87,-0.52,-2.44,-1.14,0.12,-7.87,11.58,-0.36,-0.42,0.5,-2.07,-6.8,6.07,-0.3,-0.33,0.87,-0.27,-7.47,5.15,-0.4,-0.85,0.67,-0.69,-7.74,3.63,-0.09,-0.34,0.41,-1.86,-9.29,0.12,-0.11,0.25,0.17,-1.71,-10.59,-0.92,-0.46,0.26,0.15,-1.13,-10.43,-0.89,-0.48,0.18,0.45,-0.64,-9.1,-1.47,-0.21,0.33,0.51,-0.35,-9.34,-1.05,-0.27,0.1,-0.02,0.08,-10.52,-0.56,-0.31,-0.03,-0.94,-0.09,-10.41,-0.11,-0.31,-0.13,-0.59,-0.38,-10.55,0.18,-0.15,-0.22,-0.53,0.71,-9.87,0.31,0.05,0.43,-0.21,0.36,-9.79,0.73,0.08,0.25,-0.15,-0.24,-9.53,0.99,-0.1,-0.01,-0.01,0.78,-9.82,1.57,-0.34,-0.14,-0.5,0.08,-9.35,1.53
0.54,2.08,0.81,1.3,-3.89,16.69,0.89,1.26,0.71,9.12,-10.91,18.97,0.09,-0.78,-0.06,7.73,-13.14,17.46,0.18,-1.53,-0.93,5.33,-9.04,12.72,-0.04,-1.25,0.55,0.71,-7.5,8.97,0.05,-0.3,0.73,0.02,-7.49,7.95,0.15,-0.81,0.73,-0.2,-7.77,5.42,0.27,-0.37,0.36,-1.51,-8.26,2.78,0.04,0.2,0.66,-1.86,-9.38,1.03,-0.0,0.58,0.57,-0.34,-10.66,0.54,-0.07,0.21,0.05,-0.58,-10.12,-0.49,-0.27,1.11,0.43,-0.96,-10.05,-1.12,-0.54,1.2,0.81,0.24,-10.88,-0.43,-0.48,0.3,0.16,0.7,-10.0,-0.65,0.07,-0.3,-0.2,0.36,-9.9,-0.4,-0.07,-0.21,-0.39,-0.62,-10.65,-0.52,-0.31,0.44,0.06,-0.18,-10.37,-0.18,-0.13,0.33,-0.05,-0.06,-9.67,0.25,0.01,0.03,-0.02,0.44,-9.06,0.23,0.07,0.08,-0.05,-0.38,-9.45,1.42
0.79,0.63,-1.89,-0.14,-10.3,-8.71,-1.14,-2.02,-2.25,3.25,-9.29,10.96,-2.41,-2.39,-0.43,-9.89,6.57,17.57,1.12,2.72,1.05,3.51,-1.75,19.15,-0.08,-0.05,-0.19,11.61,-15.23,22.09,-1.06,-2.09,-0.17,5.81,-11.33,15.28,-0.83,-1.44,0.05,2.28,-7.63,7.02,-0.51,-0.13,0.78,2.37,-7.71,6.31,-0.66,-1.0,0.88,1.73,-7.72,5.4,-0.57,-0.91,0.86,0.66,-6.64,2.91,-0.5,-0.77,0.85,0.93,-8.86,1.84,-0.77,-0.86,0.81,0.18,-9.93,1.08,-0.72,-0.35,0.77,0.24,-8.67,-0.55,-0.44,-0.12,0.82,0.32,-8.92,-1.45,-0.33,-0.31,0.44,0.14,-9.81,-1.47,-0.32,-0.45,0.43,-0.53,-9.51,-1.61,-0.12,-0.04,0.51,-0.44,-9.45,-1.79,-0.06,0.08,0.56,0.08,-10.1,-1.14,0.08,-0.25,-0.2,0.28,-9.91,-1.13,-0.09,-0.21,-0.0,-0.4,-9.56,-0.57
0.97,3.85,0.56,-4.51,-1.63,7.42,1.61,2.98,-0.15,-0.41,-3.47,21.27,1.6,2.57,-2.03,8.97,-10.02,23.99,-0.68,-0.27,0.28,15.62,-11.2,18.51,-1.11,-1.99,0.08,7.3,-7.89,12.22,-0.99,-1.03,0.43,0.85,-8.89,9.48,-0.76,-0.61,0.94,0.34,-7.05,6.05,0.0,-0.28,0.48,-0.39,-6.97,5.17,0.46,0.26,0.08,-0.36,-6.84,3.45,0.57,0.4,0.71,-0.87,-9.37,2.0,0.53,0.52,0.06,-1.58,-9.77,2.1,-0.07,0.3,-0.25,-0.46,-9.86,1.02,-0.66,0.32,0.62,1.19,-9.55,0.32,-0.52,0.46,0.52,0.53,-9.01,-0.62,-0.26,0.94,0.37,1.14,-9.22,-0.8,-0.04,0.26,0.62,1.07,-9.56,0.88,-0.01,0.08,0.2,1.13,-10.59,0.79,-0.27,-0.08,-0.05,0.8,-10.75,0.44,-0.39,-0.44,-0.31,1.16,-10.82,0.52,-0.38,-0.57,0.09,0.57,-9.87,0.35
-1.56,-1.8,-2.3,-1.87,-3.35,7.29,-1.16,1.18,0.72,-5.27,1.34,13.39,2.07,4.02,1.98,1.91,-9.87,17.71,1.0,1.63,0.34,8.02,-14.65,19.17,-0.47,-1.7,-1.44,7.64,-7.75,13.79,-0.18,-1.23,0.12,3.08,-7.78,10.78,-1.08,-1.0,0.24,0.18,-8.88,9.83,-1.06,-1.6,0.09,-0.73,-6.96,6.18,0.3,-0.63,-0.21,-2.6,-8.85,4.29,-0.13,-0.12,0.56,-0.73,-9.94,3.09,-0.72,-0.56,0.82,-0.88,-9.48,2.27,-0.24,-0.68,-0.56,-0.96,-9.49,0.0,-0.37,0.06,-0.42,0.2,-10.41,-0.43,-0.77,-0.03,0.48,-0.05,-10.05,-0.17,-0.97,-0.1,-0.16,0.51,-9.19,-1.52,-0.21,-0.35,0.23,0.37,-8.77,-2.51,-0.06,-0.38,0.4,1.14,-9.83,-2.37,-0.15,-0.11,0.24,0.52,-10.05,-1.28,-0.09,0.39,-0.01,-0.16,-9.0,-0.81,0.07,0.24,-0.08,0.05,-9.89,0.56
3.4,2.74,1.51,-5.88,3.31,19.55,2.89,4.57,3.21,8.1,-16.21,29.97,-1.03,-0.72,-1.79,6.95,-16.81,25.25,-1.06,-2.64,-2.6,1.7,-7.43,14.25,-0.58,-0.69,-0.26,-1.68,-6.24,9.99,-1.99,-0.36,0.42,-0.82,-7.89,8.11,-0.74,-0.82,-0.71,-1.66,-6.56,3.58,-0.57,-0.86,-0.25,-1.67,-9.17,-0.18,-1.14,0.16,0.66,0.8,-9.64,-1.03,-1.0,0.05,-0.08,0.08,-9.29,-1.23,-0.5,-0.09,-0.7,1.27,-8.86,-2.24,-0.73,0.09,0.03,1.66,-8.98,-1.71,-0.69,0.03,0.15,1.52,-9.5,-1.85,-0.52,-0.17,-0.06,1.28,-9.07,-1.13,-0.32,-0.54,0.1,0.66,-9.62,-1.48,-0.25,-0.09,0.15,0.27,-9.91,-1.44,-0.39,0.35,0.24,1.3,-9.61,-0.61,0.01,-0.32,-0.32,0.8,-9.63,-0.26,0.24,-0.15,-0.36,0.56,-9.59,-0.09,0.05,0.13,0.44,0.41,-9.98,0.18
1.71,0.62,-1.19,0.76,-8.86,-5.75,1.47,1.32,-0.09,1.58,-9.93,-4.13,0.87,-0.46,-0.18,1.06,-10.63,-1.31,-0.13,-0.99,-1.46,-1.06,-8.44,1.38,-0.64,-0.08,-1.61,-5.43,-2.8,8.17,1.39,3.46,1.88,0.9,-2.0,16.4,0.8,2.48,2.66,7.73,-9.95,23.93,-0.44,-1.27,0.09,6.27,-14.03,18.62,-0.81,-2.24,-0.64,1.07,-8.96,10.72,-0.69,-0.93,0.53,0.97,-8.07,8.29,-0.89,-0.92,-0.04,1.2,-7.83,7.17,-0.71,-1.24,-0.07,0.66,-6.91,4.37,-0.73,-0.62,0.64,-1.05,-9.11,0.82,-0.66,0.11,0.3,-0.18,-9.78,0.28,-0.91,-0.07,0.24,0.94,-9.01,0.69,-0.37,-0.55,-0.32,0.41,-8.96,-1.23,-0.26,-0.31,-0.36,1.12,-8.59,-1.42,-0.71,0.33,0.77,1.38,-9.41,-1.21,-0.5,0.12,0.52,1.18,-9.4,-1.35,-0.0,-0.32,-0.1,0.66,-9.62,-1.17
1.09,2.1,0.4,-2.0,-4.58,9.94,1.52,2.35,1.44,1.69,-8.29,16.96,0.48,1.27,0.86,5.46,-14.6,20.76,-0.54,-0.93,-1.37,6.32,-12.61,17.71,-0.66,-2.02,-1.39,2.71,-6.84,10.18,-0.74,-0.89,-0.16,-0.02,-6.67,7.84,-0.81,-0.03,0.01,0.06,-7.45,6.59,-0.57,0.04,-0.04,0.13,-7.21,3.47,-0.26,-0.39,0.27,-0.88,-9.0,1.04,-0.38,-0.17,0.49,-0.05,-10.53,-0.11,-0.63,-0.11,0.38,0.16,-9.68,-0.84,-0.47,-0.31,-0.29,1.14,-9.24,-1.62,-0.29,-0.14,-0.57,1.92,-8.81,-2.11,-0.42,0.25,0.12,1.87,-8.95,-2.06,-0.45,0.34,0.42,1.82,-9.13,-1.85,-0.21,0.39,0.34,1.7,-9.49,-1.39,-0.1,0.05,-0.18,1.48,-9.58,-0.81,-0.12,-0.26,-0.05,1.29,-9.81,-0.1,0.06,-0.03,-0.34,0.79,-9.33,0.37,0.05,0.09,-0.15,1.2,-9.43,0.66
-1.37,-2.34,-2.17,-0.35,-12.47,-9.88,-0.4,-3.02,-2.92,-4.49,-5.29,-9.99,-0.11,-1.21,0.47,-4.2,-0.79,-6.25,-0.18,2.04,1.1,0.7,-4.13,-1.66,2.03,2.49,-0.29,5.79,-5.4,8.91,2.55,1.13,1.08,10.91,-13.58,17.79,0.81,0.87,1.88,8.32,-18.89,17.97,0.24,0.13,0.21,4.7,-18.14,14.09,-0.13,-0.06,-0.6,2.39,-12.19,9.92,-0.58,1.07,0.34,2.92,-6.89,6.25,-0.73,1.44,0.73,1.98,-7.16,3.47,-1.01,0.75,0.13,1.19,-7.85,0.89,-0.28,-0.19,-0.3,0.24,-7.5,-1.2,-0.39,-0.09,0.33,0.41,-8.21,-1.69,-0.6,0.61,0.31,1.01,-8.52,-2.33,-0.52,0.93,0.2,1.4,-8.25,-1.81,-0.32,0.43,0.55,1.33,-9.61,-1.56,-0.21,-0.03,0.16,0.88,-9.59,-1.35,-0.31,0.08,0.13,1.34,-9.24,-0.98,-0.31,0.04,0.22,1.29,-9.55,-0.79
1.41,-0.96,-1.23,0.86,-6.08,-4.8,1.33,-1.04,-1.34,1.43,-5.39,-1.64,0.76,-1.17,-1.45,-0.03,-4.47,2.08,1.49,0.06,-1.07,-0.72,-1.22,8.28,2.6,1.95,1.32,6.33,-6.63,19.05,1.39,2.64,3.22,5.88,-15.81,24.97,-0.77,0.27,-0.19,-2.45,-19.35,21.71,-1.85,-1.52,-1.61,-0.73,-16.25,16.49,-2.17,-0.58,-0.84,0.55,-7.98,8.45,-1.82,0.21,0.56,1.23,-5.29,6.28,-1.5,0.46,0.48,1.95,-5.58,4.2,-1.28,-0.56,-0.13,1.1,-5.55,0.11,-0.52,-0.54,-0.31,1.09,-5.16,-1.65,-0.71,-0.04,0.58,1.01,-7.65,-2.31,-0.87,0.56,0.68,1.68,-8.31,-1.87,-0.41,0.29,0.38,1.0,-8.67,-2.11,-0.2,-0.45,0.01,0.69,-9.28,-1.79,-0.42,-0.03,-0.04,0.51,-9.68,-0.97,-0.03,0.08,-0.32,0.44,-8.61,-0.6,0.09,0.25,-0.27,1.41,-9.43,0.43
1.23,-2.54,1.58,3.59,-9.06,-16.2,2.21,-2.29,0.89,1.71,-6.69,-19.58,0.82,1.67,-0.41,1.01,-6.72,-6.61,0.37,1.86,-1.22,-5.49,-3.43,7.34,1.77,2.75,1.39,-3.5,-2.52,22.87,0.75,3.56,1.94,9.39,-13.57,29.42,-0.66,-0.66,-0.93,10.33,-15.48,19.53,-0.53,-1.68,-1.14,3.95,-7.51,8.84,-0.58,-0.41,0.65,4.92,-5.54,4.45,-0.45,-0.6,0.52,2.28,-7.9,2.33,-0.03,-0.1,-0.11,0.08,-8.72,0.61,0.03,0.36,0.46,1.02,-8.49,1.46,0.09,0.24,0.24,3.15,-8.68,3.86,-0.01,0.01,0.05,3.35,-8.12,3.62,-0.08,0.12,0.31,2.74,-8.26,3.37,0.02,0.06,0.43,2.76,-8.33,3.37,-0.05,0.17,0.14,2.46,-8.52,3.55,-0.09,-0.03,-0.11,2.55,-9.04,3.77,-0.05,-0.17,-0.22,2.73,-8.66,3.43,0.01,0.1,-0.13,2.41,-8.36,3.11
1.09,-1.96,-0.86,2.2,-14.73,-20.91,3.46,-1.15,-2.23,-0.08,-9.0,-28.36,3.35,1.76,-1.63,0.13,-4.96,-7.87,-4.04,-2.42,-3.64,-4.5,-11.9,12.22,-0.44,-0.79,-0.24,-18.88,10.44,20.25,1.84,3.57,1.97,16.01,-17.54,32.57,0.86,-1.32,-0.55,14.09,-16.71,22.09,0.84,-0.07,-0.22,3.99,-6.33,5.85,0.57,-0.4,0.18,2.51,-8.03,4.46,0.1,-0.26,0.52,0.96,-9.36,2.96,0.32,0.47,0.89,-0.36,-10.22,1.94,0.22,0.06,-0.01,1.36,-11.83,4.48,-0.11,-0.41,-0.3,2.42,-8.17,3.73,0.03,0.29,0.96,2.4,-7.21,3.14,0.17,0.37,0.77,1.86,-9.35,4.18,0.02,-0.24,0.04,1.59,-9.83,4.35,0.04,-0.19,-0.09,1.34,-8.57,3.51,-0.0,0.13,0.28,1.76,-8.68,3.55,-0.09,0.13,0.05,1.81,-8.72,3.71,0.22,-0.14,-0.38,1.58,-8.49,3.51
2.49,-2.22,-0.98,1.12,-16.17,-20.62,2.83,-1.59,-2.77,-6.02,-14.58,-26.22,-0.84,1.72,-0.88,-1.98,-4.53,-4.69,-2.14,0.03,-0.49,-2.33,3.62,13.16,1.56,1.15,-0.62,-0.84,4.6,24.25,1.94,3.54,0.58,10.53,-16.33,28.62,-0.3,-0.59,-0.53,10.98,-14.59,21.56,-0.45,-1.09,-1.26,3.5,-8.74,12.53,-0.4,0.19,0.86,1.8,-8.15,6.82,-0.99,-0.48,0.75,2.06,-10.55,6.39,-0.91,-1.12,-0.59,0.98,-8.86,3.52,-0.32,-0.23,0.26,1.48,-7.51,0.81,-0.64,-0.04,1.08,2.28,-9.19,1.43,-0.67,-0.23,0.37,1.84,-8.5,0.93,-0.27,0.06,0.07,1.93,-8.0,0.81,-0.47,0.11,0.51,2.4,-9.63,0.61,-0.28,-0.01,0.24,1.54,-8.64,0.46,-0.12,-0.01,0.09,1.28,-8.74,0.66,0.15,0.12,0.03,1.46,-8.86,1.26,0.31,0.27,0.1,1.99,-8.6,1.97
-0.74,2.19,-0.42,2.14,-0.95,1.51,-0.14,1.68,-0.51,2.79,0.06,14.9,-0.08,0.86,-0.71,12.68,5.16,23.95,1.12,1.36,0.59,20.19,8.97,25.12,0.5,0.24,0.2,19.47,2.24,17.4,0.61,-1.43,-0.79,12.45,-0.62,11.99,0.29,-1.35,-0.53,7.97,-0.18,6.03,0.05,-0.12,-0.3,6.95,-1.41,0.88,-0.33,-0.21,0.46,7.83,-1.08,0.98,-0.16,-0.44,-0.01,8.46,-1.18,0.13,0.57,0.06,-0.11,9.14,-0.75,-0.1,0.43,-0.22,-0.29,8.92,-1.44,0.24,0.61,-0.67,-0.09,7.97,0.24,-0.22,0.09,0.36,-0.01,8.81,0.21,-0.84,-2.44,1.19,0.84,8.4,0.32,0.46,-0.37,-2.0,-0.04,7.93,0.01,-1.7,0.58,-1.17,-0.44,10.06,-0.38,-0.63,0.31,-0.53,-0.55,8.42,0.63,-1.2,-1.73,-0.22,0.47,9.87,-0.09,-0.37,-0.15,-0.23,-0.1,10.14,-0.4,0.0
0.05,1.7,1.41,0.0,0.94,-11.08,1.6,3.39,1.07,-3.81,-1.08,-4.16,-0.02,5.32,-1.01,-2.86,-4.16,7.39,-0.71,2.57,-0.33,8.11,0.21,31.17,-0.57,-0.01,-0.07,17.75,-0.72,34.03,-0.34,-2.55,-0.32,18.08,-2.98,24.74,-0.48,-3.94,-1.31,12.98,-3.77,17.28,-0.34,-3.38,-0.85,7.6,-0.1,6.58,-0.16,-3.03,-0.71,5.9,-0.89,3.22,-0.01,-2.42,-0.73,5.37,-1.05,-0.54,0.03,-1.57,-0.46,5.67,-0.57,-2.87,0.02,-0.53,-0.69,6.45,-0.06,-3.2,0.51,-0.69,-0.44,7.28,-0.1,-1.6,0.47,-0.71,-0.2,7.69,0.14,-2.5,0.25,0.02,0.13,8.08,0.75,-3.45,0.32,-0.13,0.14,8.69,0.22,-2.31,0.77,-0.81,-0.33,9.05,-0.1,-1.48,1.03,-0.52,0.02,8.98,0.56,-2.7,0.9,0.15,-0.14,8.86,0.03,-2.78,0.94,-0.16,-0.05,10.02,-0.14,-1.49
-0.63,0.84,2.55,9.07,-4.48,-1.51,-1.94,1.27,2.95,8.65,-6.18,-1.43,-1.61,-0.44,2.38,9.38,-4.45,-1.18,0.53,-0.07,0.65,7.26,-6.18,-2.01,0.5,-0.01,1.27,7.76,-5.49,-2.71,-0.41,0.42,2.49,6.33,-6.21,-2.11,-0.36,0.43,2.45,6.8,-7.08,-2.09,0.17,0.26,1.66,6.38,-7.34,-1.63,0.16,-0.16,1.36,5.6,-8.44,-1.82,0.74,-0.22,1.16,5.27,-8.64,-2.44,1.38,-0.2,1.2,5.7,-7.81,-1.6,0.45,-0.41,1.39,4.29,-8.53,-1.23,-0.21,-0.62,1.41,3.62,-9.11,-1.64,-0.13,-0.41,1.27,3.4,-8.4,-1.41,0.13,0.24,0.94,3.37,-9.11,-1.45,0.09,0.39,0.35,2.74,-9.9,-1.29,-0.1,-0.06,-0.15,2.88,-9.05,-1.62,0.01,-0.2,0.56,3.64,-9.06,-1.29,-0.21,0.41,1.01,3.47,-9.43,-1.22,0.37,0.51,1.36,4.27,-9.47,-2.04
2.12,-0.45,-0.81,0.18,-6.64,-4.54,1.23,-0.19,-0.32,-4.38,-2.07,6.91,3.48,4.27,3.86,-1.12,-4.28,25.39,1.46,2.99,1.65,1.56,-19.13,29.84,-0.16,-0.74,-1.88,4.31,-11.07,18.23,-1.21,-1.73,-1.38,3.29,-7.52,12.1,-1.45,-0.8,-0.01,0.87,-7.55,7.91,-1.65,-0.42,0.24,-0.6,-7.77,5.08,-1.03,-0.66,-0.06,-0.21,-7.48,2.41,-0.68,-0.44,0.18,-0.42,-8.69,0.78,-0.63,-0.23,0.09,-0.73,-8.59,0.74,-0.28,0.25,0.29,1.08,-8.72,0.26,-0.54,0.31,0.13,1.21,-10.4,0.71,-0.54,-0.41,-0.17,0.99,-8.62,-0.53,-0.5,-0.47,-0.25,1.2,-8.39,-0.98,-0.61,-0.08,0.19,1.47,-8.79,-1.1,-0.42,0.11,0.19,0.9,-8.53,-1.21,0.03,0.29,-0.12,1.28,-8.14,-0.57,0.26,0.55,-0.43,2.23,-8.74,0.68,0.03,0.49,-0.4,2.12,-8.73,0.9
1.1,2.0,-0.48,-2.46,-3.3,-5.53,1.53,1.76,-0.4,-2.86,-3.99,6.36,2.55,0.86,0.88,-4.33,-6.52,16.1,1.9,0.69,0.47,6.31,-13.05,21.95,0.86,-0.23,-0.72,7.08,-12.47,17.32,0.12,-1.47,-0.94,4.42,-8.41,12.07,-0.66,-1.33,-0.23,1.14,-7.04,8.0,-0.36,-0.24,0.27,0.55,-7.55,5.97,-0.6,0.0,0.54,0.52,-8.57,5.83,-0.52,-0.24,0.29,0.28,-8.69,3.91,0.09,0.05,0.27,-0.39,-8.17,2.32,0.21,0.13,0.54,1.13,-9.35,2.52,-0.67,-0.37,0.03,0.75,-10.4,2.69,-0.55,-0.25,0.1,0.78,-8.11,0.77,-0.33,0.39,0.01,1.49,-9.6,0.18,-0.52,0.2,0.46,1.17,-10.82,-0.47,-0.43,0.07,0.02,1.22,-9.24,-1.16,-0.18,0.45,0.54,1.47,-10.1,-0.99,-0.34,-0.07,0.27,1.24,-10.74,-0.36,-0.34,-0.05,0.17,1.36,-9.09,0.07
0.35,-1.67,-1.01,0.65,-11.87,-7.63,0.4,-1.27,-0.83,-2.5,-11.1,-10.23,-0.56,0.79,0.1,-1.33,-9.37,-10.6,-0.94,0.68,1.65,-0.68,-5.91,-3.14,0.9,1.02,0.72,-4.81,-2.87,7.51,3.0,3.32,1.13,-2.73,-8.01,18.77,1.33,2.3,-0.55,5.78,-17.77,26.08,0.05,-0.82,-1.67,9.67,-8.16,18.36,-0.7,-1.48,0.09,2.26,-5.92,11.04,-0.46,-0.46,0.38,-2.18,-7.26,8.14,-1.16,-1.05,-0.09,-0.83,-7.41,7.99,-0.44,-1.37,-0.03,-1.79,-6.9,3.73,0.12,-0.89,-0.24,-2.62,-10.14,-0.35,-0.86,-0.1,0.28,0.58,-11.96,0.07,-0.88,-0.4,-0.04,0.48,-9.48,-1.61,-0.39,-0.02,-0.28,1.48,-9.08,-2.59,-0.75,0.38,0.51,2.48,-9.54,-2.03,-0.64,0.03,0.39,1.91,-9.18,-1.84,-0.3,-0.18,0.18,0.99,-8.85,-2.34,0.04,-0.28,-0.13,0.12,-10.27,-1.78
3.14,-1.16,-1.92,-3.72,-7.28,-15.96,2.36,1.43,-0.47,-0.28,-7.64,-5.15,0.31,1.26,0.71,1.67,-7.42,4.85,0.17,0.52,0.73,-0.47,-3.68,10.22,0.87,2.22,1.73,-0.09,-5.69,16.57,0.83,1.7,0.9,6.71,-14.27,23.51,-0.54,-1.36,-1.26,5.54,-11.29,19.72,-0.68,-1.42,-0.74,1.48,-6.32,12.92,-0.67,-0.38,-0.18,-2.23,-5.78,8.76,-1.09,-0.84,0.23,0.29,-5.99,5.42,-0.55,-1.71,-0.62,-1.45,-6.5,0.21,-0.44,0.09,1.23,-1.54,-9.51,-2.79,-0.76,0.24,0.56,0.6,-12.4,-2.61,-0.45,-0.78,-0.44,1.98,-10.27,-3.85,0.04,-0.27,-0.59,1.35,-9.91,-3.75,-0.45,0.45,0.47,2.07,-10.31,-1.93,-0.39,0.06,0.3,2.34,-9.59,-0.18,-0.17,-0.22,0.05,1.36,-9.81,0.46,-0.25,0.0,0.14,0.85,-9.86,0.3,-0.16,0.11,0.14,1.3,-10.07,0.81
0.21,-2.0,-2.04,-5.27,-11.76,-21.42,1.64,0.28,-0.18,0.1,-7.68,-12.36,0.84,0.05,0.72,0.04,-4.93,3.67,1.4,0.57,0.24,-3.88,0.86,8.2,2.59,4.26,2.25,-1.18,-5.95,22.58,1.02,2.9,0.99,4.89,-16.93,25.69,0.25,-0.91,-2.37,7.06,-14.76,22.76,-0.76,-2.06,-1.5,1.52,-5.51,12.15,-1.05,-0.84,0.09,-1.83,-7.68,10.56,-1.34,-1.24,-0.51,-1.46,-8.54,9.33,-0.74,-0.73,-0.51,-1.18,-6.19,2.16,-0.43,0.28,0.3,-2.57,-8.31,0.21,-0.64,0.27,0.45,2.86,-9.84,-0.59,-0.69,-1.06,-0.69,1.79,-10.97,-0.1,-0.23,-0.7,-0.96,0.96,-9.58,-3.63,-1.1,1.07,1.19,1.53,-9.63,-3.26,-0.82,0.8,0.64,2.63,-9.39,-1.58,-0.2,-0.42,0.3,1.46,-9.28,-1.77,0.06,-0.04,-0.1,0.78,-8.81,-2.14,-0.25,0.34,0.22,1.2,-10.1,-0.37
1.61,-0.7,-0.88,-3.0,-12.07,-13.4,1.29,1.7,0.19,-1.57,-8.64,-7.42,-0.02,1.28,-0.08,2.14,-7.09,1.85,0.25,0.13,-0.93,-0.97,-1.0,7.87,1.5,2.55,2.57,-0.04,-1.14,16.6,0.8,2.2,2.35,3.95,-11.23,22.71,0.03,-0.7,-0.68,4.26,-15.18,22.21,-1.14,-1.87,-1.22,2.62,-8.55,15.46,-1.55,-1.23,-0.27,-0.89,-8.27,11.32,-1.36,-1.14,-0.47,-2.37,-8.25,7.13,-0.79,-1.24,-0.18,-1.31,-7.3,2.98,-0.3,-0.8,0.25,-1.48,-8.5,-1.43,-0.57,0.38,0.63,0.05,-10.4,-2.11,-0.55,-0.07,0.35,0.38,-10.21,-2.41,-0.43,0.03,-0.04,1.7,-9.1,-2.94,-0.55,0.09,0.48,2.2,-9.56,-2.08,-0.46,-0.35,-0.06,1.85,-9.45,-2.04,-0.22,-0.16,0.05,0.78,-9.03,-1.66,-0.15,0.11,0.32,1.06,-8.99,-0.62,-0.01,-0.07,0.35,0.88,-10.33,0.21
2.16,1.28,-0.11,-2.44,-2.8,12.17,2.68,1.9,0.08,0.7,-6.27,19.96,0.81,1.37,-0.03,9.85,-12.38,22.31,-1.13,-1.38,0.39,5.95,-9.26,15.5,-1.3,-1.01,0.59,0.6,-7.58,9.77,-0.95,-0.62,0.49,0.27,-7.14,7.65,-1.12,-0.86,0.42,0.03,-6.49,4.74,-0.64,-0.55,0.35,-2.06,-7.51,1.84,-0.06,0.1,0.01,-1.38,-10.3,-0.06,-0.86,0.07,0.43,-0.47,-10.23,0.67,-0.38,-0.27,-0.49,-1.2,-10.14,-1.44,-0.07,0.46,-0.13,-0.11,-9.49,-2.51,-0.82,0.53,0.33,1.26,-11.25,-1.27,-0.54,-0.32,-0.12,1.17,-9.16,-2.41,0.05,-0.12,-0.52,-0.29,-8.67,-2.83,-0.1,0.2,-0.06,0.8,-10.44,-1.41,-0.23,0.09,0.09,0.88,-10.57,-0.4,-0.08,-0.09,-0.09,0.85,-9.2,-0.61,0.12,0.06,-0.25,1.09,-9.43,-0.15,0.01,0.03,-0.08,1.07,-10.23,0.29
