-2.17,-0.05,5.09,9.06,-3.18,-1.0,-3.21,-0.02,14.41,9.49,0.4,0.63,-4.11,-1.28,13.67,7.72,-7.2,1.43,0.05,-1.91,-4.85,-0.06,-9.82,-2.5,5.2,-0.89,-18.85,8.54,-6.23,2.89,8.55,-1.93,-15.84,12.06,-5.88,-3.77,-2.84,2.51,5.22,6.52,-4.05,-3.85,-3.77,-1.4,15.32,5.57,-1.03,0.32,4.87,2.27,-15.95,14.83,-7.07,-0.84,9.13,-0.08,-17.05,13.47,-5.83,-1.2,-9.33,-1.4,19.95,0.13,10.08,-2.09,-8.14,-4.64,15.43,6.56,-1.24,1.89,6.91,2.8,-23.26,17.31,-0.84,0.72,-3.78,1.22,7.54,2.01,2.25,-1.9,-6.55,-6.23,22.05,5.15,-0.6,-1.0,-0.49,-0.05,-4.4,14.59,-6.18,-6.33,6.15,2.23,-16.7,7.59,-0.69,2.69,-3.74,-0.97,9.15,5.92,-2.03,-3.34,-4.1,-4.2,15.48,10.17,-1.24,-3.73,3.04,2.48,-9.12,12.6,-1.05,-5.69
2.37,0.88,-7.24,10.21,-5.48,1.08,-1.36,-0.57,6.58,6.04,3.46,-4.08,-0.75,0.98,2.25,9.2,-1.48,-1.94,0.18,1.7,-0.54,9.3,-0.91,-2.57,-0.16,1.01,0.46,9.02,-2.55,-1.28,-0.37,0.89,0.52,8.82,-2.23,-1.63,0.18,0.73,-0.7,9.69,-1.44,-1.07,0.64,0.3,-1.13,9.81,-1.74,-0.5,0.11,0.05,-0.15,9.37,-2.21,-0.28,0.13,0.49,-0.17,10.36,-1.35,-0.03,0.91,0.54,-1.52,10.13,-0.69,0.28,1.31,0.41,-2.14,9.85,-0.03,0.24,0.63,0.46,-1.46,9.58,0.65,-0.55,-0.34,0.33,0.33,9.3,0.13,0.24,-0.33,0.4,0.48,10.12,0.61,0.53,0.16,0.08,0.08,10.07,-0.35,1.01,0.07,0.13,0.03,9.88,-0.33,0.65,-0.09,0.17,0.18,9.8,-0.01,0.56,-0.69,0.05,0.17,9.76,0.21,0.17,-2.35,-0.33,3.05,8.53,-0.84,0.31
-2.79,-0.45,4.17,10.24,-3.98,1.27,-6.17,-0.95,9.16,11.43,-3.81,2.66,-5.67,-2.16,15.88,9.68,-2.37,0.02,-2.54,-1.55,7.57,3.09,-6.2,-5.71,6.55,-0.56,-17.7,3.94,-11.4,-2.71,10.59,-3.34,-26.08,5.96,-10.88,1.92,-1.57,2.33,-0.8,5.92,-0.95,-6.09,-7.11,-0.57,20.41,5.64,1.68,-3.88,5.53,1.78,-11.99,13.7,-9.31,-0.93,11.7,-3.01,-20.26,11.22,-3.44,6.47,-1.8,0.98,2.8,6.93,3.12,-5.93,-7.83,-1.47,14.21,5.12,1.3,-0.67,5.13,1.64,-11.67,11.01,2.69,-3.46,7.95,-0.08,-12.34,9.17,5.38,0.99,-7.77,-1.27,14.47,4.41,8.59,-4.78,-8.84,-2.26,17.86,10.53,-4.53,-0.27,3.7,2.32,-8.09,12.44,0.07,-6.38,7.83,0.43,-12.5,13.39,-2.48,6.06,-4.69,-0.18,9.08,-0.06,8.96,-5.91,-5.04,-0.94,9.97,9.24,-3.26,0.52
2.59,1.53,-4.58,11.65,0.21,-3.22,1.64,-0.86,-4.11,9.45,-0.56,-0.83,-2.41,0.1,3.73,7.1,3.0,-4.16,-1.57,0.67,1.8,9.61,0.79,-1.96,0.48,0.85,-1.04,9.26,0.09,-1.49,0.51,0.45,-0.83,8.65,-0.15,-1.83,-0.17,0.95,0.68,9.19,0.24,-1.63,0.02,0.72,0.18,10.34,0.4,-0.6,0.41,0.2,-0.55,10.29,0.05,-0.45,0.05,0.18,0.15,9.83,0.2,-0.25,-0.31,0.15,0.67,9.9,0.3,-0.07,-0.18,0.3,0.5,10.09,0.39,-0.08,-0.03,0.06,0.19,9.86,0.54,-0.22,0.01,0.03,-0.01,9.85,0.01,-0.42,-0.18,0.06,0.15,9.49,-0.18,-0.53,-0.16,0.24,0.37,9.82,0.03,-0.38,0.09,0.03,0.21,9.98,-0.01,-0.24,0.18,0.09,0.05,9.81,-0.46,-0.3,0.07,0.04,0.12,9.7,-0.17,-0.35,0.07,0.05,0.19,9.7,-0.07,-0.24
-4.39,0.08,3.59,9.42,-0.88,-1.0,-6.12,-0.3,11.09,7.26,-3.37,0.35,-7.05,-0.31,16.71,8.99,-7.03,-0.39,-1.43,0.74,5.86,8.03,-7.32,-2.2,6.19,-2.14,-13.4,3.24,-4.99,-4.16,11.31,-2.27,-20.81,11.73,-4.96,2.49,6.21,1.65,-8.54,10.68,-6.35,1.01,-7.31,-0.11,14.99,3.12,1.83,-0.29,-0.93,-0.81,2.08,11.23,-1.73,0.1,11.92,-0.76,-21.8,14.35,3.79,5.72,4.84,1.77,-8.54,10.86,-6.9,-1.67,-12.19,-2.35,19.32,3.18,6.38,-1.87,-3.12,-0.3,4.74,18.08,7.09,-2.38,9.71,1.9,-21.99,6.86,6.61,3.81,4.41,3.55,-8.43,17.16,-4.62,-1.99,-10.22,-5.0,20.46,7.6,0.7,-0.29,-2.01,-0.34,2.43,15.87,1.51,-3.76,8.56,1.09,-16.38,7.53,2.34,1.09,-2.11,1.6,1.28,10.47,-1.67,-2.24,-7.98,-4.04,16.39,7.0,0.23,-1.38
-1.94,0.34,3.51,14.59,-0.54,-2.88,6.13,0.22,-10.98,7.45,-0.34,0.08,0.61,0.85,-2.74,11.5,0.42,0.51,-3.84,-0.92,7.84,5.36,3.39,-4.27,-0.66,0.98,0.95,11.23,0.32,-0.95,1.51,0.51,-2.62,10.38,0.78,-0.14,0.75,-0.17,-0.89,9.32,-0.56,-0.72,-0.77,0.33,1.75,9.26,0.42,-0.96,0.13,0.19,-0.22,10.03,0.28,-0.38,0.66,0.07,-1.0,10.07,0.13,-0.36,-0.2,0.06,0.03,9.92,-0.47,0.15,-0.29,-0.02,0.78,9.79,0.46,-0.26,-0.05,0.03,0.06,9.69,0.74,-0.52,0.14,-0.12,-0.3,9.92,0.46,-0.31,-0.02,0.11,0.23,9.77,0.39,-0.47,-0.17,0.04,0.26,9.56,0.2,-0.52,-0.04,-0.04,-0.06,10.01,0.12,-0.3,0.11,-0.06,-0.01,9.55,0.35,-0.47,-0.1,0.02,-0.01,9.68,0.36,-0.55,0.03,0.05,-0.02,9.7,0.47,-0.57
-4.95,-0.08,5.86,9.63,-1.42,0.22,-8.22,-0.67,14.66,10.61,-3.67,0.3,-3.25,0.66,9.44,8.84,-1.51,-4.11,6.61,-1.24,-14.36,4.33,-10.43,1.57,10.82,-0.15,-17.14,12.23,-2.84,-2.16,1.06,0.94,-2.15,11.49,-7.19,1.26,-5.67,-2.12,15.03,7.57,3.65,-2.14,4.39,1.99,-10.23,14.61,-1.48,0.32,10.47,0.53,-14.01,11.7,7.33,1.52,-3.61,-0.32,5.62,10.14,-4.23,0.8,-9.18,-3.55,17.48,8.89,-6.2,2.33,0.85,0.83,-3.58,13.0,3.05,-7.12,10.58,2.97,-16.6,14.29,4.82,1.75,-5.31,0.62,6.3,6.37,-3.15,-1.98,-7.87,-4.03,17.22,10.34,-5.87,1.63,2.71,1.43,-6.79,12.67,2.37,-3.65,4.13,0.11,-8.01,10.29,-2.01,0.45,-2.59,-0.08,3.97,5.29,2.58,-3.9,-1.96,0.38,2.84,9.92,-0.45,-1.36,0.78,0.63,-2.49,9.97,0.77,-0.99
-4.13,0.1,7.65,8.57,0.15,-1.34,-6.32,0.64,15.31,9.25,-3.28,-0.8,-0.07,1.7,2.36,8.83,-2.79,-2.18,7.12,-1.44,-15.45,11.12,-5.63,3.13,7.05,0.98,-12.26,11.74,-12.55,-2.49,-7.37,-0.38,13.25,3.69,4.99,-4.12,-2.44,-2.21,5.31,15.47,-2.69,2.73,10.47,0.24,-15.93,14.09,6.15,2.74,0.18,0.48,-1.53,14.06,-5.23,-1.17,-6.82,-3.13,14.61,10.05,-4.19,1.32,0.54,0.01,-2.91,12.64,-3.79,-1.36,5.22,0.8,-10.12,7.9,1.56,-0.94,-2.06,-0.32,2.1,11.54,-1.38,-0.78,-5.31,-1.75,9.32,7.28,2.8,-3.2,0.98,0.86,-3.34,11.47,-0.07,-1.95,2.57,0.68,-6.02,9.47,0.41,-1.58,0.09,0.68,-1.58,8.96,0.08,-1.35,-1.3,-0.19,2.47,7.98,0.77,-1.76,-0.2,0.27,0.05,10.16,0.79,-1.31,0.52,0.19,-0.42,9.39,0.52,-1.16
-5.47,-0.05,7.76,8.24,-0.94,-0.77,-5.83,0.48,13.37,11.05,-4.91,-0.88,-0.09,0.73,2.69,8.54,-2.62,-2.53,6.13,-1.86,-14.41,7.79,-1.85,-1.05,8.41,1.66,-16.37,14.56,-8.13,-1.89,-5.46,0.83,8.83,5.57,7.05,-3.88,-4.28,-4.07,13.72,7.0,0.87,0.03,6.65,1.37,-14.25,12.95,1.74,0.06,4.01,0.25,-8.45,12.21,-3.61,1.21,-7.33,-2.13,14.87,2.36,6.56,-2.67,-0.98,0.19,2.03,13.25,-1.75,-1.1,6.08,0.21,-14.27,8.82,1.61,-1.28,3.66,1.31,-6.3,11.65,-2.16,1.26,-4.82,-1.7,10.68,6.99,2.37,-4.13,-1.38,0.35,3.87,12.19,-2.67,-1.25,2.52,-0.26,-4.99,9.18,-0.58,-1.54,1.4,-0.17,-2.77,9.49,-1.66,-0.91,-1.7,-0.23,2.28,7.95,0.88,-3.19,-1.99,0.15,2.42,9.29,0.39,-2.01,0.54,0.07,-1.03,9.66,0.41,-1.42
-6.35,1.46,11.59,6.72,-0.32,-1.05,-6.54,2.98,14.4,10.58,-4.46,-0.8,-0.4,2.22,2.2,7.28,-1.75,-2.59,8.82,-1.44,-16.96,12.3,-5.61,4.84,7.36,0.87,-10.47,11.05,-7.23,0.48,-5.03,-0.14,10.11,6.19,-4.02,0.66,1.94,0.05,-2.71,14.63,1.47,1.05,8.04,-0.33,-13.9,11.63,3.82,3.29,1.11,-0.15,-2.94,13.56,-9.35,1.75,-7.52,-2.22,16.81,9.76,0.06,-0.1,2.59,1.28,-5.77,12.87,4.34,-3.66,7.84,1.33,-13.96,12.28,3.25,3.29,-3.01,-0.3,3.13,9.23,-6.28,0.22,-6.66,-2.54,13.92,10.28,0.07,-0.14,-0.0,1.04,-0.45,12.06,1.46,-1.54,4.43,-1.0,-7.04,10.15,-1.28,0.06,0.87,0.05,-1.86,9.69,-1.54,-0.16,-2.77,-0.3,4.15,9.14,-0.6,-1.26,-1.74,0.24,1.55,10.66,0.34,-0.31,0.15,-0.22,-0.8,9.93,0.48,-0.69
-2.48,0.12,2.04,9.52,-1.81,-0.43,-6.19,0.41,8.99,8.32,-3.09,0.7,-4.97,1.76,11.86,8.59,-4.76,0.12,3.44,0.69,-4.62,10.12,2.76,-4.39,10.06,-1.9,-19.93,15.79,-5.05,8.42,6.88,1.96,-8.61,7.55,-8.22,-0.01,-7.88,-0.8,13.66,6.79,2.89,1.03,0.74,-1.27,-3.97,15.18,4.14,1.28,8.62,1.72,-15.18,9.25,4.93,1.3,-2.07,0.02,2.65,11.96,-6.59,-1.33,-7.81,-4.2,16.45,8.16,0.6,-1.35,-1.08,-1.29,1.44,14.4,1.98,-4.59,8.14,1.39,-14.77,7.86,4.65,-0.01,-3.16,0.56,3.97,9.59,-5.06,-1.16,-7.64,-4.0,15.9,9.13,-0.95,-0.41,-1.73,0.98,2.23,13.09,5.41,-7.69,5.65,2.3,-10.96,8.93,2.73,-0.2,-0.03,1.43,-1.07,9.91,-2.38,-2.65,-3.84,-0.94,7.62,9.09,1.75,-1.23,-0.4,0.72,0.39,12.28,1.45,0.2
1.7,-0.19,-2.29,9.99,0.17,-0.35,-0.2,-0.08,0.21,9.15,-0.59,-1.36,-1.22,-0.15,1.18,9.37,0.61,-0.88,-0.63,0.17,-0.35,10.05,1.27,-0.82,-0.19,-0.08,-0.01,9.48,-0.13,-0.36,-0.88,-0.15,0.93,9.62,0.39,-0.85,-0.75,0.11,0.97,9.78,1.25,-0.99,-0.16,0.1,-0.12,9.85,0.54,-0.79,-0.54,0.21,0.21,9.36,0.15,-1.02,-0.31,0.06,0.52,9.63,0.83,-0.84,0.07,0.16,-0.37,9.85,0.16,-0.65,0.04,0.19,-0.14,9.68,0.27,-0.66,-0.03,0.03,0.21,9.85,0.12,-0.47,0.26,0.04,0.08,9.63,0.52,-0.7,0.2,0.08,0.08,9.71,0.48,-0.69,-0.04,0.09,0.58,9.32,0.08,-0.83,0.03,0.46,0.44,9.1,-0.93,-0.8,-0.34,0.77,0.37,10.27,-3.6,0.07,-1.29,0.35,-0.14,10.66,-10.15,0.79,-3.29,-0.47,-0.33,9.5,-7.03,0.37
-1.63,-0.22,-1.62,7.46,7.5,-2.03,0.55,0.95,0.4,4.47,33.07,-1.36,1.78,1.22,4.9,6.87,13.27,-0.29,1.52,0.43,1.73,14.53,-27.72,7.78,-0.15,-0.88,-2.49,16.96,-32.05,7.16,-1.84,-2.85,-3.14,7.73,-13.47,5.71,0.27,0.95,2.1,-1.18,30.8,-7.84,0.99,0.79,1.8,12.28,-4.88,1.64,-0.3,-0.46,0.14,18.19,-23.85,5.92,-0.85,-1.27,-1.61,5.95,-4.31,-0.15,-0.25,0.22,2.09,1.18,23.07,-7.44,1.21,0.7,0.13,9.56,4.58,-1.81,0.66,0.16,0.2,14.48,-9.75,3.08,0.58,-0.09,-1.09,12.76,-7.44,3.18,0.25,-0.5,-0.81,8.37,-2.28,0.25,-0.13,-0.28,-0.14,8.22,0.27,-0.68,-0.06,0.13,-0.27,9.45,-0.26,-0.19,0.12,0.26,-0.8,10.02,0.02,0.11,0.16,0.04,-0.35,9.47,0.15,-0.43,0.07,-0.01,-0.04,9.62,0.08,-0.21
-2.14,0.15,1.57,9.97,-1.59,-0.41,-4.82,-0.5,7.56,8.2,-1.92,-0.07,-4.43,0.48,10.9,9.17,-3.09,-0.73,1.6,0.51,0.67,7.89,-3.13,-1.47,7.69,-2.15,-12.25,9.76,-4.11,1.84,9.42,-1.49,-13.41,13.53,-7.3,1.58,-6.77,0.33,11.54,2.12,-3.12,1.2,0.23,-0.43,2.01,10.37,1.76,-0.95,9.5,-1.2,-18.5,17.83,5.61,4.81,-2.53,0.57,2.36,10.2,-13.0,0.54,-8.99,-3.28,19.01,7.87,0.9,-1.56,0.49,1.11,-3.71,15.74,7.77,-5.17,8.05,2.93,-12.5,12.15,3.27,1.39,-3.36,-0.3,4.57,8.16,-4.73,-3.16,-4.98,-1.79,10.04,11.12,-6.95,0.86,1.47,0.52,-4.45,10.93,0.94,-2.78,3.65,0.72,-6.74,9.47,0.25,-1.37,-2.23,-0.7,2.81,7.98,0.63,-1.84,-2.55,0.24,3.92,9.47,1.16,-1.8,0.04,0.01,-0.69,10.82,1.33,-0.45
1.93,1.18,1.17,5.09,9.03,-2.19,0.54,1.39,1.45,15.59,-6.49,4.69,-0.32,-0.97,-0.16,16.93,-15.48,7.35,-0.88,-1.85,-1.3,13.61,-13.13,4.54,-1.5,-1.58,-2.0,5.45,-3.1,0.29,-1.63,-0.5,-0.52,2.49,7.78,-2.62,-0.76,0.45,0.57,5.55,12.56,-3.08,0.19,0.62,1.27,7.35,12.18,-2.78,1.3,0.94,1.7,7.92,9.65,-2.43,1.43,1.23,1.73,9.93,3.05,-0.34,0.89,0.5,1.72,11.79,-6.13,2.85,0.22,0.41,1.18,12.66,-10.67,4.08,-0.36,-0.48,0.13,11.1,-9.88,3.62,-0.93,-0.59,-0.68,8.62,-5.98,1.55,-0.82,-0.43,-0.74,7.41,-1.47,0.18,-0.71,-0.17,-0.55,7.8,2.26,-0.84,-0.2,0.14,-0.48,9.73,3.05,-0.99,-0.1,0.01,-0.09,10.24,2.21,-0.89,0.01,-0.08,-0.01,10.14,1.48,-0.86,0.24,-0.08,-0.03,9.62,-0.08,-0.32
2.39,0.42,-2.27,9.43,2.03,0.05,0.49,0.63,-1.12,10.82,-1.13,0.74,-4.82,-0.43,8.37,7.54,0.24,0.74,-3.79,0.4,10.53,12.29,-2.89,0.52,2.33,0.1,-4.24,8.35,-2.38,-0.11,11.96,-0.32,-14.69,12.84,-0.47,3.81,7.07,0.74,-8.3,10.93,-8.2,0.81,-7.96,-1.98,11.69,2.87,0.48,0.64,4.24,0.79,-7.69,14.0,4.81,0.65,9.32,0.48,-12.34,11.67,7.14,-0.64,-7.99,-2.3,11.73,3.34,4.29,-0.25,-6.06,-2.23,11.17,12.26,3.43,0.98,6.33,-0.01,-11.39,9.71,9.72,-2.99,6.44,2.6,-8.64,11.25,0.27,2.18,-5.3,-2.14,9.6,2.94,4.97,-2.84,-2.89,-0.89,5.2,10.55,-1.07,0.35,2.39,0.18,-3.77,9.13,1.95,-1.36,0.92,-0.11,-1.51,9.0,0.09,-1.24,-2.12,-0.23,2.53,8.06,2.2,-2.07,-1.35,0.4,1.26,9.27,1.9,-1.39
1.79,0.77,0.96,5.39,13.94,-2.55,2.24,1.54,1.5,9.37,3.54,1.22,1.8,0.58,1.38,14.48,-10.0,6.47,0.24,-0.46,0.37,13.62,-16.24,6.18,-1.6,-0.45,-0.73,10.82,-16.79,4.13,-2.53,-1.16,-1.53,8.27,-10.5,3.67,-3.05,-0.9,-1.87,4.77,2.04,1.95,-2.14,-0.36,-1.24,4.99,14.32,-0.65,-0.27,0.41,0.3,7.04,24.65,-2.26,1.68,0.43,2.13,9.62,17.76,-0.18,2.29,0.47,2.84,9.86,3.85,0.99,2.5,0.35,1.61,12.47,-13.48,4.78,1.0,-0.56,-0.78,12.82,-20.03,5.0,-0.78,-1.14,-1.71,10.05,-17.38,3.28,-1.96,-1.32,-1.61,5.36,-7.05,1.55,-2.46,-0.54,-1.18,4.64,4.1,-1.03,-1.73,0.21,-0.77,6.81,12.09,-2.04,-0.83,0.57,-0.08,10.68,12.44,-0.91,0.09,-0.45,0.6,10.7,7.69,-1.0,0.37,-0.27,0.6,8.95,4.56,-2.24
-2.11,-0.14,2.1,9.85,-0.49,0.03,-2.55,-0.11,5.26,10.2,0.67,-1.13,0.13,-0.11,4.81,8.56,0.72,-1.79,3.78,-0.37,-3.14,7.77,-3.38,0.46,8.54,-1.43,-11.44,12.48,-4.11,2.71,8.7,-1.77,-11.56,12.42,-3.68,0.43,-8.03,0.17,7.96,3.82,-1.64,-1.73,-6.59,-1.58,11.68,10.42,1.69,0.06,6.41,2.46,-14.07,14.27,5.11,2.31,7.27,1.97,-10.08,14.67,-1.62,1.53,-8.63,-2.59,13.51,1.25,3.0,-1.33,-2.57,-1.16,3.98,13.93,2.27,0.02,7.61,2.09,-17.11,9.37,8.86,-1.23,6.09,2.71,-8.27,15.44,-7.29,0.69,-6.94,-4.5,15.13,4.76,5.39,-4.03,-3.67,-0.92,6.33,11.99,-2.1,0.95,5.49,0.27,-10.0,7.88,4.66,-2.29,2.16,0.97,-3.65,10.63,-1.26,0.41,-3.05,-0.94,6.82,8.2,4.41,-4.29,-2.13,0.48,2.42,10.2,-1.14,-1.04
-1.6,0.29,2.54,8.92,1.12,-1.81,-0.71,0.65,1.12,9.81,-0.06,-1.13,0.19,0.2,-0.66,9.93,-0.56,-0.82,0.27,-0.06,-0.89,9.95,-1.25,-0.92,-0.77,0.09,0.3,9.29,-1.53,-0.88,-1.35,0.27,0.46,9.47,-1.29,-1.28,-0.83,0.19,-0.2,9.23,1.73,-2.35,0.49,-0.09,-1.19,6.49,6.42,-2.85,1.74,0.98,0.11,4.49,13.85,-5.43,2.0,2.78,1.62,10.13,1.62,1.76,0.75,1.48,2.54,14.31,-6.7,5.98,-0.02,-0.48,0.8,14.63,-16.65,7.26,-1.43,-0.78,-1.4,12.49,-17.68,4.86,-2.78,-1.34,-2.05,8.47,-13.08,3.42,-3.19,-1.18,-2.1,4.72,5.71,0.79,-2.06,-0.09,-0.69,4.85,13.48,-1.91,-0.24,0.76,1.05,6.59,20.6,-2.86,1.51,0.62,2.08,8.61,17.25,-0.74,2.58,0.95,3.01,8.57,5.18,0.53,1.54,1.1,3.33,11.54,-10.53,3.63
-0.69,-1.21,-2.02,10.02,-17.51,1.97,-1.49,-0.77,-2.22,6.3,-8.56,0.9,-1.42,0.01,-1.09,5.6,4.02,0.53,-0.47,0.13,-0.41,8.31,7.07,0.2,0.21,0.19,-0.24,10.24,3.96,-0.21,0.21,-0.08,0.37,10.8,0.96,-0.82,0.21,0.0,0.18,10.52,-1.37,-0.64,0.17,-0.18,-0.08,9.51,-2.0,-0.59,-0.03,0.1,-0.29,9.35,-1.38,-0.19,-0.08,0.02,0.11,9.43,-0.36,-0.03,-0.05,0.05,-0.08,9.78,0.02,0.02,0.05,0.16,-0.12,10.03,-0.41,0.06,0.07,0.04,-0.01,9.73,0.02,-0.29,-0.01,-0.03,0.11,10.14,-0.64,-0.27,0.07,-0.09,-0.07,9.69,-0.55,-0.22,0.02,0.01,-0.17,9.75,-0.62,-0.34,0.07,0.04,-0.0,9.47,-0.63,-0.29,0.04,0.05,-0.02,9.61,-0.23,-0.12,0.0,0.07,-0.04,9.97,-0.23,-0.02,0.21,0.1,-0.04,9.99,-0.44,-0.03
-3.03,0.26,8.43,8.46,-0.62,-0.2,-0.24,1.1,5.96,10.28,-1.62,-0.24,5.93,-1.19,-10.74,12.06,0.02,3.01,9.91,-1.21,-14.1,13.61,-4.14,2.94,-0.55,0.83,-0.72,12.16,-10.35,0.91,-4.2,-3.09,11.4,10.55,0.43,0.5,4.56,0.07,-9.94,14.12,3.61,-0.52,8.65,1.45,-12.17,13.03,-0.99,3.76,-6.18,-0.44,8.43,10.54,-2.89,0.89,-8.18,-4.79,16.21,12.26,-0.02,1.35,6.03,1.34,-13.05,7.44,8.54,-3.53,4.86,2.01,-6.57,13.26,-2.37,1.83,-6.62,-2.26,11.63,4.74,4.84,-2.03,-4.45,-1.61,10.4,12.83,0.45,-0.66,4.36,-0.72,-7.37,8.12,2.86,-2.67,2.54,-0.4,-3.96,8.44,-0.87,-0.35,-2.92,-0.33,4.65,9.07,3.55,-3.2,-2.52,-0.04,3.55,10.05,0.35,-2.03,-0.47,0.11,0.35,9.79,1.1,-2.41,0.42,-0.12,-1.13,8.86,-0.16,-2.09
-2.39,0.32,4.37,8.01,-1.47,-0.94,-1.77,1.03,4.84,10.67,-0.58,-0.59,3.22,0.03,-5.54,10.44,0.49,-0.17,6.85,-0.63,-11.08,11.73,-4.16,2.19,-3.73,0.24,4.97,7.02,-1.53,-0.12,-5.73,-1.66,11.39,10.26,0.44,-0.07,2.53,1.01,-6.0,10.33,3.99,0.7,4.8,0.6,-6.9,10.9,-0.12,1.66,-2.68,-0.91,4.63,7.45,2.46,-0.74,-2.46,-0.29,4.4,10.83,-2.64,0.21,1.56,-0.42,-3.2,9.51,1.01,-1.78,1.82,-0.1,-3.09,8.87,-1.45,-1.38,-0.36,-0.28,0.09,9.04,-0.06,-2.16,-1.08,-0.05,0.94,9.17,0.61,-2.43,-0.15,-0.03,-0.05,9.83,1.01,-1.03,0.06,0.05,0.42,9.08,0.8,-1.34,0.23,0.31,0.24,9.67,0.55,-1.59,0.33,0.03,-0.01,9.7,0.19,-1.48,0.03,0.22,-0.21,9.47,0.09,-1.4,-0.33,0.06,0.35,9.66,0.0,-1.18
-1.65,-0.09,2.2,8.99,-0.75,-1.63,-4.36,0.7,9.41,8.89,-1.26,-0.78,-3.05,1.46,8.46,10.17,-2.73,-1.16,2.28,0.14,-2.7,8.36,-2.28,-2.08,6.1,-1.69,-12.0,10.74,-3.42,1.76,5.82,-1.15,-11.91,12.86,-6.86,-0.77,-8.23,1.12,14.17,4.75,3.93,-2.69,-3.56,-0.77,6.36,10.55,-1.21,0.74,8.75,-1.55,-15.69,10.4,0.91,2.37,3.62,-0.06,-6.9,15.0,-6.68,0.65,-7.6,-2.89,14.54,6.37,3.0,-3.29,-2.05,-0.21,3.54,10.27,1.09,-1.24,7.7,1.21,-15.38,7.9,5.17,0.16,3.22,2.33,-6.93,15.32,-5.52,4.32,-5.99,-2.2,10.91,5.46,3.99,-3.87,-2.92,0.21,5.78,13.85,-2.77,0.03,3.3,0.43,-5.31,8.48,1.64,-2.67,1.89,0.58,-3.16,9.8,-2.83,0.14,-2.28,-0.53,3.98,7.63,2.04,-3.22,-2.46,0.37,3.33,9.87,-0.57,-2.02
1.29,-0.5,-2.6,10.97,-1.01,0.15,1.46,0.02,-2.39,10.64,0.12,-0.26,0.93,-0.11,-1.6,9.68,0.05,0.0,0.81,-0.11,-1.39,9.67,0.16,0.3,0.41,-0.46,-1.85,9.84,3.93,-2.18,-0.3,0.4,-0.47,9.49,2.82,-1.2,-0.48,1.75,0.43,11.33,2.45,0.97,-0.14,2.65,-0.05,9.8,1.95,-0.67,-0.27,0.71,-0.18,8.54,2.46,0.89,-0.48,-0.99,0.28,9.77,2.83,1.03,0.05,0.01,0.21,9.62,1.85,0.59,0.66,0.74,0.69,9.48,1.79,1.51,0.37,1.36,-0.04,9.25,1.58,1.46,0.47,0.52,-0.35,8.53,1.85,0.53,0.1,0.54,-0.06,9.12,1.71,0.98,-0.51,0.61,0.25,9.03,2.82,0.36,-1.13,0.09,0.76,9.09,1.8,2.0,-1.59,-0.14,1.1,8.9,2.08,2.15,-2.26,-0.48,1.39,9.84,1.14,1.69,-0.62,0.84,1.17,9.41,0.22,1.54
-1.65,0.19,1.42,9.02,1.04,2.56,-0.96,0.47,1.3,10.09,-2.1,1.88,-0.1,0.36,0.3,8.65,-2.33,3.12,-0.18,0.41,0.51,9.45,-0.7,2.52,-0.47,0.17,0.82,9.21,-0.7,2.52,-0.27,0.03,0.55,8.91,-2.64,3.36,0.41,0.41,0.13,8.93,-1.57,2.79,0.39,0.17,0.07,9.02,-2.53,3.03,0.62,0.18,0.19,8.7,-2.19,3.37,0.71,0.28,0.03,8.74,-1.88,2.54,0.17,0.33,0.01,8.84,-1.94,3.31,0.15,0.09,0.02,9.03,-1.82,3.75,-0.25,0.01,0.42,8.77,-1.51,3.06,1.08,0.04,-0.37,9.13,-2.05,4.04,0.56,-0.13,-0.31,8.83,-2.13,3.02,-0.13,0.11,0.17,8.49,-1.27,3.8,0.32,-0.08,0.13,9.17,-2.5,3.95,-0.34,-0.14,0.08,9.72,-1.51,3.19,-0.17,-0.27,0.55,8.71,-2.56,3.77,-0.71,-0.41,-0.13,9.51,-2.59,3.5
-4.11,-1.91,8.15,9.76,-2.07,3.42,-5.99,-1.94,12.69,6.98,-1.95,-0.62,0.03,-0.93,1.99,2.93,-7.62,-4.06,6.01,-1.67,-18.98,11.21,-8.9,2.52,6.6,-4.46,-15.05,4.94,-6.35,2.98,-5.75,0.61,18.1,5.28,5.26,-5.3,1.14,1.5,0.41,16.94,-5.75,-2.84,8.99,-1.95,-18.0,10.43,-0.48,2.72,-0.93,0.57,-1.09,9.91,0.01,-3.6,-5.5,-2.15,16.85,7.97,-3.77,0.37,1.56,1.66,-5.71,14.88,-2.31,-8.17,7.1,2.04,-16.95,6.88,1.13,2.11,-3.86,-0.51,5.06,6.2,2.35,-0.31,-6.05,-3.54,15.22,9.38,-1.41,-0.86,1.22,1.69,-4.17,15.21,0.46,-6.71,4.73,0.28,-10.64,8.99,1.94,0.39,-0.02,0.35,-1.81,7.33,2.0,-1.45,-2.33,-1.21,7.5,8.56,-0.34,-2.98,-0.91,0.73,1.66,9.84,-2.21,-2.36,1.36,0.27,-2.3,9.08,-0.57,-2.21
-2.38,0.62,4.95,8.5,-3.74,-2.79,-4.61,2.8,15.91,10.39,-2.58,0.36,-2.18,2.45,8.29,4.53,-6.11,-0.27,4.88,-3.71,-14.78,13.54,-6.72,-1.14,8.74,-5.37,-19.87,9.81,-8.99,4.9,0.02,1.1,-0.59,4.71,-4.19,-3.02,-5.96,-0.52,17.11,6.19,-2.4,1.4,5.11,-1.1,-16.63,21.31,-0.52,-6.06,8.25,-0.73,-18.39,8.89,-1.13,4.72,-3.22,2.46,5.28,2.45,2.71,-1.49,-4.91,-4.79,14.65,7.16,-6.24,1.45,1.08,-1.28,-7.16,16.17,1.43,-8.53,6.74,1.47,-13.66,7.15,-0.15,0.81,-3.4,1.74,5.91,8.44,-5.92,-2.62,-5.73,-3.58,15.44,9.57,-0.36,-1.66,0.58,0.08,-2.99,15.6,-1.79,-10.13,3.85,-0.17,-9.97,6.27,-0.57,-1.85,0.83,0.54,-3.74,10.42,-4.53,-1.77,-3.03,-0.73,7.1,6.03,0.86,-3.73,-0.79,0.54,2.63,11.17,-2.7,-3.93
0.99,0.91,-1.64,9.13,-0.47,-3.0,1.18,-0.25,-1.78,7.99,-2.02,-3.09,0.13,0.98,0.53,8.34,-1.7,-3.34,0.07,0.97,0.52,9.8,-1.07,-2.45,0.62,0.58,-1.12,10.19,-0.94,-2.17,0.37,0.36,-0.6,9.5,-0.89,-2.08,0.01,0.52,0.46,8.96,-1.0,-2.1,-0.2,0.42,0.45,9.67,-1.19,-1.91,0.0,0.31,-0.38,9.78,-1.6,-1.61,-0.13,0.14,-0.41,9.21,-1.21,-1.58,-0.14,0.33,-0.03,9.53,-1.3,-1.73,-0.19,0.3,-0.25,9.48,-1.3,-1.46,0.27,0.39,-1.03,9.86,-0.56,-1.56,0.37,0.51,-1.35,9.33,-0.24,-1.54,0.44,0.74,-1.46,9.26,-0.18,-1.36,0.01,0.7,-0.82,9.19,0.55,-1.36,-0.58,0.95,0.34,9.8,-1.12,-1.26,-4.02,0.98,10.18,8.84,-1.9,0.41,-5.74,1.95,15.32,9.82,-4.36,1.57,-2.05,2.36,7.5,7.88,-5.95,0.44
6.6,-3.71,-14.71,11.3,-4.5,3.81,10.94,-5.69,-19.13,13.15,-9.51,-0.49,-6.79,3.03,7.69,3.36,-2.46,1.92,-6.36,-0.57,15.57,10.56,-1.06,1.04,5.93,-1.44,-14.8,15.47,-0.85,-1.65,9.62,-1.35,-16.9,7.94,1.62,1.98,4.62,1.86,-7.15,8.57,-4.19,-1.8,-9.53,-2.09,15.26,7.39,1.17,0.94,-5.91,-1.59,8.73,13.21,8.58,-2.84,8.55,0.74,-15.59,6.72,5.24,0.76,2.07,2.15,-6.25,15.18,-0.88,-1.02,-7.27,-2.54,14.22,7.74,4.5,-1.17,-3.88,-1.35,6.84,11.46,-3.09,-0.62,3.36,-0.04,-5.59,12.36,1.27,-3.82,4.14,-0.31,-6.5,9.41,-1.92,-0.93,-2.63,0.19,2.86,8.74,-1.43,-2.54,-3.86,-0.17,6.77,9.22,0.71,-2.02,-0.79,0.88,0.43,11.66,0.15,-1.67,1.37,-0.29,-2.5,9.01,-0.19,-1.58,0.34,0.04,-0.65,8.85,-0.4,-2.09
-2.31,0.34,2.18,9.42,-4.01,-1.51,-6.04,1.83,12.97,7.94,-2.29,0.54,-4.13,2.55,10.09,9.83,-3.55,-0.51,2.9,0.54,-4.99,10.83,-1.25,-4.04,11.4,-3.87,-21.54,12.94,-5.33,6.26,2.6,0.22,-6.24,15.83,-18.1,-3.57,-9.58,-0.03,19.43,4.53,2.87,-3.22,2.82,-0.28,-6.37,14.68,-0.83,-0.76,9.65,-1.39,-17.97,12.92,4.05,2.51,-5.57,1.21,6.92,10.23,-4.37,-0.21,-8.41,-3.54,18.3,7.14,1.74,-1.65,-1.65,-2.31,0.78,10.39,-3.88,-3.99,5.31,-0.04,-12.8,6.52,-0.57,-1.18,1.05,0.16,-3.93,10.65,-3.54,-1.36,-3.65,-0.94,8.32,6.46,1.2,-3.9,-1.31,0.31,3.08,11.91,-0.01,-3.15,1.6,-0.39,-2.95,9.44,0.9,-2.71,1.7,-0.25,-2.76,8.72,-1.01,-2.68,-0.61,0.5,1.38,8.21,-0.61,-2.76,-0.57,0.42,1.79,9.52,-0.1,-2.6
-5.09,0.74,5.74,9.8,-2.65,-1.7,-5.77,0.74,13.84,9.83,-2.82,-1.28,-2.74,1.3,8.59,8.47,-4.98,-2.86,2.39,-0.71,-4.84,8.24,-1.88,-4.47,9.51,-2.49,-17.62,11.25,-4.76,1.91,7.37,0.58,-12.43,10.97,-11.9,-2.17,-8.17,1.57,15.28,5.42,4.5,-0.61,-2.78,-1.95,5.83,9.73,-1.29,2.21,7.02,-1.08,-14.04,14.28,-0.6,-0.87,7.09,0.32,-11.27,12.49,-4.29,1.02,-5.54,1.32,5.25,3.38,3.25,-2.15,-6.72,-1.27,10.14,11.43,-3.36,2.21,2.48,-1.05,-4.38,9.84,1.95,-3.28,5.77,0.09,-8.46,8.12,-0.21,-1.6,-0.82,0.19,-0.08,8.95,1.49,-0.89,-4.42,0.18,6.6,10.61,2.31,-1.42,-1.91,0.27,2.4,10.83,1.41,-1.11,0.78,-0.29,-1.39,9.52,0.88,-1.76,1.27,0.18,-1.77,9.02,0.03,-1.8,0.0,0.38,0.01,8.84,0.08,-1.98
-2.12,0.18,1.29,9.47,-1.28,-2.31,-5.38,0.63,11.25,11.3,-2.45,0.85,-5.2,-0.31,12.07,8.45,-6.93,0.64,0.35,-0.86,1.2,9.38,0.86,-6.46,8.66,-3.68,-20.12,11.7,-4.28,3.38,9.97,-0.83,-19.43,14.6,-8.43,-1.12,-8.54,1.74,13.73,2.14,1.44,0.81,-5.56,-3.75,14.58,9.92,-4.38,-0.09,6.39,0.14,-16.26,16.95,2.5,-4.29,6.5,-0.35,-12.01,10.55,-4.25,1.7,-6.45,-1.46,15.95,2.83,5.5,-3.92,-3.91,-1.4,8.4,10.17,-2.84,0.34,5.91,0.03,-14.73,9.0,2.95,-2.45,3.43,0.93,-7.39,10.75,-1.68,-0.6,-4.5,-0.73,9.23,5.58,1.96,-3.36,-2.45,-0.27,6.05,11.59,-3.13,-2.0,1.92,0.27,-4.01,9.87,1.96,-4.66,2.2,0.2,-4.24,8.63,-1.17,-2.06,-1.07,0.45,1.0,9.02,-0.01,-2.98,-1.83,0.21,3.07,8.83,1.48,-3.35
-1.99,-0.18,1.6,10.27,-0.99,-1.57,-4.26,-0.56,8.88,9.41,-1.09,-1.08,-4.48,-0.51,14.37,9.03,-2.16,-2.17,1.09,0.52,-1.98,6.49,-1.69,-5.06,6.64,-1.16,-18.65,11.88,-4.67,1.64,8.18,0.45,-16.44,14.69,-9.75,-4.21,-6.46,0.02,13.57,2.75,4.11,-1.73,-2.94,-2.88,9.47,9.89,-2.26,-1.31,5.12,1.06,-14.07,15.99,-0.97,-4.4,4.75,0.22,-10.19,13.34,-5.52,0.47,-3.92,-1.34,8.52,3.78,0.16,-1.9,-3.35,-3.42,10.4,9.25,4.87,-1.61,4.28,0.27,-9.93,13.14,7.39,-5.09,2.11,0.59,-4.92,8.67,-0.42,-1.38,-2.56,0.17,5.75,6.6,1.82,-4.22,-2.63,0.08,4.9,10.41,-2.0,-3.09,-0.97,-0.01,0.98,8.34,-0.68,-3.98,0.38,-0.15,-1.37,7.44,-1.29,-4.07,0.12,0.46,-1.06,8.15,-1.08,-3.81,-0.29,0.12,0.22,9.01,-0.59,-3.01
-3.09,0.35,3.27,9.86,-2.73,-2.58,-3.95,0.38,10.24,8.27,-1.2,-1.93,0.76,1.68,3.9,9.56,0.86,-4.44,5.92,-0.93,-12.67,10.51,-2.22,1.33,9.35,-0.72,-15.84,14.61,-6.37,-1.85,-2.86,2.67,2.23,7.1,-4.87,-2.01,-7.25,-2.4,15.28,7.61,-0.73,0.87,4.54,1.24,-10.72,15.58,6.23,-3.26,9.62,0.63,-14.89,11.11,4.5,0.36,-2.45,1.12,2.53,9.25,-4.71,-1.58,-6.54,-3.19,12.39,9.38,-0.12,-0.24,-0.31,-1.38,-0.61,10.9,7.49,-5.25,8.76,0.77,-13.75,8.56,4.05,-1.93,0.15,1.61,-1.9,10.18,-0.95,-3.07,-6.47,-2.86,8.99,6.95,3.42,-2.35,-1.64,-0.32,1.17,9.34,8.41,-3.9,0.88,0.87,-2.34,6.64,7.38,-3.98,-1.57,0.39,0.95,8.64,5.22,-2.05,-3.31,-0.32,4.08,7.97,4.94,-2.26,-1.75,0.5,2.34,8.58,3.77,-1.92
-4.01,-0.05,3.86,9.89,-0.91,-0.53,-6.92,-1.3,11.7,9.66,-1.61,1.6,-3.77,0.49,9.29,11.48,-1.32,-1.16,5.91,0.64,-9.0,10.19,1.23,-3.7,11.9,-2.52,-19.44,11.3,-2.35,6.18,5.59,1.45,-8.66,10.04,-9.17,-3.17,-9.89,-1.25,16.81,4.82,1.91,-2.09,0.03,0.08,-0.82,13.0,3.8,1.16,9.56,0.83,-18.87,8.9,5.63,1.21,9.33,3.62,-12.28,11.63,4.07,-1.45,-10.39,-2.77,13.68,9.27,-1.93,1.43,-9.66,-5.65,13.63,12.41,-5.57,3.06,7.05,1.99,-14.57,7.44,14.17,-7.08,8.17,3.09,-10.39,12.46,5.66,-0.38,-6.99,-0.3,9.71,5.01,4.8,-0.71,-4.59,-2.14,8.16,11.96,-3.35,-0.9,1.87,0.49,-3.45,8.54,3.65,-2.55,1.89,-0.39,-3.5,8.12,-0.29,-0.81,-2.04,0.48,1.99,9.07,2.43,-2.36,-1.69,0.24,2.0,9.63,1.05,-1.06
-4.28,0.0,4.19,10.84,-2.06,-0.59,-7.83,-1.03,14.58,10.7,-0.29,-0.06,-2.49,-0.12,7.41,9.55,-3.55,-1.74,4.99,-1.09,-13.29,5.72,-0.53,-5.42,11.29,-0.14,-21.38,16.29,-2.28,1.97,1.58,4.47,-3.76,9.3,-9.32,-1.24,-8.47,-3.7,16.93,6.48,1.94,0.03,0.27,-0.36,-2.71,13.09,0.0,-0.61,7.95,0.81,-14.78,10.28,2.75,-0.22,2.58,0.84,-4.88,10.88,-2.4,0.12,-7.45,-3.11,15.22,8.31,0.45,-2.98,-3.03,-0.53,6.08,12.37,-0.75,-1.59,5.19,-1.33,-10.93,6.24,3.03,-5.0,3.48,0.68,-6.85,12.12,-2.03,0.49,-6.27,-0.1,11.28,10.67,2.27,-1.94,-2.78,-0.64,5.99,11.75,-0.26,-2.09,4.22,-0.87,-7.44,8.51,-0.66,-2.48,2.96,-0.05,-4.98,9.09,-0.88,-1.8,-0.88,1.1,-0.04,10.41,0.66,-1.86,-0.72,1.59,1.18,9.28,-1.11,-2.32
2.13,1.64,-0.71,10.37,-0.53,-1.32,2.43,0.86,-2.38,9.94,0.64,-1.54,0.86,0.43,0.15,8.32,-0.06,-2.1,-0.41,-0.01,1.68,8.54,0.64,-2.07,0.37,-0.54,-0.46,9.25,0.52,-0.2,1.72,0.71,-0.99,9.19,0.87,-0.98,2.28,2.17,-0.84,9.89,-0.01,-2.5,-1.32,0.95,-0.12,10.57,0.3,-0.43,-1.29,0.86,-0.47,9.42,1.43,-0.03,-1.96,0.77,-0.42,9.6,1.33,-0.15,-1.26,0.22,-0.09,10.01,1.98,0.71,-0.88,-0.13,-0.03,9.8,2.05,0.86,-1.26,0.33,0.7,7.79,2.76,0.25,-2.16,-0.24,1.93,9.96,1.03,0.1,-1.58,0.38,0.59,10.1,-0.52,-0.68,-1.05,0.06,0.34,9.14,0.2,-0.13,-4.08,0.33,3.16,8.85,8.27,-0.01,-2.18,-0.06,6.1,9.13,5.38,2.73,1.48,-0.94,5.29,8.59,-3.5,4.71,-2.26,-1.52,-4.01,8.61,-34.83,4.81
0.48,-4.2,-8.86,5.22,-18.39,-0.2,0.05,-2.2,-5.81,-2.51,15.04,-5.57,-0.39,5.65,8.37,-6.72,29.94,-9.71,-0.14,3.35,6.91,1.67,-8.87,7.56,0.93,-2.22,-4.74,18.74,-38.85,7.62,0.31,-0.94,-6.17,11.43,-15.82,0.52,-1.4,2.75,1.76,-0.35,27.27,-8.93,-0.9,-0.12,4.77,6.79,1.62,3.28,-0.04,-0.03,1.16,12.45,-15.82,2.14,0.57,-1.29,-1.47,11.98,-14.51,3.2,0.55,-1.48,-2.6,8.69,-7.72,0.5,0.3,-0.68,-2.53,6.28,-1.18,-3.22,0.62,0.84,-2.35,6.22,2.09,-3.2,0.68,1.4,-1.7,8.62,1.13,-0.72,0.6,1.1,-1.42,9.86,0.94,0.94,1.45,0.91,-0.96,10.08,2.02,1.9,0.15,0.35,-0.36,10.29,2.28,2.58,-0.09,-0.23,0.08,10.37,2.6,2.26,-0.32,-0.37,0.36,9.41,2.07,0.59,-0.12,-0.22,0.32,9.33,1.28,2.1
-2.57,-0.05,0.95,10.38,2.13,-0.99,-6.6,-0.53,5.18,7.53,0.96,0.54,-4.69,-0.82,6.5,8.6,-1.48,-0.34,3.91,-0.27,-0.42,11.18,-8.04,-0.4,11.96,-1.29,-10.33,7.96,-7.07,1.74,10.79,-5.11,-12.82,8.3,0.86,-1.49,-4.49,0.59,4.94,8.97,9.96,-4.65,-7.86,0.75,11.56,7.21,2.25,-1.7,9.55,0.04,-12.4,8.38,1.46,1.51,8.2,-2.34,-9.29,7.33,5.59,-0.39,-9.65,-1.38,12.29,4.72,7.87,-1.72,-6.96,-0.97,7.48,11.32,-1.49,0.99,5.16,0.15,-8.11,10.73,0.51,-2.8,1.88,0.94,-3.02,9.59,4.88,-1.12,-3.75,-1.8,5.66,8.89,4.9,-2.03,-3.07,-0.17,3.83,9.87,0.85,-2.36,-0.74,-0.15,1.14,9.7,1.26,-1.51,0.8,-0.18,-0.37,8.44,1.16,-2.71,0.28,0.44,0.03,8.54,1.41,-2.7,-0.26,0.56,0.49,9.56,0.55,-1.4
-3.59,-0.08,3.69,10.3,3.75,-2.48,-5.68,-0.39,9.57,7.32,2.6,-1.62,0.46,-0.3,2.76,8.68,-2.33,-1.2,9.47,-1.52,-11.12,9.78,-8.61,0.74,12.23,-0.78,-15.36,7.51,-4.93,-1.84,-2.21,1.5,2.16,6.07,7.02,-4.88,-6.2,-0.54,9.44,8.64,3.73,-0.06,4.17,-1.21,-6.24,12.74,-3.98,1.54,5.27,-0.14,-6.9,7.6,5.3,-5.06,-4.31,-0.05,5.16,4.46,8.2,-3.71,-6.74,-0.87,9.06,12.37,-0.17,-1.75,3.7,-0.76,-6.06,10.04,-2.79,-2.07,3.11,0.12,-4.61,7.44,3.54,-3.31,-1.94,-0.16,1.92,7.37,6.31,-2.86,-3.11,-0.18,4.3,9.55,1.68,-2.86,-2.48,0.33,3.04,9.49,1.63,-2.44,-0.76,0.29,1.42,9.02,1.4,-2.55,-0.49,0.83,1.45,8.37,0.54,-2.95,-0.95,0.73,1.37,9.36,-0.24,-1.57,-0.59,0.34,1.08,9.81,-0.05,-1.6
-5.03,0.5,6.68,8.54,0.83,-2.58,-7.53,1.86,13.63,8.53,-3.07,-1.09,-0.81,0.26,3.38,9.49,-9.94,-2.17,8.7,-4.09,-14.11,6.56,-12.04,0.09,8.64,-2.63,-15.67,6.84,-6.42,-2.34,-7.67,2.39,10.48,0.05,15.16,-3.1,-2.16,1.35,6.09,11.92,-10.09,-3.16,7.29,-1.31,-11.97,6.16,-8.13,1.28,4.92,-2.38,-9.63,11.57,-1.82,-1.63,-4.34,-0.13,8.09,8.26,5.72,-4.7,-3.06,0.57,5.76,9.29,-4.88,-3.0,1.71,0.04,-3.0,9.88,-2.15,-1.23,2.21,-0.88,-3.7,9.37,-1.03,-1.47,0.79,-0.67,-1.63,9.36,0.47,-2.34,-0.69,0.58,0.92,9.03,0.26,-2.57,-0.17,0.55,0.26,9.72,-0.19,-1.35,-0.06,0.24,-0.16,9.79,-0.18,-1.44,-0.02,0.36,-0.2,9.47,-0.85,-1.43,-0.13,0.25,0.05,9.73,-0.44,-1.44,-0.02,0.21,-0.09,9.72,-0.43,-1.38
-4.71,0.13,3.68,9.99,-1.14,-2.15,-6.67,0.65,13.63,7.73,-0.38,-0.13,-1.86,2.33,4.19,9.24,-5.62,-3.2,7.3,-0.31,-12.67,11.06,-8.09,-1.19,5.2,-4.17,-8.69,6.57,-6.07,-0.64,-6.84,1.58,12.42,5.97,6.72,-1.29,-2.65,0.91,5.84,10.74,-6.6,-2.21,5.9,-1.85,-10.46,10.02,-4.29,0.04,3.28,-1.65,-7.72,10.14,-2.72,-0.42,-3.72,-1.04,5.35,6.11,5.04,-3.11,-2.19,0.13,3.63,9.96,-3.54,-2.81,1.37,0.22,-2.38,9.18,-1.36,-2.86,1.86,0.12,-2.36,8.86,-0.77,-1.98,0.14,0.4,-0.59,9.12,-0.46,-2.34,-0.42,0.18,0.68,9.75,0.09,-2.02,0.16,0.27,-0.39,9.72,0.07,-1.82,0.38,0.33,-0.76,9.45,-0.11,-1.93,0.26,0.22,-0.3,9.48,-0.24,-1.91,0.24,0.28,0.12,9.7,-0.64,-1.46,0.18,0.13,0.11,9.66,-0.18,-1.43
-4.08,0.31,7.19,8.34,-0.29,-1.81,-5.01,1.67,13.0,8.76,-2.49,-1.39,1.6,1.48,-1.37,10.06,-7.71,-1.77,9.39,-4.63,-15.49,9.01,-6.8,3.37,3.2,-1.53,-7.85,9.96,-6.68,-3.66,-5.26,0.02,10.89,4.96,-0.21,-0.12,3.46,-0.07,-7.26,16.2,-2.93,-1.13,4.24,0.51,-6.45,9.98,1.24,-0.84,-3.15,-0.97,5.51,6.37,2.66,-0.94,-2.93,-1.53,5.37,11.08,-2.99,-2.01,0.86,-0.04,-1.89,9.0,-0.8,-3.47,1.33,0.02,-2.49,8.24,-0.55,-2.67,-0.26,0.17,-0.4,8.98,0.07,-2.87,-1.03,0.33,0.78,9.52,0.86,-2.84,-0.63,0.33,0.64,9.25,0.56,-1.91,-0.33,0.65,0.71,9.05,0.51,-2.26,-0.4,0.95,0.64,9.09,0.08,-2.19,-0.03,0.78,0.56,9.67,-0.37,-1.41,0.21,0.33,0.07,9.78,-0.55,-1.34,0.04,0.74,0.69,9.34,-0.66,-1.42
-2.18,0.41,2.66,8.93,-1.74,-0.9,-5.45,1.58,13.92,10.4,-2.36,0.91,-4.17,0.85,11.39,6.97,-6.15,1.41,1.0,-0.45,-4.51,12.34,-7.07,-4.44,8.27,-6.16,-19.22,7.64,-6.71,2.57,5.41,-2.24,-12.06,10.41,-7.0,-4.89,-6.25,1.39,15.08,0.1,4.66,-0.85,-0.66,0.42,0.89,12.46,-4.57,-3.05,6.0,-1.62,-15.17,11.89,-1.61,-0.43,2.68,0.7,-11.06,10.51,-2.99,0.14,-4.76,-2.01,12.49,6.45,1.24,-1.21,-3.25,-0.09,5.86,11.77,-3.0,-3.01,2.36,1.07,-6.38,10.27,2.7,-4.56,2.3,1.04,-5.54,9.37,-1.02,0.32,-1.47,-0.41,2.03,9.92,0.54,-1.9,-2.13,-0.78,4.9,8.73,0.08,-2.08,-0.55,0.83,-0.15,9.67,0.01,-2.18,0.29,0.23,-0.49,9.28,0.16,-1.99,-0.52,0.55,0.32,8.53,-1.05,-1.84,-0.54,0.71,0.87,9.48,-0.58,-1.72
-1.37,0.34,4.22,9.09,-1.37,-1.59,-3.93,0.58,11.95,9.27,-2.08,0.55,-2.31,0.21,4.83,9.69,-4.02,0.42,4.38,-1.18,-10.31,13.94,-1.28,-1.12,6.77,-0.11,-12.98,11.68,-6.97,0.09,-5.23,0.31,7.35,5.44,-3.65,-1.47,-4.92,-1.46,10.83,12.29,-3.5,0.15,2.04,-0.0,-6.72,12.19,-1.84,-3.56,5.98,0.1,-12.39,10.59,-4.9,2.35,-2.78,-1.68,3.85,5.06,1.47,-1.73,-3.58,-3.34,6.47,10.5,-4.1,-0.77,0.82,0.04,-4.17,9.81,2.02,-6.52,2.18,0.57,-5.68,7.63,-0.09,-2.65,-0.36,-0.21,0.11,9.47,-0.4,-3.55,-0.79,-0.39,1.84,8.63,-0.31,-3.19,-0.18,0.25,0.26,9.5,-0.34,-2.81,0.24,0.11,0.04,9.37,-0.11,-2.58,0.18,0.11,-0.16,9.08,-0.6,-3.04,0.15,0.33,0.0,9.06,-0.55,-3.02,0.17,0.45,-0.08,9.44,-0.79,-2.43
-3.76,0.33,12.16,7.34,0.56,-3.43,-4.19,0.06,14.82,8.16,-2.4,-1.4,-0.31,-0.34,-0.76,7.72,-6.58,-2.72,6.54,-1.07,-15.74,10.61,-6.86,0.32,1.08,0.81,-3.07,7.51,-7.09,-5.2,-4.26,-1.86,12.45,10.9,-0.94,-1.04,-0.27,-1.45,-1.89,8.23,-8.47,-1.47,4.2,-0.21,-10.28,9.18,-6.87,-3.48,2.46,0.86,-5.14,7.62,-3.01,-4.26,-3.3,-1.79,9.49,7.75,-0.78,-2.23,-1.82,-0.57,2.7,8.37,-6.05,-3.56,2.52,0.37,-6.49,8.24,-5.11,-4.48,1.03,0.52,-3.36,8.81,-1.05,-1.97,-0.39,-0.65,1.82,7.65,-1.33,-5.38,-0.69,0.03,2.07,8.51,-3.1,-4.27,0.37,0.28,-0.44,9.24,-2.61,-3.18,0.87,-0.08,-1.31,8.72,-2.36,-3.26,0.41,0.12,-0.69,8.12,-2.54,-3.99,-0.01,0.52,0.01,8.35,-2.28,-3.25,-0.03,0.24,-0.41,9.47,-2.45,-2.68
-0.82,-0.2,2.46,10.3,-3.96,-4.12,-2.57,-0.02,9.97,6.99,-1.72,-2.69,-2.74,0.89,7.02,8.51,-3.04,-2.11,5.19,0.51,-14.18,12.54,-5.82,0.26,7.47,-0.18,-14.48,11.16,-6.78,0.41,-5.43,-0.25,7.76,3.92,-0.24,-3.79,-4.31,-2.66,12.33,11.0,-1.5,-0.46,3.33,0.22,-8.07,12.85,-3.51,-3.56,4.14,-1.42,-10.01,10.86,-3.2,-0.37,-2.2,-2.46,-1.26,9.95,-1.29,-2.77,-2.38,-1.81,6.2,8.9,3.15,-4.7,0.24,-0.48,-0.74,8.33,0.48,-5.2,2.37,0.49,-4.98,6.86,0.11,-4.82,0.6,0.1,-2.38,8.73,-0.22,-4.26,-0.79,-0.06,2.95,7.46,2.04,-5.19,-0.54,0.76,2.29,8.07,0.76,-5.2,0.34,1.23,0.58,8.79,-0.03,-4.1,0.47,0.75,0.37,8.56,-0.73,-3.55,0.07,0.57,0.71,8.2,-0.59,-3.72,0.15,0.95,0.5,9.76,-0.81,-3.02
-2.05,0.42,3.41,8.68,-1.23,-2.47,-2.52,1.07,5.73,8.34,-2.58,-2.77,-1.86,2.29,7.68,6.2,-1.88,-2.74,5.48,1.75,-6.0,10.29,-3.3,0.1,13.3,-2.89,-16.31,16.01,0.21,5.48,14.35,-0.81,-13.92,15.74,-2.86,1.98,-6.72,-1.95,6.3,7.78,-12.79,-2.11,-12.27,-1.22,19.72,11.12,2.67,1.08,-4.92,4.31,7.56,17.04,2.14,-2.74,8.71,-2.57,-17.45,15.14,1.71,6.14,4.14,-0.65,-6.37,8.21,-7.37,-3.32,-7.6,-2.82,16.8,9.99,1.52,-4.11,-2.91,3.72,4.26,11.77,-3.82,-4.24,7.25,-0.21,-16.31,12.09,2.8,0.27,1.13,0.41,-2.72,8.45,-3.87,-1.99,-5.21,-2.31,13.04,9.08,2.45,-2.69,-1.61,1.85,1.48,11.95,-1.04,-2.67,4.23,0.23,-8.52,10.39,0.71,-1.19,3.23,0.77,-5.87,8.83,-1.63,0.26,-2.04,-0.91,3.03,7.17,1.2,-3.88
-1.81,0.33,2.87,9.9,0.43,-1.84,-0.67,0.41,0.67,9.42,0.36,-1.8,0.01,0.27,0.04,8.81,0.03,-1.98,0.17,0.5,-0.39,8.97,0.0,-1.74,0.11,0.54,-0.39,10.11,-0.08,-1.18,0.02,0.35,-0.37,9.8,1.03,-1.09,0.03,0.39,-0.42,10.06,1.08,-1.0,0.05,0.45,-0.42,10.07,1.11,-0.77,0.14,0.41,-0.26,9.86,1.32,-0.44,0.08,0.17,-0.21,10.12,1.08,-0.28,-0.09,0.09,-0.38,9.85,1.04,-0.39,-6.0,-0.21,5.94,8.73,-0.9,-0.44,-9.24,-2.0,19.88,11.12,-1.65,0.88,-7.47,-1.53,15.67,7.66,-6.65,-2.34,5.75,-1.31,-17.07,6.55,-6.81,-4.43,12.75,0.28,-25.95,8.86,-4.68,2.68,12.88,3.74,-16.11,6.2,0.6,-5.24,-3.65,1.07,6.13,9.46,-2.12,-1.02,-9.79,-5.99,20.07,7.95,-1.38,1.51,-1.75,4.27,-0.91,12.92,5.7,-2.55
9.25,-0.46,-20.13,11.51,3.48,1.26,-2.47,2.14,1.58,2.97,2.61,-3.88,-10.7,-5.93,22.74,6.17,1.92,-0.82,-6.81,0.94,12.04,13.35,4.94,-5.28,9.52,1.33,-19.91,10.51,3.46,-0.13,-1.1,4.08,-2.35,11.99,0.07,-1.45,-9.14,-7.36,20.36,5.22,0.25,-2.42,-5.8,-1.05,11.68,14.75,-2.1,-4.6,4.12,0.17,-7.94,8.77,2.32,-2.57,4.54,0.91,-9.9,9.41,-5.88,0.19,-1.81,-1.15,4.57,5.98,4.27,-5.4,-2.36,-0.5,6.7,8.91,0.34,-2.41,-0.19,1.09,1.46,10.56,-1.61,-1.99,1.21,-0.04,-1.63,9.47,-0.92,-2.1,0.27,0.04,0.16,8.68,-1.22,-2.63,-0.29,0.96,1.82,7.52,-0.98,-2.53,0.27,1.03,0.63,10.49,-1.82,-1.22,0.73,0.3,-1.11,10.04,-2.46,-0.57,0.49,0.04,-0.91,9.73,-1.25,-1.16,0.07,0.34,-0.19,10.27,-1.43,-0.88
