-2.18,1.4,2.67,-5.28,-31.73,4.9,-2.97,1.45,0.87,-8.41,-38.76,7.28,-4.37,3.52,-2.02,-5.15,-31.13,14.99,-3.5,1.15,-2.98,4.65,-3.47,32.36,-2.95,-1.87,-3.71,9.7,28.38,14.82,-2.01,-0.45,0.87,4.55,22.93,-5.16,-0.8,0.16,1.83,-0.65,1.96,-5.06,-0.01,0.06,0.93,0.24,-1.62,-1.2,0.42,-0.0,0.5,0.55,-5.08,-1.19,0.46,0.03,0.03,-0.22,-9.54,-3.64,0.8,0.15,-0.23,1.09,-7.48,-0.55,1.78,0.82,0.83,0.82,-7.62,-0.71,2.0,0.74,0.67,-0.34,-10.75,0.16,0.31,0.8,0.53,0.27,-10.38,0.33,0.44,0.68,1.05,3.22,-8.54,2.89,1.04,-0.47,0.57,-0.69,-11.56,2.5,0.27,-1.24,-0.12,-1.45,-10.93,0.77,-0.42,-0.82,-0.11,1.51,-10.07,0.85,0.51,-0.14,0.28,-0.05,-11.36,0.53,0.73,-0.57,0.01,-0.43,-12.27,0.71
0.33,-0.11,3.25,-1.58,-15.74,4.56,-0.14,-0.59,4.58,-11.96,-28.77,2.6,-3.27,3.12,3.56,-19.08,-38.77,-6.16,-4.78,4.34,-4.39,-11.58,-36.74,24.48,-5.1,1.09,-8.33,6.08,-8.44,32.9,-4.37,-2.46,-6.53,6.0,23.76,16.5,-1.94,-0.38,-0.04,-0.02,24.73,-10.5,-0.51,1.02,1.85,-2.8,8.7,-9.05,0.31,0.65,1.81,-1.03,-3.33,-3.59,0.82,0.65,0.69,-1.03,-9.37,-5.45,0.95,0.37,0.01,1.53,-8.04,-3.43,1.07,0.51,0.72,1.96,-7.61,-3.81,0.6,0.08,0.85,1.83,-9.14,-0.66,1.0,-0.22,0.21,2.06,-9.63,-1.06,0.82,0.11,0.43,0.9,-9.44,-3.38,0.3,0.18,0.48,1.21,-9.62,-1.51,0.47,-0.39,0.48,0.27,-10.25,-1.36,0.5,-0.55,0.77,0.86,-10.6,-1.58,0.59,-0.11,0.02,0.36,-11.51,-2.29,0.41,0.32,-0.05,-0.33,-10.56,-1.66
-0.19,0.52,2.64,-4.82,-21.11,2.93,-1.71,1.11,2.75,-7.11,-32.02,3.13,-2.96,2.18,0.69,-7.37,-28.51,6.03,-3.09,2.95,0.14,-3.39,-18.08,9.38,-2.71,1.54,-2.95,3.5,-4.04,15.66,-2.37,1.26,-2.91,2.76,4.79,4.07,-1.48,0.65,-1.76,2.44,9.5,0.09,-0.58,0.39,-0.34,0.93,4.87,-1.53,-0.39,0.49,-0.04,0.15,-0.74,-2.88,0.23,-0.15,-0.1,-0.24,-4.62,-2.93,0.19,0.11,-0.17,0.04,-6.82,-2.62,0.32,-0.05,0.24,-0.23,-7.36,-3.72,0.36,0.29,0.15,-0.43,-9.06,-2.55,0.66,0.19,-0.22,-0.01,-11.08,-1.35,0.36,0.16,0.09,0.45,-9.39,-1.4,0.54,-0.12,-0.1,0.4,-10.47,-1.0,0.45,-0.09,-0.36,0.24,-10.75,-1.0,0.41,-0.06,-0.23,0.38,-9.27,-0.77,0.2,-0.15,-0.01,0.33,-10.14,-1.5,0.33,0.0,-0.05,0.34,-10.26,-1.22
-0.02,0.54,2.65,-3.37,-18.18,5.68,-1.93,0.78,3.56,-5.09,-29.4,6.79,-3.83,2.08,1.81,-6.21,-37.26,5.62,-4.94,2.66,-1.68,-6.42,-30.35,10.84,-5.16,1.76,-3.8,-3.86,-6.51,17.29,-4.14,0.33,-3.92,1.65,10.62,17.36,-2.89,-0.43,-2.98,5.58,18.98,7.25,-0.83,-0.89,-0.54,2.85,14.63,-0.07,0.12,-0.75,0.25,-0.39,8.8,-1.97,1.62,0.01,0.48,-0.95,3.56,-2.68,2.23,-0.05,0.96,-0.45,-0.78,-0.01,3.21,-0.01,0.9,0.03,-7.25,0.37,2.94,0.59,0.84,-1.0,-13.57,-0.58,1.96,0.18,0.6,-1.01,-16.12,1.54,2.16,0.31,0.1,-0.45,-15.96,2.81,1.74,0.07,-0.16,0.12,-14.43,3.98,1.19,-0.11,-0.23,-0.56,-13.43,2.88,0.44,0.44,-0.0,-0.09,-14.25,4.08,0.61,-0.32,-0.72,-0.03,-12.93,5.02,0.2,-0.51,-0.2,0.35,-10.91,3.93
-1.1,-0.13,4.48,-3.5,-18.07,5.85,-1.45,-0.3,4.51,-6.99,-28.27,5.36,-2.63,1.71,1.61,-9.2,-36.64,2.24,-4.13,2.54,-2.57,-7.74,-29.12,8.37,-4.48,1.95,-3.09,-5.01,-13.54,12.74,-3.6,1.3,-4.03,-1.11,-1.97,12.11,-2.48,-0.21,-3.59,2.8,13.72,8.78,-1.02,-0.02,-0.94,4.28,17.9,-0.69,0.0,0.25,0.62,2.43,10.88,-3.83,0.9,-0.15,0.96,-0.3,-0.39,-3.69,1.34,0.01,0.43,-0.2,-4.89,-2.98,1.43,0.02,0.7,0.47,-6.6,-2.11,1.19,-0.08,0.86,-0.16,-10.57,-2.0,1.29,-0.07,-0.15,0.2,-11.79,-1.35,1.23,-0.09,0.02,0.93,-9.54,-0.4,0.81,-0.37,0.51,0.24,-10.06,-0.39,0.87,0.05,0.33,0.29,-10.72,-1.03,0.92,-0.06,0.54,0.02,-10.52,0.24,0.95,-0.17,0.53,0.29,-10.63,0.9,0.54,0.06,0.62,0.15,-11.45,0.59
-0.5,-0.02,4.25,-10.12,-22.24,5.07,-2.48,2.75,1.81,-18.23,-38.75,0.15,-4.15,5.6,-4.8,-15.37,-37.49,15.51,-4.65,1.12,-7.33,-5.22,-17.25,31.88,-4.16,-0.87,-7.9,-2.21,15.43,18.17,-2.41,-2.3,-5.1,0.02,25.18,2.16,-0.44,-0.95,0.22,-1.45,16.4,-10.74,0.36,0.27,2.48,-2.6,5.38,-9.34,0.81,1.14,2.45,-1.13,-3.06,-5.4,1.45,0.82,2.0,0.21,-6.64,-3.22,0.99,0.67,1.32,1.52,-9.42,-1.37,1.11,0.46,0.98,2.19,-10.04,-0.18,1.11,0.07,0.99,1.03,-10.69,-1.02,0.67,-0.18,0.61,1.04,-10.99,-0.76,0.69,-0.18,0.5,0.74,-10.81,-0.86,0.68,-0.2,0.35,0.32,-11.14,-0.65,0.55,-0.1,0.35,0.56,-11.04,-0.11,0.71,-0.26,0.15,0.15,-11.05,-0.24,0.34,-0.2,0.2,0.2,-10.35,-0.59,0.19,-0.1,0.28,0.61,-10.3,0.72
2.15,-0.07,1.1,-1.51,-7.47,0.96,2.04,0.86,2.63,-2.39,-9.02,2.14,1.17,0.66,4.29,-5.03,-18.72,7.7,1.37,0.62,4.62,-9.95,-30.15,10.29,-3.42,2.24,0.46,-15.65,-38.76,5.7,-5.53,3.78,-7.35,-20.08,-36.85,15.91,-5.29,0.77,-8.75,-7.27,-1.9,29.5,-1.98,-2.38,-4.27,3.58,36.43,13.53,-0.6,-0.72,1.1,1.6,28.69,-11.51,0.21,0.96,2.88,-2.82,7.71,-12.37,0.83,0.87,1.53,-2.22,-7.06,-3.91,0.87,-0.06,0.73,-0.53,-10.09,-1.51,0.7,-0.06,0.36,0.39,-9.61,-1.07,0.48,-0.3,-0.09,0.7,-10.8,-1.17,0.53,-0.33,-0.16,0.78,-9.57,-1.04,0.45,-0.31,0.1,0.79,-9.03,-1.23,0.49,-0.5,0.32,0.52,-9.75,-0.88,0.66,0.13,0.21,0.52,-9.83,-1.53,0.13,0.08,0.69,0.11,-10.88,-0.7,0.56,-0.02,-0.07,0.1,-11.26,-0.29
2.18,-0.84,-0.08,0.18,-11.4,4.18,2.0,-0.54,0.16,0.11,-10.93,2.06,0.55,-0.65,0.93,-0.04,-13.51,5.03,2.02,-1.18,1.82,-3.25,-14.72,6.02,-3.58,-1.2,7.45,-10.98,-37.45,7.57,-5.44,1.67,1.75,-25.91,-38.77,-8.54,-4.86,8.37,-5.89,-18.69,-31.02,22.31,-4.86,0.52,-5.63,7.18,14.58,38.53,-1.76,-0.63,-2.1,7.43,33.74,6.29,-0.05,-0.07,1.53,3.32,21.72,-4.67,0.63,-0.32,2.43,-2.51,-0.06,-5.0,1.27,-0.04,0.74,-2.96,-7.78,-5.87,0.99,0.18,0.57,-0.79,-7.29,-2.96,0.64,-0.31,0.69,-0.21,-10.01,-1.48,1.08,-0.36,-0.13,-0.52,-11.81,-2.98,0.88,-0.06,-0.37,-0.05,-10.35,-2.7,0.75,-0.54,0.2,0.08,-9.75,-0.07,0.99,-0.52,-0.06,-1.0,-11.04,-2.23,0.96,-0.08,-0.15,-0.75,-10.54,-2.14,0.53,-0.29,0.23,0.05,-9.54,0.38
2.34,-0.12,0.89,-0.96,-10.23,1.55,2.24,0.23,2.22,-1.93,-13.33,2.4,0.43,0.56,4.49,-4.12,-27.42,5.34,-1.77,0.49,1.22,-9.68,-38.77,1.91,-3.12,2.58,-2.18,-11.87,-38.77,0.89,-4.97,0.81,-2.63,-2.83,-16.0,19.16,-4.77,0.86,-3.89,3.34,0.13,14.43,-2.55,-0.0,-2.42,2.13,17.51,4.85,-0.98,0.08,-0.03,1.21,15.68,-2.01,0.2,0.38,0.97,-0.15,5.91,-4.59,0.73,0.27,1.23,-0.56,-2.09,-3.62,0.72,0.29,1.5,-0.42,-6.16,-3.0,0.61,0.34,1.09,-0.77,-11.26,-3.1,0.67,0.27,0.38,-0.05,-11.7,-1.47,0.49,0.0,0.16,0.09,-11.0,-1.16,0.2,-0.04,0.44,0.18,-10.37,-1.79,0.24,-0.12,0.14,-0.11,-10.17,-1.91,0.06,-0.19,0.2,-0.16,-10.04,-1.73,0.02,-0.17,0.4,0.19,-9.79,-1.52,-0.09,-0.02,0.03,0.06,-9.95,-1.66
1.6,-0.81,-0.78,0.0,-11.06,-0.67,0.83,0.21,0.16,0.1,-11.26,-0.05,1.14,-0.27,-0.26,0.63,-12.04,1.78,1.19,-0.57,0.2,0.53,-11.37,1.9,0.43,-0.25,2.06,-0.05,-14.42,2.57,0.21,-0.76,2.51,-1.11,-22.84,4.35,-0.66,-0.55,2.99,-5.34,-31.31,1.21,-3.37,1.63,1.06,-10.19,-38.76,-2.0,-4.08,3.19,-0.75,-7.75,-27.72,7.04,-4.0,2.18,-2.76,1.65,-7.13,15.23,-2.76,1.11,-4.1,6.5,10.29,13.94,-1.68,0.07,-1.1,6.94,19.96,5.27,-0.28,0.08,0.52,1.61,8.1,-2.91,0.16,0.14,0.96,-0.69,0.98,-3.35,0.5,-0.05,0.79,-1.52,-5.43,-4.24,0.68,0.1,0.4,-2.24,-9.71,-5.01,0.56,0.15,0.3,-0.68,-9.12,-2.67,0.4,-0.07,0.53,-0.07,-10.21,-2.53,0.45,0.07,-0.08,0.05,-9.92,-2.61,0.25,-0.22,0.06,0.33,-10.03,-1.45
1.34,-0.6,1.29,-0.11,-10.76,2.18,0.58,-0.39,1.99,-0.63,-15.74,2.55,0.61,-0.53,1.7,-5.89,-33.03,-0.76,-1.73,0.55,2.11,-8.98,-38.29,-4.39,-3.26,2.59,1.26,-10.57,-38.76,-2.66,-3.26,1.87,-1.34,-0.94,-13.53,17.28,-3.49,0.65,-3.11,8.02,2.72,20.43,-2.5,-0.43,-1.72,7.72,21.75,1.79,-0.45,-0.05,0.64,2.57,13.23,-3.13,0.21,0.02,0.61,-2.01,2.93,-4.44,1.11,0.09,0.25,-3.29,-4.28,-4.3,0.83,0.05,0.25,-2.33,-7.87,-2.86,0.52,0.39,0.16,-1.28,-9.17,-1.8,0.77,0.24,-0.03,-0.65,-9.31,-0.6,0.75,-0.08,0.14,-0.34,-10.04,-0.86,0.42,0.32,0.08,-1.22,-11.23,-2.03,0.41,0.35,-0.1,-0.62,-10.69,-0.11,0.76,-0.1,-0.13,-0.5,-10.43,-0.27,0.37,-0.01,-0.31,-0.69,-10.53,-0.72,0.26,-0.11,-0.24,-0.16,-9.61,0.04
-0.5,0.21,3.14,-3.16,-25.71,6.37,-1.86,0.2,3.01,-6.26,-36.39,5.04,-4.02,2.53,-0.59,-8.47,-38.77,4.8,-5.5,2.7,-2.71,-6.35,-22.95,13.31,-5.24,1.94,-3.6,-1.78,1.27,15.72,-3.33,1.45,-2.48,0.33,14.15,7.37,-1.6,0.99,-0.24,3.94,16.13,4.83,-0.74,0.4,0.92,4.37,11.1,0.78,0.39,0.25,0.91,1.53,0.36,-3.04,0.72,0.05,1.05,0.7,-3.45,-2.84,0.83,0.17,0.87,0.12,-6.01,-3.84,1.03,0.18,0.47,0.38,-8.81,-3.96,0.67,0.21,0.25,0.51,-9.53,-2.96,0.58,-0.13,0.34,1.22,-10.62,-1.65,0.66,-0.3,0.13,0.6,-10.07,-1.89,0.52,-0.17,0.12,0.5,-9.57,-2.3,0.65,0.11,0.43,0.18,-8.9,-2.8,0.54,0.0,0.65,0.15,-9.78,-1.5,0.34,-0.11,0.83,-0.11,-10.58,-1.03,0.43,-0.22,0.25,-0.08,-11.41,-0.53
-1.46,-0.33,5.1,-6.4,-37.99,2.36,-3.61,1.47,1.96,-11.25,-38.77,-4.11,-5.05,3.1,-2.94,-8.51,-31.63,18.9,-4.59,1.73,-3.8,0.7,-2.74,23.72,-2.82,1.0,-4.46,4.35,24.87,16.97,-1.26,-0.32,-0.79,2.29,21.44,0.46,0.14,0.58,1.05,-0.79,6.92,-5.47,0.42,0.56,1.39,-1.59,-0.85,-5.18,0.75,0.73,0.88,-1.08,-6.42,-5.14,0.69,0.65,0.73,0.46,-7.03,-3.09,0.6,0.32,0.63,1.01,-8.11,-2.38,0.79,0.43,0.42,0.91,-9.07,-2.6,0.8,0.38,0.66,1.12,-7.97,-1.71,0.59,0.35,0.94,0.81,-9.3,-1.5,0.5,-0.04,0.4,0.44,-10.69,-1.19,0.86,0.11,0.37,0.53,-10.13,-0.48,0.63,-0.03,0.47,0.76,-10.02,0.26,0.48,-0.46,0.49,0.37,-10.81,-0.59,0.11,-0.64,-0.05,-0.37,-11.0,-0.85,0.58,-0.25,-0.55,-0.46,-10.12,-0.35
-2.27,0.28,2.49,-4.16,-25.41,3.84,-4.38,1.4,1.57,-4.53,-31.27,4.33,-5.54,1.44,-3.05,-6.34,-23.85,7.15,-6.59,2.76,-2.13,-3.28,-6.98,8.11,-3.59,1.6,-2.43,1.4,1.92,14.72,-2.38,0.97,-1.96,1.0,8.13,3.9,-0.06,0.75,-0.56,2.72,10.4,0.63,0.66,-0.03,1.23,2.35,5.61,-2.41,0.86,-0.02,1.4,0.55,-1.51,-4.63,1.16,-0.08,1.07,1.29,-5.84,-3.82,1.04,-0.43,0.9,0.29,-8.5,-3.86,1.1,-0.17,0.49,0.22,-9.54,-3.74,1.0,-0.35,0.23,0.22,-10.1,-2.5,0.83,-0.21,0.22,-0.09,-10.32,-3.56,0.78,-0.05,0.48,0.06,-9.63,-2.92,0.77,-0.42,0.36,-0.24,-10.15,-1.94,0.53,-0.15,0.33,-0.29,-10.93,-2.68,0.47,0.02,0.21,-0.46,-10.63,-2.24,0.5,-0.22,0.13,-0.12,-10.54,-1.59,0.53,-0.19,-0.12,-0.06,-9.95,-1.61
0.27,-0.8,2.43,-2.33,-21.81,0.26,-2.34,-0.83,2.63,-5.03,-32.45,-2.97,-3.9,1.36,0.72,-5.6,-37.81,-1.4,-4.4,1.8,-2.09,-1.26,-20.32,13.59,-4.15,0.41,-1.57,1.68,-8.23,14.18,-3.36,1.5,-2.31,2.88,0.03,9.98,-1.46,0.3,-2.27,3.99,10.61,5.4,-0.36,0.31,-0.12,1.82,10.66,-1.07,0.35,0.62,0.73,1.01,2.46,-1.77,0.67,0.2,1.19,0.33,-2.28,-2.05,0.84,-0.03,1.26,-0.59,-5.97,-3.01,0.83,-0.03,0.98,-0.95,-8.54,-3.59,0.49,-0.12,0.71,0.23,-8.7,-2.42,0.3,-0.16,0.61,0.23,-9.02,-1.78,0.15,-0.16,0.31,-0.49,-10.34,-2.57,0.39,0.28,-0.01,-0.24,-9.19,-1.95,0.32,0.05,0.01,0.08,-9.3,-1.56,0.32,-0.18,0.0,0.02,-9.83,-1.54,0.32,-0.04,-0.08,-0.01,-9.8,-2.16,0.14,-0.08,0.11,-0.23,-9.76,-1.99
-1.68,0.31,2.66,-7.35,-38.61,-0.1,-4.2,3.09,-2.4,-7.54,-38.77,-1.79,-5.32,3.39,-4.13,-5.16,-25.79,12.38,-4.4,0.59,-5.27,0.25,0.21,20.59,-1.84,0.36,-4.89,-0.14,17.3,10.55,-1.21,0.54,-1.64,0.31,17.96,1.49,-0.06,-0.21,0.48,0.63,9.29,-0.11,0.67,-0.06,1.26,-0.25,2.88,-3.26,1.05,0.2,1.68,0.18,-2.58,-3.1,1.39,-0.06,1.39,0.46,-7.18,-3.79,1.44,0.38,0.75,1.0,-8.48,-2.9,1.78,0.41,0.78,1.96,-8.53,-1.49,1.44,0.12,0.79,2.11,-9.88,-0.28,1.48,0.14,0.59,1.97,-10.5,0.17,1.42,0.13,0.51,2.11,-11.49,0.73,1.19,-0.55,0.41,1.72,-12.94,1.02,1.21,-0.22,0.05,1.66,-12.69,-0.01,1.23,0.08,-0.1,1.62,-11.24,0.28,0.65,0.07,0.48,1.85,-11.59,2.22,0.69,-0.27,-0.01,1.97,-11.85,2.63
1.8,0.34,2.38,0.01,-9.57,1.54,1.06,-0.37,3.84,-2.32,-17.85,6.39,0.0,0.04,2.3,-3.75,-24.76,3.89,-1.5,1.09,0.92,-5.29,-29.24,3.61,-3.51,1.47,-1.04,-5.71,-31.3,6.02,-4.71,1.46,-4.54,-4.69,-22.68,11.01,-5.19,1.04,-3.58,-4.1,-6.79,10.37,-3.29,1.21,-3.82,0.93,11.96,6.36,-1.2,0.3,-1.23,3.3,17.31,5.3,-0.25,0.1,0.44,3.29,11.42,-1.77,0.11,0.27,0.97,1.46,3.82,-3.27,0.45,-0.41,0.88,0.33,-2.7,-2.51,0.8,-0.51,0.67,0.0,-5.4,-2.43,0.74,-0.26,0.73,0.39,-7.78,-1.89,0.51,-0.23,0.68,1.15,-10.26,-1.4,0.86,-0.1,0.19,1.41,-10.94,-1.17,0.98,-0.12,0.11,0.92,-11.06,-1.16,0.68,0.17,0.28,0.72,-11.02,-1.88,0.89,0.26,0.43,1.09,-10.61,-0.27,0.85,-0.12,0.33,0.86,-11.49,-0.25
-1.16,0.22,2.71,-3.31,-22.36,1.94,-2.72,0.34,2.66,-7.66,-38.25,-0.97,-3.35,2.25,-1.33,-8.51,-36.52,1.2,-4.1,1.69,-4.16,-2.22,-13.99,19.85,-3.16,-0.04,-4.21,3.29,2.45,19.09,-1.53,-1.29,-2.25,5.86,20.06,5.91,-0.43,-0.91,0.15,2.22,13.67,-3.24,0.66,-0.23,1.27,-1.25,2.43,-4.31,0.94,0.07,1.59,-2.62,-4.19,-5.6,1.17,0.46,1.4,-2.26,-6.24,-4.07,0.96,-0.08,1.16,0.47,-9.74,0.18,1.05,-0.45,0.55,0.4,-10.25,-1.07,0.59,-0.07,0.76,0.62,-9.97,-0.96,0.62,-0.11,0.52,1.02,-10.11,0.22,0.82,-0.58,0.02,0.66,-11.27,0.47,0.59,-0.37,0.2,0.2,-11.4,-0.78,0.24,-0.08,0.1,0.16,-11.21,-0.46,0.44,-0.31,0.12,0.32,-10.85,1.38,0.08,-0.51,0.23,0.36,-10.41,0.46,0.06,-0.01,0.05,0.17,-9.48,-0.53
-0.5,-0.57,2.24,-1.47,-23.41,6.06,-1.84,-0.68,1.45,-3.46,-32.79,4.93,-3.69,0.38,-0.15,-6.44,-34.54,1.85,-5.25,1.82,-2.4,-6.84,-24.4,4.88,-4.29,1.19,-2.65,-4.46,-8.71,10.88,-2.41,1.18,-1.71,-0.93,6.35,5.42,-1.34,0.9,-0.95,2.83,12.07,5.44,-0.59,0.32,0.32,2.68,8.0,-0.07,-0.08,0.5,0.71,0.83,2.72,-2.8,0.3,0.47,0.49,-0.05,-2.44,-1.97,0.62,-0.02,0.14,-1.33,-5.71,-3.49,0.53,0.57,0.28,-1.02,-6.86,-4.4,0.94,0.19,0.38,0.16,-7.02,-0.03,1.06,-0.47,0.21,0.4,-9.02,-1.45,0.81,0.0,-0.04,0.32,-10.23,-2.23,0.86,0.08,0.2,0.12,-10.67,-1.8,0.54,-0.09,0.03,0.56,-11.73,-1.21,0.68,0.06,-0.37,0.71,-11.17,-1.36,0.53,0.09,-0.11,1.12,-10.08,-0.61,0.45,-0.16,-0.01,1.16,-9.88,0.13
-0.43,-0.61,2.54,-4.75,-22.79,2.43,-1.81,-0.49,2.29,-7.84,-32.77,0.22,-3.18,1.55,-0.01,-7.69,-31.15,1.83,-3.05,1.31,-3.09,-2.18,-16.04,12.39,-3.47,0.26,-3.81,1.38,-1.3,10.36,-2.96,0.18,-3.61,2.5,11.32,5.21,-1.08,0.49,-0.69,2.12,12.52,-3.53,0.22,0.95,0.21,1.24,6.06,-3.53,0.88,0.77,0.8,1.2,2.0,-2.25,0.99,0.15,1.02,0.01,-6.05,-2.21,1.06,0.21,0.51,-0.32,-8.46,-2.6,0.75,0.37,0.28,0.61,-9.85,-1.94,0.54,-0.15,0.32,1.16,-9.89,-0.35,0.45,0.01,0.44,0.96,-9.73,-0.87,0.52,-0.19,0.28,1.3,-10.95,-0.41,0.68,-0.07,-0.25,0.89,-10.85,-0.53,0.46,0.1,-0.08,0.98,-9.85,-0.39,0.48,-0.29,0.26,0.89,-10.61,0.3,0.49,-0.27,-0.04,0.62,-11.15,-0.61,0.54,-0.33,-0.33,0.6,-10.86,-0.01
-0.9,-0.43,1.68,-2.74,-22.15,2.73,-2.19,0.13,0.72,-6.42,-29.39,-1.77,-3.14,1.72,-0.55,-7.53,-26.1,-0.1,-4.15,2.06,-2.12,-3.78,-13.21,7.96,-3.02,0.77,-3.06,0.89,-2.75,10.55,-1.91,0.52,-3.05,4.63,7.36,5.63,-0.86,-0.06,-1.44,5.27,9.07,1.21,-0.33,-0.26,0.22,3.83,4.82,-2.0,0.18,-0.38,0.98,2.14,-0.48,-1.88,0.52,-0.42,0.89,1.04,-3.82,-3.23,0.41,-0.2,0.95,-0.06,-7.33,-3.88,0.62,-0.11,0.86,0.33,-8.18,-3.1,0.57,-0.33,0.52,0.2,-10.12,-1.09,0.64,-0.62,0.1,-0.66,-11.51,-3.83,0.22,0.35,0.01,-0.3,-10.75,-3.39,0.58,-0.09,-0.17,0.57,-9.71,-0.51,0.51,-0.38,-0.21,0.44,-10.36,-1.99,0.33,0.29,-0.25,0.52,-9.99,-2.44,0.71,0.06,0.06,0.86,-8.81,-0.64,0.58,-0.19,0.26,0.85,-9.56,-1.16
1.69,-0.2,5.71,-3.74,-11.54,4.66,-0.69,0.02,7.24,-14.61,-34.04,4.69,-2.99,3.44,-3.21,-18.63,-38.77,-1.1,-5.1,1.98,-4.99,-10.65,-21.1,19.8,-4.83,0.92,-4.31,1.76,8.99,14.36,-2.46,0.25,-2.09,5.62,18.31,5.3,-0.86,0.23,1.06,2.53,13.23,-3.7,0.04,0.12,1.0,-0.09,0.89,-3.73,0.44,0.13,0.51,-2.08,-6.64,-3.83,0.18,-0.15,0.19,-1.68,-8.69,-3.07,0.31,-0.11,-0.26,-1.31,-9.32,-2.99,-0.02,-0.03,-0.21,-1.11,-9.11,-3.18,0.05,-0.04,-0.14,-0.97,-9.18,-2.98,0.14,0.09,0.07,-0.93,-8.74,-3.27,0.19,0.17,0.17,-0.62,-9.25,-2.91,0.16,0.28,0.08,-0.55,-9.54,-2.46,0.13,0.13,0.09,-0.44,-10.01,-1.99,0.02,-0.01,-0.01,-0.56,-9.73,-2.29,0.03,0.12,-0.05,-0.58,-9.8,-2.61,0.12,-0.02,-0.09,-0.49,-9.19,-2.62
-1.14,-0.13,2.81,-2.49,-21.69,4.18,-1.72,1.15,2.77,-4.78,-31.05,3.02,-4.22,2.28,-0.19,-3.17,-30.19,6.25,-5.05,1.57,-2.37,-1.16,-11.08,10.23,-3.5,1.79,-2.87,0.01,5.34,9.44,-2.51,1.08,-0.72,2.62,14.75,3.3,-0.84,0.83,1.25,4.07,9.99,0.25,-0.23,0.21,1.76,1.56,-0.72,-1.91,-0.09,-0.21,0.88,0.22,-6.75,-1.49,-0.03,-0.6,0.1,-2.03,-9.45,-3.8,-0.12,-0.58,-0.34,-2.01,-9.36,-3.84,-0.14,-0.33,-0.14,-1.76,-7.97,-3.74,0.01,0.02,-0.2,-1.9,-8.1,-4.07,0.21,-0.08,0.08,-1.26,-8.19,-3.02,0.11,-0.04,0.09,-1.36,-8.61,-3.14,0.34,0.08,0.23,-1.1,-8.91,-2.62,0.16,-0.06,0.35,-1.0,-9.54,-2.18,0.32,0.12,-0.12,-1.09,-9.98,-2.99,0.21,0.14,-0.03,-1.48,-10.13,-2.74,0.14,0.04,-0.39,-1.24,-10.15,-2.78
-0.31,-0.25,2.62,-1.01,-18.94,3.7,-1.87,-0.62,3.4,-1.3,-29.63,6.6,-3.29,-0.34,1.46,-1.96,-37.15,5.7,-4.33,0.4,-0.04,-2.55,-27.97,7.62,-4.22,1.22,-1.17,-0.77,-7.76,9.54,-3.29,1.18,-2.38,2.24,10.3,9.6,-1.08,1.54,0.58,3.77,17.38,-0.21,-0.02,1.06,1.87,3.24,7.73,-0.13,0.09,0.48,0.78,0.17,-6.69,-0.49,0.17,-0.37,-0.56,-0.11,-7.68,-0.8,0.08,0.02,0.04,-1.68,-7.55,-3.84,0.26,0.09,0.08,-0.8,-7.78,-3.0,0.41,-0.0,0.12,-0.83,-8.68,-2.51,0.45,0.13,0.22,-1.21,-8.9,-2.41,0.36,0.15,0.31,-1.05,-10.17,-1.84,0.23,0.25,-0.13,-0.69,-10.62,-1.63,0.2,0.04,-0.12,0.01,-9.62,-1.15,0.39,0.12,-0.11,-0.24,-9.68,-1.35,0.14,-0.01,0.26,-0.79,-9.87,-1.91,0.05,0.06,0.06,-0.82,-9.85,-1.65
-1.08,-0.71,1.56,-1.21,-24.63,2.28,-2.15,-1.16,2.55,-2.5,-26.34,1.24,-2.12,-0.44,2.56,-5.4,-23.85,-0.33,-1.84,2.25,0.9,-3.96,-18.02,4.11,-2.5,1.24,0.59,2.75,-5.55,13.51,-2.28,0.51,-1.87,7.47,3.63,8.32,-1.47,0.81,-0.63,3.16,7.32,0.06,-1.01,0.52,0.18,1.31,4.03,0.08,-0.17,0.13,0.09,-0.65,-1.75,-3.0,0.03,0.03,0.11,-1.37,-4.26,-2.65,-0.09,-0.14,-0.15,-1.66,-6.42,-3.32,0.13,0.08,0.17,-1.72,-6.74,-3.16,0.4,0.2,0.17,-2.23,-8.48,-3.39,0.27,0.39,0.18,-1.69,-9.76,-2.47,0.16,0.09,-0.06,-0.79,-9.82,-0.89,0.17,-0.01,-0.19,-0.62,-9.75,-0.94,0.08,-0.11,0.06,-1.38,-10.07,-1.53,0.16,0.13,-0.0,-1.58,-9.38,-2.29,0.1,0.12,0.3,-1.22,-9.21,-2.04,0.3,0.28,0.32,-1.23,-9.81,-1.65
-1.34,-0.38,3.52,-2.69,-25.68,4.21,-2.52,0.44,2.32,-5.72,-32.13,1.02,-3.49,3.1,0.92,-4.66,-27.56,3.97,-4.06,2.58,-0.06,-0.8,-15.44,13.21,-3.66,2.13,-2.16,3.19,0.12,12.36,-2.47,1.66,-1.88,4.16,10.63,7.07,-1.34,0.56,-0.66,4.13,6.92,1.93,-0.93,0.4,-0.1,2.73,3.25,-0.95,-0.54,0.06,0.63,0.72,-1.07,-2.68,-0.07,-0.25,0.46,-0.8,-4.56,-3.95,-0.0,-0.15,0.31,-2.02,-7.21,-5.31,0.1,0.25,0.19,-1.14,-7.8,-4.86,0.13,0.12,0.4,-0.38,-8.37,-3.86,0.15,0.32,0.35,-0.08,-8.44,-3.95,0.16,0.13,0.52,0.21,-8.95,-3.25,0.33,-0.05,0.28,0.1,-9.62,-3.26,0.23,-0.0,0.17,-0.3,-9.84,-3.2,0.29,-0.19,-0.11,-0.31,-9.8,-3.27,0.15,0.17,0.05,-0.57,-9.38,-3.64,-0.02,0.06,-0.09,-0.23,-9.3,-2.98
0.21,-1.64,1.89,-1.24,-16.56,2.23,-0.39,-1.36,2.07,-2.76,-20.05,1.46,-1.24,-0.14,2.7,-3.52,-22.95,2.28,-1.45,0.62,2.16,-4.07,-23.63,3.68,-2.14,1.39,0.69,-3.73,-20.63,5.58,-2.9,2.19,-1.4,-1.3,-9.35,8.03,-2.27,2.29,-2.11,2.33,1.54,6.72,-2.11,1.08,-1.37,3.88,6.98,5.1,-0.88,0.28,-0.28,3.95,5.83,0.78,-0.52,-0.01,0.2,1.01,0.15,-1.48,-0.26,-0.18,-0.08,-1.01,-4.01,-2.79,0.0,-0.36,-0.21,-1.9,-6.46,-3.27,0.09,-0.21,0.14,-1.85,-7.15,-3.54,0.25,0.2,0.35,-2.0,-8.03,-3.54,0.26,0.36,0.18,-1.56,-8.98,-2.65,0.16,0.22,0.37,-1.05,-9.6,-1.54,-0.13,0.2,0.44,-0.92,-10.38,-1.26,0.09,0.15,-0.02,-1.27,-10.92,-1.71,0.19,0.0,-0.27,-1.11,-10.03,-1.83,0.05,-0.01,0.02,-0.91,-9.27,-1.85
0.12,-0.84,2.38,-1.26,-15.28,3.96,0.52,-0.52,1.53,-2.43,-19.68,3.58,-0.42,-0.18,1.42,-2.33,-21.62,3.97,-2.16,0.65,1.24,-1.4,-22.48,5.04,-2.71,1.0,-0.11,-0.86,-19.29,6.09,-3.83,1.11,-0.58,1.09,-7.54,7.42,-3.19,0.86,-1.62,2.58,2.32,2.82,-1.95,1.32,-0.07,3.05,8.74,1.21,-0.93,0.84,0.27,2.7,2.51,0.53,-0.26,0.09,0.27,1.03,-1.62,-0.52,0.17,-0.06,0.25,-0.31,-4.01,-1.5,0.25,-0.14,0.38,-1.52,-6.74,-1.92,0.19,-0.23,0.03,-2.48,-8.86,-3.05,0.27,0.18,0.14,-2.05,-9.14,-2.85,0.32,0.32,0.32,-1.67,-9.72,-1.71,0.34,0.31,0.37,-1.38,-10.59,-1.58,0.16,0.35,0.12,-1.0,-10.28,-1.21,0.03,0.17,0.18,-0.9,-9.86,-1.39,-0.01,0.22,0.1,-0.91,-9.77,-1.47,0.06,0.2,0.2,-0.89,-9.55,-1.27
-1.03,-2.8,0.14,19.62,-2.36,2.12,-2.0,-1.91,0.63,7.55,1.61,0.59,-0.56,-0.62,-0.42,2.33,1.82,4.78,-1.17,-0.04,0.19,-1.06,3.62,4.23,-0.71,0.93,0.1,-1.52,3.83,6.34,-0.67,-0.67,0.96,0.39,1.63,5.63,-0.39,-0.81,0.69,2.12,-1.3,0.45,-0.07,-0.14,0.33,3.59,-1.98,-2.28,0.22,-0.22,-0.17,5.84,-2.07,-1.78,0.07,-0.03,-0.06,6.67,-0.98,-2.67,-0.08,0.08,0.27,7.87,-0.5,-2.22,-0.34,0.21,0.41,9.27,-2.07,-1.22,-0.03,0.06,0.4,10.01,-2.92,-0.69,0.11,0.1,-0.11,10.02,-2.74,-0.91,0.26,0.27,-0.36,9.88,-1.74,-0.88,0.05,0.08,0.11,9.86,-1.53,-0.27,-0.02,-0.07,0.05,10.15,-2.02,-0.13,0.25,-0.12,-0.35,10.41,-1.63,-0.29,0.1,-0.06,-0.29,10.55,-1.3,-0.68,-0.4,-0.09,-0.33,10.5,-1.01,-0.76
0.27,-2.33,0.91,27.34,0.0,3.32,-0.63,-3.05,1.07,15.59,-3.15,2.04,-0.75,-0.55,0.26,5.58,-1.55,0.04,-0.67,-0.41,-0.11,0.82,-1.14,4.63,-0.71,0.09,0.01,-3.29,1.54,4.15,-0.64,-0.3,0.49,-1.84,1.81,6.01,-0.39,-1.15,0.26,0.37,0.98,3.66,-0.26,-0.82,0.46,1.86,-0.09,-1.66,-0.16,-0.29,0.27,5.13,-0.94,-3.52,0.03,-0.11,-0.23,6.52,-0.47,-3.4,0.21,0.13,-0.14,7.55,-0.29,-2.57,0.12,0.23,-0.06,8.56,-0.09,-2.51,0.18,0.14,-0.01,9.28,-0.56,-1.38,0.17,0.12,-0.01,9.9,-0.64,-1.73,0.11,0.05,0.12,10.2,-0.39,-1.48,0.04,-0.02,-0.09,10.5,-0.94,-1.01,0.15,0.09,-0.06,10.4,-1.21,-1.58,0.14,0.14,-0.25,10.3,-0.79,-1.25,0.05,-0.03,-0.07,10.2,-0.28,-0.99,-0.04,-0.06,0.05,9.82,-0.52,-1.04
0.91,-1.92,0.42,23.75,0.68,-0.66,-0.59,-2.04,1.44,17.74,0.38,-0.7,-0.78,-1.22,0.51,10.47,-1.87,-0.72,-1.35,-0.13,0.56,2.37,-1.77,-0.48,-1.15,1.21,0.26,-2.11,-0.87,1.03,-0.8,-0.25,-0.33,-2.78,3.15,6.52,-0.48,-0.69,0.09,-1.57,3.27,4.03,-0.22,-0.62,0.42,1.99,0.19,-1.37,-0.15,-0.85,0.35,4.37,-1.47,-3.87,0.02,-0.24,0.04,5.25,-1.35,-5.58,0.18,0.39,-0.06,7.29,-0.71,-3.62,0.05,0.13,-0.04,8.97,-0.67,-1.72,0.24,0.15,-0.0,9.5,-0.7,-1.22,0.18,0.08,-0.01,10.04,-0.44,-0.71,0.09,0.01,-0.19,10.39,-0.87,-1.21,0.16,-0.03,-0.2,10.22,-0.13,-1.98,-0.02,0.05,-0.02,10.19,-0.01,-1.74,0.2,0.05,-0.08,10.51,-0.49,-1.33,0.11,-0.03,0.02,10.37,-0.53,-1.45,0.16,0.19,-0.0,10.14,-0.76,-1.69
-0.25,-3.67,-0.85,23.07,-0.19,17.28,-0.67,-2.67,0.51,3.85,6.19,8.42,-0.89,-1.77,0.67,-7.82,0.25,2.32,-1.45,-1.45,1.22,-8.19,0.35,0.82,-0.82,-0.72,0.75,-5.66,-0.13,0.59,-0.38,-0.92,0.41,-0.15,-0.22,-0.72,-0.31,-0.88,0.4,2.93,-0.76,-1.97,0.05,-0.55,0.05,5.36,-0.96,-2.72,0.05,-0.74,-0.03,5.84,-0.53,-1.6,0.14,-0.57,-0.04,5.58,0.82,-2.37,0.0,-0.28,0.35,4.95,0.07,-2.14,0.4,-0.23,-0.22,5.56,-1.33,-1.24,0.62,0.05,-0.37,5.65,-0.42,-1.45,0.42,0.11,-0.07,6.49,-0.26,-2.22,0.55,0.41,-0.22,7.59,0.13,-2.84,0.41,0.6,-0.24,8.75,-0.6,-2.61,0.27,0.41,-0.22,10.63,0.47,-3.47,0.42,1.06,-0.14,12.02,0.44,-4.25,0.31,1.29,-0.39,12.11,-0.6,-2.85,0.35,1.19,-0.57,13.12,-0.14,-2.08
-0.35,-0.69,2.01,31.53,-5.71,1.2,-0.9,-3.25,0.75,26.36,-7.07,7.37,-0.44,-5.05,-0.86,15.05,-3.29,4.62,-0.6,-4.39,-0.41,4.12,1.07,2.18,-0.35,-1.77,-0.11,-2.2,3.75,-0.55,-0.82,0.43,0.46,-3.08,4.07,-0.9,-0.46,0.84,0.87,-2.29,2.57,1.54,0.15,-0.04,0.87,0.08,1.28,-0.03,0.21,0.36,0.77,1.38,0.08,-2.73,0.25,0.43,0.46,2.51,-1.29,-4.02,0.82,0.83,-0.37,5.01,-1.5,-3.6,0.58,1.15,-0.31,6.24,-0.85,-3.58,0.4,1.08,-0.12,7.52,-0.78,-3.61,0.57,0.97,0.06,8.58,-1.07,-3.73,0.67,1.27,-0.13,9.42,-1.1,-2.57,0.64,1.24,-0.03,10.17,-0.21,-2.8,0.3,0.98,0.92,10.84,-0.77,-1.23,0.28,0.7,0.64,11.4,-1.8,-1.42,0.38,0.74,0.68,10.83,-1.39,-1.76,0.17,0.8,0.99,10.99,-1.55,-1.43
1.0,0.44,2.16,4.58,-5.53,-1.34,1.9,0.55,3.05,4.31,-8.22,-0.4,1.79,0.73,4.06,4.15,-13.08,0.04,1.21,1.44,4.62,2.7,-22.38,-0.21,-1.55,1.42,4.87,0.04,-36.2,0.57,-4.59,0.37,2.46,-0.24,-38.77,6.47,-4.74,0.5,-1.8,-0.12,-34.53,6.44,-3.85,-0.61,-2.58,0.93,-4.42,11.19,-1.84,-0.55,-3.38,1.09,6.35,7.69,-1.24,-0.22,-0.87,1.69,15.75,2.14,-0.12,0.24,1.48,0.81,7.73,-1.92,0.34,-0.06,1.45,-0.2,2.0,-1.1,0.7,-0.38,1.0,-1.31,-3.1,-2.17,0.81,-0.09,0.55,-2.09,-6.81,-4.63,0.55,0.12,0.06,-1.12,-7.79,-3.77,0.51,0.09,0.08,-0.09,-8.32,-3.05,0.99,0.25,-0.22,0.4,-8.65,-2.7,0.62,0.42,0.08,1.13,-8.78,-2.53,0.63,0.09,0.37,1.31,-8.88,-1.32,0.53,0.04,0.53,1.34,-10.37,-1.5
-2.57,0.13,1.47,-1.77,-31.81,-0.99,-3.82,1.93,-0.03,-1.96,-30.93,0.47,-3.53,0.43,-1.88,1.57,-11.65,12.42,-2.9,-0.02,-2.34,2.32,5.08,7.36,-2.42,-0.26,-1.11,4.19,12.06,6.0,-0.81,-0.38,0.25,1.83,5.95,-0.18,-0.03,-0.54,0.49,-0.06,0.84,-1.73,0.36,-0.41,0.43,-2.21,-3.73,-4.01,0.68,-0.06,0.44,-1.76,-6.43,-4.04,0.43,0.04,0.06,-0.76,-8.47,-3.12,0.7,-0.06,0.35,0.03,-8.39,-1.6,0.63,-0.08,0.45,0.68,-9.55,-1.31,0.56,-0.19,0.27,0.27,-10.07,-1.28,0.51,-0.14,0.36,0.01,-10.49,-1.73,0.56,0.11,0.11,0.34,-10.56,-1.55,0.35,0.16,-0.15,0.61,-10.09,-0.8,0.39,0.17,0.06,0.77,-9.71,-0.43,0.01,0.16,0.13,0.86,-9.74,-0.68,0.13,0.23,-0.26,1.0,-9.75,-0.37,0.15,0.33,-0.5,0.63,-10.13,-0.79
-0.11,-0.95,3.69,-1.85,-18.32,2.29,-0.61,-1.58,3.94,-7.24,-33.85,-2.14,-2.31,0.62,2.06,-8.45,-38.49,-5.01,-3.31,1.93,-2.24,-4.33,-23.66,9.67,-3.62,0.89,-2.56,0.8,-7.36,10.98,-2.83,0.39,-2.86,4.09,5.79,8.37,-1.83,-0.06,-1.55,3.65,11.67,1.59,-0.45,-0.07,0.01,1.86,8.26,-2.5,0.29,-0.08,0.69,0.07,2.57,-3.59,0.73,-0.36,0.87,-1.44,-2.53,-3.51,0.92,0.09,0.71,-1.77,-5.91,-4.79,1.15,0.28,0.42,-0.9,-8.03,-3.05,0.92,-0.1,0.35,-0.13,-8.21,-2.82,1.03,0.15,0.55,-0.66,-8.86,-2.7,0.9,0.12,0.35,-0.54,-10.21,-2.41,0.82,-0.02,0.21,-0.66,-10.07,-1.29,0.78,0.12,0.2,-0.19,-10.61,-1.66,0.8,0.32,-0.04,-0.3,-9.87,-1.9,0.75,0.33,0.19,-0.03,-9.75,-0.26,1.05,0.1,-0.06,0.18,-10.85,-0.5
-0.73,-0.8,4.42,-0.56,-25.18,3.8,-2.83,-0.63,1.45,-3.19,-38.76,-1.84,-3.71,0.7,-1.44,-5.27,-31.4,1.27,-3.69,0.59,-1.23,-2.83,-6.92,8.52,-3.09,0.59,-1.5,1.91,2.3,7.62,-1.72,0.49,-1.07,3.9,8.59,4.07,-0.98,0.08,0.07,2.62,5.6,-0.87,0.05,0.12,0.77,1.35,0.81,-1.74,0.28,-0.24,0.69,0.1,-2.47,-1.51,0.27,-0.32,0.74,-0.79,-4.47,-2.63,0.51,-0.16,0.54,-1.26,-7.97,-3.59,0.61,-0.07,0.1,-1.24,-9.08,-3.35,0.65,-0.13,-0.06,-1.34,-8.63,-2.37,0.53,0.12,0.07,-0.98,-9.48,-2.9,0.56,0.06,0.02,-0.9,-9.63,-2.18,0.42,0.05,0.02,-0.39,-9.65,-1.47,0.63,0.03,-0.35,0.07,-9.33,-1.2,0.45,0.21,0.0,-0.47,-9.41,-1.78,0.19,0.16,-0.13,-0.66,-10.08,-1.45,0.41,0.28,-0.55,-0.41,-9.74,-1.4
0.37,-0.48,2.16,-0.43,-18.76,2.88,-0.2,-1.03,3.11,-1.05,-28.68,3.59,-2.3,-0.94,2.71,-2.44,-37.75,1.79,-4.09,0.99,-1.04,-4.36,-31.44,1.43,-3.84,1.36,-1.58,-4.14,-12.3,9.38,-2.89,0.28,-1.0,2.06,3.98,8.79,-2.03,1.33,-1.55,6.14,12.63,6.05,-1.24,-0.15,0.05,5.95,12.95,2.07,-0.26,-0.32,1.09,1.36,3.05,-2.88,0.43,-0.6,1.62,-2.97,-1.31,-2.89,0.31,0.11,1.23,-4.03,-6.87,-5.99,0.4,0.68,0.57,-3.72,-7.05,-3.37,0.25,0.53,0.11,-1.23,-7.66,-1.64,0.1,1.04,-0.28,-1.07,-7.96,-2.0,1.12,0.46,-0.53,0.2,-9.33,-1.39,1.6,0.15,-0.96,-0.14,-9.32,-1.09,0.55,-0.09,-0.47,0.32,-9.63,-1.54,0.62,0.28,0.01,0.22,-10.12,-1.38,0.08,0.0,0.18,0.06,-11.27,-0.73,0.41,-0.09,-0.11,0.0,-10.94,-0.83
2.33,-0.93,0.01,-0.31,-8.34,2.01,1.97,-1.17,0.7,-1.25,-11.24,2.27,1.51,-1.22,2.33,-3.35,-16.84,2.65,-0.15,-0.85,3.5,-6.33,-31.71,3.47,-2.41,0.54,1.2,-6.69,-38.65,1.63,-4.2,2.01,-1.92,-5.18,-30.88,6.33,-5.04,1.54,-3.0,-0.9,-9.79,11.68,-4.51,1.07,-2.78,0.92,1.84,7.49,-3.44,1.15,-2.05,0.94,7.8,4.17,-1.64,1.08,-0.66,1.98,11.02,1.27,-0.16,0.51,0.89,1.94,3.77,-1.27,0.26,0.16,1.29,1.03,-0.68,-2.18,0.8,-0.04,1.0,0.08,-3.74,-2.32,0.61,0.02,1.21,-1.02,-7.4,-3.87,0.49,0.26,0.78,-1.09,-9.08,-3.75,0.71,0.19,0.46,-0.17,-9.71,-2.42,0.75,-0.01,0.32,-0.2,-9.74,-1.89,0.33,-0.35,0.33,-0.82,-10.14,-2.75,0.39,-0.09,0.36,-1.03,-10.29,-3.02,0.61,0.09,-0.12,-0.71,-10.09,-2.03
-0.23,-0.24,2.73,-1.09,-24.72,4.03,-2.28,-0.71,3.22,-1.22,-35.21,4.0,-4.17,0.06,-1.46,-3.05,-38.69,2.94,-5.27,-0.05,-2.67,-1.31,-18.02,12.75,-4.12,-0.96,-1.37,2.99,5.59,8.71,-2.09,0.39,-1.99,3.32,14.25,4.41,-1.01,-0.17,-0.57,2.08,15.29,1.22,0.02,-0.12,0.84,-0.77,4.77,-3.6,0.71,-0.01,0.82,-2.52,-1.37,-4.33,0.73,0.15,0.7,-3.39,-5.01,-5.48,0.66,0.24,0.76,-1.58,-8.3,-3.89,0.77,0.24,0.29,-0.61,-9.13,-2.81,0.73,0.13,0.12,-0.12,-9.37,-1.98,0.64,-0.05,0.38,-0.08,-9.44,-1.52,0.72,-0.12,0.46,-0.66,-10.5,-2.47,0.75,0.25,0.16,-0.51,-10.56,-2.11,0.54,0.27,0.26,-0.21,-10.39,-1.32,0.53,0.1,0.14,-0.43,-10.88,-1.92,0.27,0.44,0.12,-0.47,-10.66,-1.55,0.29,0.14,-0.04,-0.38,-10.27,-0.92
2.0,-0.2,1.55,1.42,-9.31,1.09,0.95,0.36,3.73,-0.01,-16.14,2.7,-0.06,-0.37,3.79,-1.32,-28.75,4.15,-2.24,0.19,1.02,-2.34,-38.77,-1.33,-3.99,1.77,-1.23,-2.38,-33.45,-1.41,-4.34,0.92,-2.32,-1.12,-18.77,7.04,-3.09,-0.16,-0.98,2.32,-2.25,9.72,-2.23,-0.51,-0.32,3.89,4.35,7.59,-1.52,-0.36,0.05,2.65,6.73,-0.34,-0.62,-0.24,1.12,0.59,4.07,-1.47,-0.23,-0.41,1.43,-0.43,-2.22,-2.22,0.16,-0.28,0.76,-1.65,-6.34,-4.03,0.55,-0.17,0.33,-1.59,-8.13,-4.18,0.43,0.09,0.21,-1.01,-9.36,-3.69,0.38,0.06,-0.31,-0.53,-9.6,-3.04,0.53,0.08,-0.37,-0.5,-8.73,-3.85,0.56,0.29,0.11,-0.08,-8.32,-3.24,0.55,-0.03,0.51,0.02,-9.26,-2.35,0.56,0.07,0.27,0.06,-10.16,-3.11,0.34,0.3,0.43,0.0,-10.2,-2.95
1.76,-0.12,-1.36,1.46,-5.82,-1.36,1.93,-0.17,-0.84,1.76,-5.91,-1.38,1.91,0.05,-0.31,1.52,-6.25,-0.7,2.34,-0.36,0.41,1.59,-7.25,0.14,2.68,-0.13,0.9,0.5,-8.36,0.65,2.71,0.21,2.08,-0.62,-13.49,3.75,0.95,0.33,3.91,-1.52,-21.98,5.34,-0.85,0.01,3.58,-1.97,-35.83,4.66,-3.23,0.42,0.07,-2.66,-38.77,1.22,-4.42,1.55,-2.58,-2.77,-31.31,3.89,-4.82,0.58,-3.25,-1.83,-15.86,11.26,-3.8,-0.5,-1.81,-0.51,0.51,8.12,-2.37,-0.15,-1.12,1.94,7.56,5.16,-1.17,-0.34,-0.17,2.57,8.4,0.87,-0.71,-0.21,0.39,1.42,4.47,-2.35,-0.39,0.14,1.32,-0.15,-1.5,-4.04,0.36,0.21,1.2,-0.91,-4.68,-3.74,0.54,0.09,0.92,-1.15,-8.44,-4.58,0.61,0.31,0.19,-0.9,-9.28,-4.71,0.58,0.13,-0.03,-0.16,-9.26,-3.56
2.01,-0.54,2.38,-4.4,-17.5,2.85,-1.16,-0.96,5.35,-8.63,-33.33,3.34,-2.37,1.72,0.4,-8.16,-38.77,0.35,-3.48,2.59,-3.96,-2.44,-18.95,16.68,-4.58,0.43,-2.75,3.74,0.66,13.93,-2.84,0.62,-2.62,2.55,9.61,4.44,-1.82,0.48,-0.99,2.9,11.79,0.72,-0.81,0.48,0.78,1.49,4.51,-3.34,-0.41,0.17,0.74,0.58,-0.98,-3.55,-0.15,-0.16,0.4,-0.71,-3.78,-3.82,0.13,-0.13,0.16,-1.16,-6.02,-5.16,0.45,0.18,-0.18,-0.55,-7.33,-4.57,0.5,0.04,-0.08,-0.03,-7.56,-3.01,0.53,0.1,0.25,0.2,-8.81,-2.78,0.57,0.22,0.25,0.23,-10.0,-2.77,0.55,0.34,0.09,0.24,-10.52,-1.98,0.3,-0.11,0.01,0.52,-11.22,-1.13,0.27,-0.06,-0.12,0.22,-10.57,-2.19,0.15,0.14,0.13,0.24,-10.21,-2.6,0.17,0.15,-0.23,0.59,-9.58,-1.44
-2.45,-0.23,2.64,-3.52,-30.76,-2.91,-2.89,0.81,-0.01,-4.48,-30.63,0.02,-3.36,1.51,-1.23,-3.82,-16.42,5.41,-2.58,1.48,-0.78,-0.38,-1.29,10.08,-1.16,0.92,-1.24,5.83,7.75,7.87,-0.57,0.06,-0.71,4.98,7.64,4.71,-0.22,-0.04,0.5,2.24,2.99,0.61,0.09,-0.32,0.33,-0.95,-2.81,-2.01,0.47,-0.03,0.03,-2.45,-5.25,-4.87,0.73,0.55,-0.07,-2.59,-6.75,-4.76,0.73,0.89,-0.09,-0.97,-7.89,-3.42,0.48,0.54,-0.03,-0.25,-8.55,-1.75,0.42,0.31,-0.08,0.03,-9.34,-1.53,0.33,0.28,0.17,-0.42,-9.95,-2.18,0.49,-0.1,-0.04,-0.01,-10.67,-1.79,0.68,-0.19,0.21,-0.23,-10.83,-2.11,0.41,0.19,0.05,-0.28,-11.33,-1.38,0.31,0.13,-0.22,-0.11,-10.95,-0.87,0.54,-0.04,-0.51,0.29,-9.18,-0.53,0.23,-0.02,-0.18,0.18,-8.94,-0.61
-1.44,-1.88,2.35,-4.83,-30.0,0.7,-3.19,-0.26,1.17,-6.58,-32.07,-2.76,-2.42,1.84,-0.88,-4.95,-21.21,3.3,-3.05,1.08,-1.36,-0.54,-8.16,10.57,-2.39,1.37,-2.78,4.68,-1.03,7.15,-1.8,0.63,-2.13,6.68,8.33,8.36,-0.77,0.06,-0.04,5.17,7.36,0.28,-0.31,0.22,0.89,2.1,2.41,-2.7,-0.23,-0.11,1.24,-0.62,-1.42,-3.24,0.37,0.05,0.64,-1.81,-5.33,-5.1,0.57,0.43,0.84,-1.27,-6.77,-3.82,0.59,0.24,0.62,-0.07,-8.5,-2.11,0.63,0.33,0.25,0.35,-8.71,-1.53,0.21,0.32,0.43,0.23,-9.13,-1.34,0.26,0.28,0.43,0.21,-10.27,-1.44,-0.05,0.6,-0.09,0.67,-9.79,-0.51,-0.08,0.04,0.43,0.27,-10.38,-0.56,0.04,-0.17,0.07,0.1,-11.13,-2.18,0.3,0.55,-0.05,-0.29,-9.44,-2.97,0.06,-0.04,0.25,-0.22,-9.25,-1.49
0.87,-0.75,1.63,-3.19,-19.21,0.02,-1.64,-0.36,2.27,-5.35,-34.82,-2.21,-2.48,0.99,-0.03,-4.94,-38.77,-1.79,-3.26,1.38,-2.06,-2.17,-23.17,10.2,-3.16,0.17,-1.74,2.07,-4.88,11.41,-2.12,1.09,-2.19,3.49,5.78,5.84,-1.23,0.56,-0.9,3.33,10.97,4.77,-0.94,-0.03,0.29,1.67,4.35,0.09,-0.55,-0.15,0.51,0.27,-0.58,-2.3,0.08,-0.04,0.57,-0.04,-3.75,-3.27,0.19,-0.2,0.49,-0.32,-7.03,-3.5,0.34,-0.01,0.32,-0.05,-8.26,-3.85,0.37,0.45,0.39,-0.27,-9.21,-2.68,0.56,0.05,0.32,-0.31,-9.93,-1.31,0.57,0.03,0.05,-0.04,-10.48,-2.29,0.36,0.21,-0.28,0.17,-10.18,-1.91,0.16,0.24,0.27,0.1,-10.47,-1.78,0.26,0.25,0.0,0.22,-10.46,-1.56,0.22,0.09,0.22,0.32,-10.1,-1.76,0.31,0.31,0.01,0.21,-10.33,-1.68
-0.72,-0.3,2.24,0.47,-26.57,0.21,-2.54,-0.16,2.6,0.25,-33.05,0.47,-3.46,-0.19,0.72,0.11,-32.38,2.29,-3.29,-0.25,1.18,-0.25,-14.31,8.22,-3.11,0.04,1.06,0.33,-6.26,6.48,-3.02,1.19,-1.5,1.69,-2.46,4.5,-1.06,0.42,-1.38,1.59,7.53,1.88,-0.56,0.41,-0.36,2.53,5.56,-0.28,-0.17,0.16,0.11,2.0,3.15,-0.27,0.1,0.17,0.58,0.11,-1.87,-2.89,0.19,0.32,0.76,-0.54,-3.52,-3.68,0.39,0.26,0.95,-0.93,-5.76,-3.32,0.53,-0.08,0.05,-1.01,-8.69,-3.22,0.65,0.13,-0.37,-0.94,-8.83,-3.74,0.7,0.03,0.29,-0.73,-7.96,-2.14,0.79,-0.31,0.06,-0.84,-10.53,-2.9,0.56,0.25,0.01,-0.96,-10.27,-2.82,0.63,0.13,0.16,-0.51,-9.85,-1.75,0.36,0.02,0.24,-0.87,-10.41,-2.17,0.25,0.14,-0.09,-0.28,-10.45,-1.52
1.2,-0.2,1.62,0.9,-16.89,3.56,0.51,-0.82,1.69,0.89,-23.16,4.52,-0.57,-0.31,1.71,0.42,-27.96,2.73,-2.68,-1.22,2.43,-0.42,-31.92,4.64,-3.9,0.21,1.34,-1.57,-30.51,-1.53,-3.72,1.36,0.45,-1.52,-19.41,7.53,-4.3,0.85,-1.03,1.5,-5.37,8.51,-2.78,1.72,-2.54,0.75,4.58,5.19,-2.32,1.04,-0.94,0.43,9.8,4.06,-0.47,0.41,-0.45,1.74,6.49,-1.12,0.18,0.39,0.18,0.75,3.15,-2.89,0.27,-0.02,0.95,0.57,0.08,-3.1,0.52,-0.06,1.21,-0.65,-5.83,-4.67,0.55,-0.01,0.88,-0.9,-8.62,-4.18,0.31,0.1,0.43,-1.0,-10.86,-4.27,0.52,0.07,-0.09,0.03,-9.99,-2.79,0.34,0.17,-0.3,0.31,-8.1,-2.81,0.04,0.11,0.15,0.14,-7.98,-2.46,0.3,0.13,-0.03,0.42,-9.28,-1.76,-0.2,0.15,-0.09,0.68,-8.91,-1.81
-0.1,-1.25,3.16,-1.24,-26.61,2.49,-1.64,-1.42,2.51,-4.68,-35.69,-4.94,-2.74,1.58,1.53,-6.07,-34.35,-7.86,-2.72,1.9,-0.08,-0.77,-15.78,10.51,-2.69,1.71,-0.89,6.06,-0.45,9.94,-2.26,1.56,-1.02,6.29,9.37,8.51,-1.19,0.45,-0.15,3.71,5.49,3.0,-0.57,0.46,-0.13,0.99,1.15,-1.17,-0.25,0.13,0.09,0.05,-0.21,-1.02,0.03,-0.14,0.23,-0.88,-4.05,-2.96,0.15,0.08,-0.01,-1.53,-6.24,-4.32,0.09,0.03,-0.19,-1.16,-6.99,-2.83,0.4,-0.15,-0.06,-0.33,-6.58,-2.9,0.34,0.03,0.37,-0.02,-6.97,-2.85,0.46,0.18,0.22,0.27,-8.96,-2.91,0.63,-0.01,-0.04,0.44,-10.88,-1.59,0.71,-0.31,-0.19,0.64,-10.87,-1.45,0.34,-0.52,-0.1,0.16,-10.9,-1.66,0.41,-0.08,-0.53,0.0,-11.06,-2.9,0.26,-0.1,-0.39,0.03,-10.12,-1.79
-2.96,0.31,1.99,0.45,-27.05,0.29,-3.92,0.52,0.9,0.04,-26.73,1.08,-3.53,1.12,0.18,-1.34,-11.51,5.14,-3.36,1.31,-1.3,-0.39,-2.82,6.97,-2.66,1.62,-1.03,1.34,8.59,5.79,-1.6,1.2,0.14,3.9,5.94,3.97,-0.69,0.52,-0.15,3.26,2.03,2.95,-0.15,0.13,-0.34,1.47,-0.58,0.59,0.32,-0.8,-0.23,-0.99,-3.32,-2.15,0.36,-0.79,-0.05,-1.98,-5.69,-5.32,0.68,0.16,0.03,-1.12,-7.19,-6.19,0.72,-0.42,-0.3,-0.58,-9.04,-1.88,0.68,-0.66,-0.39,-0.54,-8.87,-4.9,0.64,0.19,0.12,0.2,-8.86,-3.58,0.63,0.0,0.44,0.65,-10.27,-1.79,0.47,-0.09,0.28,0.9,-12.01,-2.46,0.32,0.02,-0.18,0.44,-12.04,-3.08,0.29,0.43,-0.35,0.44,-10.96,-3.36,0.03,0.28,-0.17,0.67,-9.8,-2.4,0.01,0.19,0.05,0.93,-9.53,-2.12
